experiment_id,domain,aggregation,attack_id,adversarial_fraction,seed,clean_auroc,attacked_auroc,abs_degradation,rel_degradation,worst_client_auroc,runtime_ms
P2-E3,clinical-sim,fedavg,sign-flip-5,0.1,20260000,0.821075,0.731002,0.090072,0.280534,0.420289,31
P2-E3,clinical-sim,fedavg,sign-flip-5,0.1,20260101,0.7863,0.525826,0.260474,0.909794,0.298862,30
P2-E3,clinical-sim,fedavg,sign-flip-5,0.1,20260202,0.810367,0.539255,0.271111,0.873519,0.332377,30
P2-E3,clinical-sim,fedavg,sign-flip-5,0.1,20260303,0.79908,0.47592,0.323161,1.080515,0.20894,33
P2-E3,clinical-sim,fedavg,sign-flip-5,0.1,20260404,0.75587,0.725395,0.030475,0.119103,0.456027,31
P2-E3,clinical-sim,fedavg,sign-flip-5,0.1,20260505,0.815793,0.519407,0.296386,0.938545,0.171947,30
P2-E3,clinical-sim,fedavg,sign-flip-5,0.1,20260606,0.775435,0.670801,0.104634,0.379886,0.433013,31
P2-E3,clinical-sim,fedavg,sign-flip-5,0.1,20260707,0.817994,0.514777,0.303217,0.953532,0.169025,30
P2-E3,clinical-sim,fedavg,sign-flip-5,0.1,20260808,0.803279,0.565596,0.237683,0.78371,0.207734,33
P2-E3,clinical-sim,fedavg,sign-flip-5,0.1,20260909,0.773178,0.45623,0.316948,1.160226,0.243281,31
P2-E3,clinical-sim,fedavg,sign-flip-5,0.1,20261010,0.79857,0.483281,0.31529,1.055998,0.32708,31
P2-E3,clinical-sim,fedavg,sign-flip-5,0.1,20261111,0.784578,0.586542,0.198036,0.695893,0.187816,30
P2-E3,clinical-sim,fedavg,sign-flip-5,0.1,20261212,0.822766,0.441839,0.380927,1.180196,0.199311,31
P2-E3,clinical-sim,fedavg,sign-flip-5,0.1,20261313,0.817373,0.469809,0.347564,1.095128,0.363717,31
P2-E3,clinical-sim,fedavg,sign-flip-5,0.1,20261414,0.770017,0.467438,0.302579,1.120591,0.190632,30
P2-E3,clinical-sim,fedavg,sign-flip-5,0.1,20261515,0.821934,0.654652,0.167282,0.519615,0.427081,31
P2-E3,clinical-sim,fedavg,sign-flip-5,0.1,20261616,0.808689,0.475579,0.333111,1.079113,0.20994,32
P2-E3,clinical-sim,fedavg,sign-flip-5,0.1,20261717,0.8157,0.437357,0.378343,1.198426,0.195069,34
P2-E3,clinical-sim,fedavg,sign-flip-5,0.1,20261818,0.815326,0.381751,0.433575,1.375006,0.28692,30
P2-E3,clinical-sim,fedavg,sign-flip-5,0.1,20261919,0.801767,0.589684,0.212083,0.702803,0.328293,28
P2-E3,clinical-sim,fedavg,sign-flip-5,0.2,20260000,0.821075,0.474604,0.346471,1.079097,0.157295,30
P2-E3,clinical-sim,fedavg,sign-flip-5,0.2,20260101,0.7863,0.392868,0.393432,1.374194,0.162184,30
P2-E3,clinical-sim,fedavg,sign-flip-5,0.2,20260202,0.810367,0.36308,0.447287,1.441155,0.161573,30
P2-E3,clinical-sim,fedavg,sign-flip-5,0.2,20260303,0.79908,0.50703,0.29205,0.976494,0.289855,31
P2-E3,clinical-sim,fedavg,sign-flip-5,0.2,20260404,0.75587,0.385773,0.370097,1.446428,0.121763,31
P2-E3,clinical-sim,fedavg,sign-flip-5,0.2,20260505,0.815793,0.538791,0.277002,0.877162,0.228127,29
P2-E3,clinical-sim,fedavg,sign-flip-5,0.2,20260606,0.775435,0.402146,0.373288,1.35527,0.131899,31
P2-E3,clinical-sim,fedavg,sign-flip-5,0.2,20260707,0.817994,0.339758,0.478236,1.503914,0.139596,33
P2-E3,clinical-sim,fedavg,sign-flip-5,0.2,20260808,0.803279,0.423038,0.380241,1.253766,0.140425,31
P2-E3,clinical-sim,fedavg,sign-flip-5,0.2,20260909,0.773178,0.236683,0.536494,1.963903,0.194101,31
P2-E3,clinical-sim,fedavg,sign-flip-5,0.2,20261010,0.79857,0.602567,0.196003,0.656472,0.357261,28
P2-E3,clinical-sim,fedavg,sign-flip-5,0.2,20261111,0.784578,0.301381,0.483197,1.697944,0.150086,31
P2-E3,clinical-sim,fedavg,sign-flip-5,0.2,20261212,0.822766,0.3268,0.495966,1.536613,0.12733,30
P2-E3,clinical-sim,fedavg,sign-flip-5,0.2,20261313,0.817373,0.360229,0.457144,1.440399,0.220945,30
P2-E3,clinical-sim,fedavg,sign-flip-5,0.2,20261414,0.770017,0.424435,0.345582,1.279854,0.205709,30
P2-E3,clinical-sim,fedavg,sign-flip-5,0.2,20261515,0.821934,0.586346,0.235588,0.731789,0.473333,28
P2-E3,clinical-sim,fedavg,sign-flip-5,0.2,20261616,0.808689,0.584482,0.224208,0.726322,0.362058,26
P2-E3,clinical-sim,fedavg,sign-flip-5,0.2,20261717,0.8157,0.523691,0.292009,0.924958,0.312434,27
P2-E3,clinical-sim,fedavg,sign-flip-5,0.2,20261818,0.815326,0.343829,0.471497,1.49527,0.286371,31
P2-E3,clinical-sim,fedavg,sign-flip-5,0.2,20261919,0.801767,0.443898,0.357869,1.185912,0.411136,28
P2-E3,clinical-sim,fedavg,sign-flip-5,0.3,20260000,0.821075,0.256371,0.564704,1.758794,0.11662,31
P2-E3,clinical-sim,fedavg,sign-flip-5,0.3,20260101,0.7863,0.430415,0.355886,1.24305,0.183342,29
P2-E3,clinical-sim,fedavg,sign-flip-5,0.3,20260202,0.810367,0.410702,0.399665,1.287719,0.251325,31
P2-E3,clinical-sim,fedavg,sign-flip-5,0.3,20260303,0.79908,0.629285,0.169795,0.567725,0.27587,29
P2-E3,clinical-sim,fedavg,sign-flip-5,0.3,20260404,0.75587,0.460326,0.295543,1.155054,0.116808,30
P2-E3,clinical-sim,fedavg,sign-flip-5,0.3,20260505,0.815793,0.557643,0.25815,0.817465,0.294207,27
P2-E3,clinical-sim,fedavg,sign-flip-5,0.3,20260606,0.775435,0.422067,0.353368,1.282947,0.137134,29
P2-E3,clinical-sim,fedavg,sign-flip-5,0.3,20260707,0.817994,0.297302,0.520692,1.637427,0.139394,31
P2-E3,clinical-sim,fedavg,sign-flip-5,0.3,20260808,0.803279,0.457565,0.345714,1.139919,0.142032,30
P2-E3,clinical-sim,fedavg,sign-flip-5,0.3,20260909,0.773178,0.286584,0.486593,1.781234,0.164363,30
P2-E3,clinical-sim,fedavg,sign-flip-5,0.3,20261010,0.79857,0.381114,0.417457,1.398186,0.279865,30
P2-E3,clinical-sim,fedavg,sign-flip-5,0.3,20261111,0.784578,0.329607,0.454971,1.598758,0.137009,29
P2-E3,clinical-sim,fedavg,sign-flip-5,0.3,20261212,0.822766,0.372292,0.450473,1.395667,0.135441,29
P2-E3,clinical-sim,fedavg,sign-flip-5,0.3,20261313,0.817373,0.361357,0.456016,1.436844,0.232531,29
P2-E3,clinical-sim,fedavg,sign-flip-5,0.3,20261414,0.770017,0.360805,0.409212,1.515504,0.216181,30
P2-E3,clinical-sim,fedavg,sign-flip-5,0.3,20261515,0.821934,0.590937,0.230997,0.717528,0.465931,27
P2-E3,clinical-sim,fedavg,sign-flip-5,0.3,20261616,0.808689,0.465447,0.343243,1.111936,0.174585,32
P2-E3,clinical-sim,fedavg,sign-flip-5,0.3,20261717,0.8157,0.456078,0.359622,1.139126,0.268133,30
P2-E3,clinical-sim,fedavg,sign-flip-5,0.3,20261818,0.815326,0.376453,0.438873,1.391809,0.303965,30
P2-E3,clinical-sim,fedavg,sign-flip-5,0.3,20261919,0.801767,0.58751,0.214257,0.710008,0.349561,27
P2-E3,clinical-sim,fedavg,scale-10,0.1,20260000,0.821075,0.811172,0.009903,0.030843,0.511452,31
P2-E3,clinical-sim,fedavg,scale-10,0.1,20260101,0.7863,0.766593,0.019707,0.068834,0.595176,30
P2-E3,clinical-sim,fedavg,scale-10,0.1,20260202,0.810367,0.801148,0.009219,0.029704,0.489191,30
P2-E3,clinical-sim,fedavg,scale-10,0.1,20260303,0.79908,0.800477,-0.001397,-0.004671,0.562483,32
P2-E3,clinical-sim,fedavg,scale-10,0.1,20260404,0.75587,0.720134,0.035736,0.139664,0.569775,32
P2-E3,clinical-sim,fedavg,scale-10,0.1,20260505,0.815793,0.760017,0.055776,0.176623,0.543324,31
P2-E3,clinical-sim,fedavg,scale-10,0.1,20260606,0.775435,0.740777,0.034658,0.125829,0.530814,31
P2-E3,clinical-sim,fedavg,scale-10,0.1,20260707,0.817994,0.794353,0.023641,0.074344,0.507308,31
P2-E3,clinical-sim,fedavg,scale-10,0.1,20260808,0.803279,0.803396,-0.000117,-0.000386,0.479693,31
P2-E3,clinical-sim,fedavg,scale-10,0.1,20260909,0.773178,0.794686,-0.021509,-0.078735,0.5275,30
P2-E3,clinical-sim,fedavg,scale-10,0.1,20261010,0.79857,0.798526,0.000045,0.000149,0.476597,30
P2-E3,clinical-sim,fedavg,scale-10,0.1,20261111,0.784578,0.803246,-0.018668,-0.065599,0.548571,30
P2-E3,clinical-sim,fedavg,scale-10,0.1,20261212,0.822766,0.818491,0.004275,0.013244,0.510542,30
P2-E3,clinical-sim,fedavg,scale-10,0.1,20261313,0.817373,0.821469,-0.004096,-0.012906,0.550054,30
P2-E3,clinical-sim,fedavg,scale-10,0.1,20261414,0.770017,0.753628,0.016389,0.060696,0.452598,30
P2-E3,clinical-sim,fedavg,scale-10,0.1,20261515,0.821934,0.803907,0.018027,0.055997,0.545923,31
P2-E3,clinical-sim,fedavg,scale-10,0.1,20261616,0.808689,0.802371,0.006318,0.020467,0.525002,31
P2-E3,clinical-sim,fedavg,scale-10,0.1,20261717,0.8157,0.801125,0.014575,0.046168,0.471564,31
P2-E3,clinical-sim,fedavg,scale-10,0.1,20261818,0.815326,0.815079,0.000246,0.000781,0.554503,31
P2-E3,clinical-sim,fedavg,scale-10,0.1,20261919,0.801767,0.818626,-0.01686,-0.05587,0.564573,31
P2-E3,clinical-sim,fedavg,scale-10,0.2,20260000,0.821075,0.685831,0.135244,0.421222,0.248414,30
P2-E3,clinical-sim,fedavg,scale-10,0.2,20260101,0.7863,0.57687,0.209431,0.731507,0.26967,31
P2-E3,clinical-sim,fedavg,scale-10,0.2,20260202,0.810367,0.597585,0.212781,0.68558,0.33617,31
P2-E3,clinical-sim,fedavg,scale-10,0.2,20260303,0.79908,0.689849,0.109231,0.365223,0.2481,32
P2-E3,clinical-sim,fedavg,scale-10,0.2,20260404,0.75587,0.577208,0.178661,0.698252,0.158259,32
P2-E3,clinical-sim,fedavg,scale-10,0.2,20260505,0.815793,0.72111,0.094683,0.299826,0.454724,31
P2-E3,clinical-sim,fedavg,scale-10,0.2,20260606,0.775435,0.52236,0.253075,0.91882,0.14309,31
P2-E3,clinical-sim,fedavg,scale-10,0.2,20260707,0.817994,0.588636,0.229358,0.721265,0.454933,30
P2-E3,clinical-sim,fedavg,scale-10,0.2,20260808,0.803279,0.633017,0.170262,0.561404,0.216764,31
P2-E3,clinical-sim,fedavg,scale-10,0.2,20260909,0.773178,0.741781,0.031396,0.114929,0.514423,31
P2-E3,clinical-sim,fedavg,scale-10,0.2,20261010,0.79857,0.657231,0.141339,0.473387,0.306939,31
P2-E3,clinical-sim,fedavg,scale-10,0.2,20261111,0.784578,0.581917,0.202661,0.712146,0.243333,31
P2-E3,clinical-sim,fedavg,scale-10,0.2,20261212,0.822766,0.587633,0.235133,0.728493,0.18895,31
P2-E3,clinical-sim,fedavg,scale-10,0.2,20261313,0.817373,0.718337,0.099036,0.31205,0.356139,30
P2-E3,clinical-sim,fedavg,scale-10,0.2,20261414,0.770017,0.602203,0.167814,0.621496,0.42533,30
P2-E3,clinical-sim,fedavg,scale-10,0.2,20261515,0.821934,0.702505,0.119429,0.370975,0.487648,31
P2-E3,clinical-sim,fedavg,scale-10,0.2,20261616,0.808689,0.666087,0.142602,0.461961,0.268854,31
P2-E3,clinical-sim,fedavg,scale-10,0.2,20261717,0.8157,0.687923,0.127776,0.40474,0.445382,31
P2-E3,clinical-sim,fedavg,scale-10,0.2,20261818,0.815326,0.704393,0.110932,0.351802,0.393665,30
P2-E3,clinical-sim,fedavg,scale-10,0.2,20261919,0.801767,0.5672,0.234567,0.777313,0.251337,31
P2-E3,clinical-sim,fedavg,scale-10,0.3,20260000,0.821075,0.714229,0.106846,0.332776,0.323954,30
P2-E3,clinical-sim,fedavg,scale-10,0.3,20260101,0.7863,0.53925,0.24705,0.862905,0.205544,30
P2-E3,clinical-sim,fedavg,scale-10,0.3,20260202,0.810367,0.563782,0.246585,0.794496,0.332519,30
P2-E3,clinical-sim,fedavg,scale-10,0.3,20260303,0.79908,0.757841,0.04124,0.137888,0.407719,31
P2-E3,clinical-sim,fedavg,scale-10,0.3,20260404,0.75587,0.537094,0.218776,0.855029,0.112679,31
P2-E3,clinical-sim,fedavg,scale-10,0.3,20260505,0.815793,0.742824,0.072969,0.231066,0.477747,31
P2-E3,clinical-sim,fedavg,scale-10,0.3,20260606,0.775435,0.50969,0.265745,0.964821,0.134733,33
P2-E3,clinical-sim,fedavg,scale-10,0.3,20260707,0.817994,0.619945,0.198049,0.622808,0.482243,30
P2-E3,clinical-sim,fedavg,scale-10,0.3,20260808,0.803279,0.660771,0.142508,0.469891,0.238368,30
P2-E3,clinical-sim,fedavg,scale-10,0.3,20260909,0.773178,0.491183,0.281995,1.032276,0.294718,31
P2-E3,clinical-sim,fedavg,scale-10,0.3,20261010,0.79857,0.6979,0.10067,0.337175,0.335907,31
P2-E3,clinical-sim,fedavg,scale-10,0.3,20261111,0.784578,0.622185,0.162393,0.570644,0.345103,31
P2-E3,clinical-sim,fedavg,scale-10,0.3,20261212,0.822766,0.614938,0.207827,0.643895,0.251465,29
P2-E3,clinical-sim,fedavg,scale-10,0.3,20261313,0.817373,0.733605,0.083768,0.263941,0.405537,30
P2-E3,clinical-sim,fedavg,scale-10,0.3,20261414,0.770017,0.592705,0.177312,0.65667,0.264557,30
P2-E3,clinical-sim,fedavg,scale-10,0.3,20261515,0.821934,0.726425,0.095509,0.296672,0.500407,30
P2-E3,clinical-sim,fedavg,scale-10,0.3,20261616,0.808689,0.604379,0.20431,0.661864,0.264551,31
P2-E3,clinical-sim,fedavg,scale-10,0.3,20261717,0.8157,0.630337,0.185363,0.58715,0.285552,30
P2-E3,clinical-sim,fedavg,scale-10,0.3,20261818,0.815326,0.649865,0.16546,0.524729,0.418341,31
P2-E3,clinical-sim,fedavg,scale-10,0.3,20261919,0.801767,0.617161,0.184606,0.611751,0.226538,30
P2-E3,clinical-sim,fedavg,constant-5,0.1,20260000,0.821075,0.732899,0.088175,0.274626,0.547053,31
P2-E3,clinical-sim,fedavg,constant-5,0.1,20260101,0.7863,0.701263,0.085038,0.297022,0.551095,29
P2-E3,clinical-sim,fedavg,constant-5,0.1,20260202,0.810367,0.701282,0.109084,0.35147,0.513238,29
P2-E3,clinical-sim,fedavg,constant-5,0.1,20260303,0.79908,0.71938,0.0797,0.266485,0.53978,30
P2-E3,clinical-sim,fedavg,constant-5,0.1,20260404,0.75587,0.697615,0.058255,0.227674,0.577422,29
P2-E3,clinical-sim,fedavg,constant-5,0.1,20260505,0.815793,0.741724,0.074069,0.23455,0.497736,31
P2-E3,clinical-sim,fedavg,constant-5,0.1,20260606,0.775435,0.703228,0.072206,0.262155,0.522756,30
P2-E3,clinical-sim,fedavg,constant-5,0.1,20260707,0.817994,0.716903,0.101091,0.317901,0.460913,31
P2-E3,clinical-sim,fedavg,constant-5,0.1,20260808,0.803279,0.722598,0.080681,0.266028,0.515516,32
P2-E3,clinical-sim,fedavg,constant-5,0.1,20260909,0.773178,0.665731,0.107446,0.39332,0.469669,31
P2-E3,clinical-sim,fedavg,constant-5,0.1,20261010,0.79857,0.725294,0.073276,0.245422,0.479718,31
P2-E3,clinical-sim,fedavg,constant-5,0.1,20261111,0.784578,0.703964,0.080614,0.283276,0.53558,30
P2-E3,clinical-sim,fedavg,constant-5,0.1,20261212,0.822766,0.694183,0.128583,0.398378,0.546331,35
P2-E3,clinical-sim,fedavg,constant-5,0.1,20261313,0.817373,0.70451,0.112863,0.355616,0.572244,31
P2-E3,clinical-sim,fedavg,constant-5,0.1,20261414,0.770017,0.685076,0.084941,0.314577,0.46359,31
P2-E3,clinical-sim,fedavg,constant-5,0.1,20261515,0.821934,0.745644,0.076289,0.236972,0.538232,31
P2-E3,clinical-sim,fedavg,constant-5,0.1,20261616,0.808689,0.708235,0.100454,0.325421,0.422677,30
P2-E3,clinical-sim,fedavg,constant-5,0.1,20261717,0.8157,0.71715,0.098549,0.312162,0.48413,31
P2-E3,clinical-sim,fedavg,constant-5,0.1,20261818,0.815326,0.754896,0.06043,0.191643,0.546253,32
P2-E3,clinical-sim,fedavg,constant-5,0.1,20261919,0.801767,0.673197,0.12857,0.426057,0.473905,29
P2-E3,clinical-sim,fedavg,constant-5,0.2,20260000,0.821075,0.684411,0.136664,0.425644,0.531516,29
P2-E3,clinical-sim,fedavg,constant-5,0.2,20260101,0.7863,0.64831,0.13799,0.481976,0.527978,28
P2-E3,clinical-sim,fedavg,constant-5,0.2,20260202,0.810367,0.650882,0.159485,0.513858,0.462764,28
P2-E3,clinical-sim,fedavg,constant-5,0.2,20260303,0.79908,0.68732,0.11176,0.373678,0.517447,28
P2-E3,clinical-sim,fedavg,constant-5,0.2,20260404,0.75587,0.651813,0.104057,0.40668,0.538277,27
P2-E3,clinical-sim,fedavg,constant-5,0.2,20260505,0.815793,0.698965,0.116828,0.369951,0.477983,29
P2-E3,clinical-sim,fedavg,constant-5,0.2,20260606,0.775435,0.648999,0.126436,0.45904,0.549654,29
P2-E3,clinical-sim,fedavg,constant-5,0.2,20260707,0.817994,0.652373,0.16562,0.520829,0.464375,29
P2-E3,clinical-sim,fedavg,constant-5,0.2,20260808,0.803279,0.666837,0.136442,0.44989,0.491296,28
P2-E3,clinical-sim,fedavg,constant-5,0.2,20260909,0.773178,0.63263,0.140548,0.514492,0.473936,39
P2-E3,clinical-sim,fedavg,constant-5,0.2,20261010,0.79857,0.675893,0.122677,0.410882,0.472595,28
P2-E3,clinical-sim,fedavg,constant-5,0.2,20261111,0.784578,0.654836,0.129741,0.455908,0.535472,29
P2-E3,clinical-sim,fedavg,constant-5,0.2,20261212,0.822766,0.654026,0.16874,0.522793,0.535517,29
P2-E3,clinical-sim,fedavg,constant-5,0.2,20261313,0.817373,0.66383,0.153543,0.483793,0.549022,29
P2-E3,clinical-sim,fedavg,constant-5,0.2,20261414,0.770017,0.634934,0.135083,0.500275,0.445661,28
P2-E3,clinical-sim,fedavg,constant-5,0.2,20261515,0.821934,0.691228,0.130706,0.406004,0.525201,29
P2-E3,clinical-sim,fedavg,constant-5,0.2,20261616,0.808689,0.65803,0.150659,0.488061,0.398335,27
P2-E3,clinical-sim,fedavg,constant-5,0.2,20261717,0.8157,0.660407,0.155292,0.491899,0.45912,29
P2-E3,clinical-sim,fedavg,constant-5,0.2,20261818,0.815326,0.697848,0.117478,0.37256,0.548316,28
P2-E3,clinical-sim,fedavg,constant-5,0.2,20261919,0.801767,0.6285,0.173267,0.574174,0.474679,28
P2-E3,clinical-sim,fedavg,constant-5,0.3,20260000,0.821075,0.666459,0.154616,0.481557,0.520153,27
P2-E3,clinical-sim,fedavg,constant-5,0.3,20260101,0.7863,0.62094,0.16536,0.577576,0.519101,29
P2-E3,clinical-sim,fedavg,constant-5,0.3,20260202,0.810367,0.63071,0.179657,0.578853,0.454389,27
P2-E3,clinical-sim,fedavg,constant-5,0.3,20260303,0.79908,0.671832,0.127248,0.425464,0.512985,27
P2-E3,clinical-sim,fedavg,constant-5,0.3,20260404,0.75587,0.638947,0.116922,0.456961,0.557292,27
P2-E3,clinical-sim,fedavg,constant-5,0.3,20260505,0.815793,0.670044,0.145749,0.461532,0.468972,29
P2-E3,clinical-sim,fedavg,constant-5,0.3,20260606,0.775435,0.629326,0.146109,0.530467,0.548973,29
P2-E3,clinical-sim,fedavg,constant-5,0.3,20260707,0.817994,0.62764,0.190354,0.598608,0.491141,28
P2-E3,clinical-sim,fedavg,constant-5,0.3,20260808,0.803279,0.637671,0.165609,0.54606,0.481793,27
P2-E3,clinical-sim,fedavg,constant-5,0.3,20260909,0.773178,0.621679,0.151499,0.55458,0.473608,25
P2-E3,clinical-sim,fedavg,constant-5,0.3,20261010,0.79857,0.648603,0.149967,0.502285,0.462624,28
P2-E3,clinical-sim,fedavg,constant-5,0.3,20261111,0.784578,0.638755,0.145822,0.512417,0.522499,27
P2-E3,clinical-sim,fedavg,constant-5,0.3,20261212,0.822766,0.62565,0.197116,0.610708,0.528007,27
P2-E3,clinical-sim,fedavg,constant-5,0.3,20261313,0.817373,0.644474,0.172899,0.544782,0.54077,27
P2-E3,clinical-sim,fedavg,constant-5,0.3,20261414,0.770017,0.619764,0.150253,0.556456,0.473082,28
P2-E3,clinical-sim,fedavg,constant-5,0.3,20261515,0.821934,0.658642,0.163291,0.50722,0.514071,28
P2-E3,clinical-sim,fedavg,constant-5,0.3,20261616,0.808689,0.634078,0.174612,0.565655,0.415528,27
P2-E3,clinical-sim,fedavg,constant-5,0.3,20261717,0.8157,0.628828,0.186872,0.591929,0.465348,27
P2-E3,clinical-sim,fedavg,constant-5,0.3,20261818,0.815326,0.672117,0.143209,0.454162,0.525652,28
P2-E3,clinical-sim,fedavg,constant-5,0.3,20261919,0.801767,0.612214,0.189553,0.628144,0.453165,26
P2-E3,clinical-sim,fedavg,gaussian-5,0.1,20260000,0.821075,0.634158,0.186916,0.582158,0.43244,30
P2-E3,clinical-sim,fedavg,gaussian-5,0.1,20260101,0.7863,0.618205,0.168095,0.587128,0.539703,35
P2-E3,clinical-sim,fedavg,gaussian-5,0.1,20260202,0.810367,0.650924,0.159443,0.513724,0.52857,30
P2-E3,clinical-sim,fedavg,gaussian-5,0.1,20260303,0.79908,0.640238,0.158842,0.531102,0.517959,31
P2-E3,clinical-sim,fedavg,gaussian-5,0.1,20260404,0.75587,0.628923,0.126947,0.496139,0.521991,31
P2-E3,clinical-sim,fedavg,gaussian-5,0.1,20260505,0.815793,0.652663,0.16313,0.516571,0.468932,38
P2-E3,clinical-sim,fedavg,gaussian-5,0.1,20260606,0.775435,0.600846,0.174589,0.633868,0.442061,31
P2-E3,clinical-sim,fedavg,gaussian-5,0.1,20260707,0.817994,0.663637,0.154357,0.485409,0.506635,31
P2-E3,clinical-sim,fedavg,gaussian-5,0.1,20260808,0.803279,0.652443,0.150836,0.49735,0.434291,31
P2-E3,clinical-sim,fedavg,gaussian-5,0.1,20260909,0.773178,0.600287,0.172891,0.632888,0.414904,31
P2-E3,clinical-sim,fedavg,gaussian-5,0.1,20261010,0.79857,0.645641,0.152929,0.512204,0.447582,29
P2-E3,clinical-sim,fedavg,gaussian-5,0.1,20261111,0.784578,0.637887,0.146691,0.515468,0.505991,30
P2-E3,clinical-sim,fedavg,gaussian-5,0.1,20261212,0.822766,0.66153,0.161236,0.499545,0.519681,30
P2-E3,clinical-sim,fedavg,gaussian-5,0.1,20261313,0.817373,0.648934,0.168439,0.530728,0.440024,33
P2-E3,clinical-sim,fedavg,gaussian-5,0.1,20261414,0.770017,0.6331,0.136916,0.507066,0.491993,31
P2-E3,clinical-sim,fedavg,gaussian-5,0.1,20261515,0.821934,0.614982,0.206952,0.642841,0.551821,31
P2-E3,clinical-sim,fedavg,gaussian-5,0.1,20261616,0.808689,0.645445,0.163245,0.528831,0.478383,31
P2-E3,clinical-sim,fedavg,gaussian-5,0.1,20261717,0.8157,0.646792,0.168908,0.535028,0.479711,31
P2-E3,clinical-sim,fedavg,gaussian-5,0.1,20261818,0.815326,0.636729,0.178596,0.566387,0.503323,33
P2-E3,clinical-sim,fedavg,gaussian-5,0.1,20261919,0.801767,0.628244,0.173523,0.575022,0.430871,33
P2-E3,clinical-sim,fedavg,gaussian-5,0.2,20260000,0.821075,0.576541,0.244533,0.761609,0.418938,32
P2-E3,clinical-sim,fedavg,gaussian-5,0.2,20260101,0.7863,0.564443,0.221858,0.774913,0.49642,29
P2-E3,clinical-sim,fedavg,gaussian-5,0.2,20260202,0.810367,0.586623,0.223744,0.720902,0.491436,31
P2-E3,clinical-sim,fedavg,gaussian-5,0.2,20260303,0.79908,0.582426,0.216654,0.724401,0.456792,31
P2-E3,clinical-sim,fedavg,gaussian-5,0.2,20260404,0.75587,0.567317,0.188552,0.736908,0.514136,30
P2-E3,clinical-sim,fedavg,gaussian-5,0.2,20260505,0.815793,0.593359,0.222434,0.704365,0.438206,37
P2-E3,clinical-sim,fedavg,gaussian-5,0.2,20260606,0.775435,0.549354,0.22608,0.820813,0.421544,31
P2-E3,clinical-sim,fedavg,gaussian-5,0.2,20260707,0.817994,0.598785,0.219209,0.68935,0.447991,30
P2-E3,clinical-sim,fedavg,gaussian-5,0.2,20260808,0.803279,0.584896,0.218384,0.720074,0.420139,31
P2-E3,clinical-sim,fedavg,gaussian-5,0.2,20260909,0.773178,0.548239,0.224938,0.823415,0.409904,30
P2-E3,clinical-sim,fedavg,gaussian-5,0.2,20261010,0.79857,0.583434,0.215136,0.720555,0.431198,30
P2-E3,clinical-sim,fedavg,gaussian-5,0.2,20261111,0.784578,0.577671,0.206907,0.727067,0.444725,31
P2-E3,clinical-sim,fedavg,gaussian-5,0.2,20261212,0.822766,0.592215,0.230551,0.714297,0.498834,30
P2-E3,clinical-sim,fedavg,gaussian-5,0.2,20261313,0.817373,0.585597,0.231777,0.730297,0.421456,32
P2-E3,clinical-sim,fedavg,gaussian-5,0.2,20261414,0.770017,0.58194,0.188077,0.696537,0.483987,30
P2-E3,clinical-sim,fedavg,gaussian-5,0.2,20261515,0.821934,0.546861,0.275073,0.854438,0.503314,30
P2-E3,clinical-sim,fedavg,gaussian-5,0.2,20261616,0.808689,0.58217,0.22652,0.733811,0.459838,31
P2-E3,clinical-sim,fedavg,gaussian-5,0.2,20261717,0.8157,0.584398,0.231301,0.732663,0.436608,30
P2-E3,clinical-sim,fedavg,gaussian-5,0.2,20261818,0.815326,0.573616,0.24171,0.76654,0.469534,34
P2-E3,clinical-sim,fedavg,gaussian-5,0.2,20261919,0.801767,0.583529,0.218237,0.723199,0.393729,30
P2-E3,clinical-sim,fedavg,gaussian-5,0.3,20260000,0.821075,0.538132,0.282943,0.881237,0.39271,31
P2-E3,clinical-sim,fedavg,gaussian-5,0.3,20260101,0.7863,0.525731,0.26057,0.910127,0.468324,30
P2-E3,clinical-sim,fedavg,gaussian-5,0.3,20260202,0.810367,0.557895,0.252472,0.813462,0.470037,30
P2-E3,clinical-sim,fedavg,gaussian-5,0.3,20260303,0.79908,0.552932,0.246148,0.823017,0.448058,33
P2-E3,clinical-sim,fedavg,gaussian-5,0.3,20260404,0.75587,0.545108,0.210761,0.823705,0.486353,32
P2-E3,clinical-sim,fedavg,gaussian-5,0.3,20260505,0.815793,0.553413,0.26238,0.83086,0.421859,31
P2-E3,clinical-sim,fedavg,gaussian-5,0.3,20260606,0.775435,0.515885,0.259549,0.942327,0.413235,32
P2-E3,clinical-sim,fedavg,gaussian-5,0.3,20260707,0.817994,0.560504,0.25749,0.809733,0.382761,32
P2-E3,clinical-sim,fedavg,gaussian-5,0.3,20260808,0.803279,0.554718,0.248561,0.819578,0.417719,31
P2-E3,clinical-sim,fedavg,gaussian-5,0.3,20260909,0.773178,0.520035,0.253143,0.92666,0.40875,31
P2-E3,clinical-sim,fedavg,gaussian-5,0.3,20261010,0.79857,0.541812,0.256758,0.85996,0.428279,31
P2-E3,clinical-sim,fedavg,gaussian-5,0.3,20261111,0.784578,0.546556,0.238022,0.836404,0.416316,31
P2-E3,clinical-sim,fedavg,gaussian-5,0.3,20261212,0.822766,0.559196,0.26357,0.816599,0.478383,29
P2-E3,clinical-sim,fedavg,gaussian-5,0.3,20261313,0.817373,0.544784,0.272589,0.858891,0.418017,29
P2-E3,clinical-sim,fedavg,gaussian-5,0.3,20261414,0.770017,0.549456,0.220561,0.816842,0.471108,31
P2-E3,clinical-sim,fedavg,gaussian-5,0.3,20261515,0.821934,0.514821,0.307113,0.953963,0.478425,40
P2-E3,clinical-sim,fedavg,gaussian-5,0.3,20261616,0.808689,0.551276,0.257413,0.83389,0.461348,29
P2-E3,clinical-sim,fedavg,gaussian-5,0.3,20261717,0.8157,0.553102,0.262598,0.831796,0.414424,29
P2-E3,clinical-sim,fedavg,gaussian-5,0.3,20261818,0.815326,0.539623,0.275703,0.874342,0.44618,30
P2-E3,clinical-sim,fedavg,gaussian-5,0.3,20261919,0.801767,0.546344,0.255423,0.846425,0.369213,29
P2-E3,clinical-sim,median,sign-flip-5,0.1,20260000,0.819588,0.801698,0.017889,0.055977,0.468928,31
P2-E3,clinical-sim,median,sign-flip-5,0.1,20260101,0.760307,0.762714,-0.002407,-0.009245,0.593766,33
P2-E3,clinical-sim,median,sign-flip-5,0.1,20260202,0.803809,0.801634,0.002176,0.007161,0.496066,34
P2-E3,clinical-sim,median,sign-flip-5,0.1,20260303,0.747957,0.663436,0.084522,0.340872,0.503289,31
P2-E3,clinical-sim,median,sign-flip-5,0.1,20260404,0.753746,0.778059,-0.024312,-0.095814,0.583995,32
P2-E3,clinical-sim,median,sign-flip-5,0.1,20260505,0.807173,0.819971,-0.012798,-0.041665,0.541637,31
P2-E3,clinical-sim,median,sign-flip-5,0.1,20260606,0.754407,0.776556,-0.022149,-0.087062,0.517875,32
P2-E3,clinical-sim,median,sign-flip-5,0.1,20260707,0.815614,0.808738,0.006876,0.021787,0.4975,31
P2-E3,clinical-sim,median,sign-flip-5,0.1,20260808,0.723881,0.709139,0.014742,0.065847,0.445177,30
P2-E3,clinical-sim,median,sign-flip-5,0.1,20260909,0.77218,0.745339,0.026842,0.098617,0.480042,30
P2-E3,clinical-sim,median,sign-flip-5,0.1,20261010,0.803913,0.743427,0.060486,0.199025,0.472799,38
P2-E3,clinical-sim,median,sign-flip-5,0.1,20261111,0.775803,0.738045,0.037759,0.136905,0.513339,31
P2-E3,clinical-sim,median,sign-flip-5,0.1,20261212,0.816842,0.811449,0.005393,0.017021,0.514795,31
P2-E3,clinical-sim,median,sign-flip-5,0.1,20261313,0.820277,0.813738,0.006539,0.020417,0.55919,33
P2-E3,clinical-sim,median,sign-flip-5,0.1,20261414,0.739927,0.730157,0.00977,0.04072,0.464584,34
P2-E3,clinical-sim,median,sign-flip-5,0.1,20261515,0.804492,0.819223,-0.014731,-0.048379,0.548819,33
P2-E3,clinical-sim,median,sign-flip-5,0.1,20261616,0.801991,0.783925,0.018066,0.059822,0.49715,32
P2-E3,clinical-sim,median,sign-flip-5,0.1,20261717,0.810412,0.77184,0.038571,0.124259,0.514327,31
P2-E3,clinical-sim,median,sign-flip-5,0.1,20261818,0.80943,0.787215,0.022215,0.071793,0.5736,31
P2-E3,clinical-sim,median,sign-flip-5,0.1,20261919,0.795925,0.740614,0.055311,0.186907,0.568503,31
P2-E3,clinical-sim,median,sign-flip-5,0.2,20260000,0.819588,0.794035,0.025552,0.079954,0.460582,31
P2-E3,clinical-sim,median,sign-flip-5,0.2,20260101,0.760307,0.787596,-0.027289,-0.104833,0.574736,31
P2-E3,clinical-sim,median,sign-flip-5,0.2,20260202,0.803809,0.800061,0.003748,0.012338,0.519899,31
P2-E3,clinical-sim,median,sign-flip-5,0.2,20260303,0.747957,0.688343,0.059614,0.240421,0.54386,31
P2-E3,clinical-sim,median,sign-flip-5,0.2,20260404,0.753746,0.71025,0.043496,0.171416,0.586144,31
P2-E3,clinical-sim,median,sign-flip-5,0.2,20260505,0.807173,0.786513,0.02066,0.067259,0.533893,32
P2-E3,clinical-sim,median,sign-flip-5,0.2,20260606,0.754407,0.755626,-0.001219,-0.004792,0.513109,31
P2-E3,clinical-sim,median,sign-flip-5,0.2,20260707,0.815614,0.746469,0.069145,0.219081,0.493077,36
P2-E3,clinical-sim,median,sign-flip-5,0.2,20260808,0.723881,0.669006,0.054876,0.24511,0.373076,31
P2-E3,clinical-sim,median,sign-flip-5,0.2,20260909,0.77218,0.71941,0.05277,0.193878,0.436318,31
P2-E3,clinical-sim,median,sign-flip-5,0.2,20261010,0.803913,0.769839,0.034074,0.112118,0.467236,31
P2-E3,clinical-sim,median,sign-flip-5,0.2,20261111,0.775803,0.707309,0.068494,0.248345,0.35135,31
P2-E3,clinical-sim,median,sign-flip-5,0.2,20261212,0.816842,0.76778,0.049061,0.154845,0.492173,31
P2-E3,clinical-sim,median,sign-flip-5,0.2,20261313,0.820277,0.782837,0.03744,0.116897,0.553115,32
P2-E3,clinical-sim,median,sign-flip-5,0.2,20261414,0.739927,0.695589,0.044338,0.184797,0.48099,30
P2-E3,clinical-sim,median,sign-flip-5,0.2,20261515,0.804492,0.810913,-0.006421,-0.021088,0.569179,31
P2-E3,clinical-sim,median,sign-flip-5,0.2,20261616,0.801991,0.748087,0.053903,0.178493,0.465659,31
P2-E3,clinical-sim,median,sign-flip-5,0.2,20261717,0.810412,0.707583,0.102829,0.331267,0.463339,31
P2-E3,clinical-sim,median,sign-flip-5,0.2,20261818,0.80943,0.757096,0.052333,0.169128,0.557482,30
P2-E3,clinical-sim,median,sign-flip-5,0.2,20261919,0.795925,0.769138,0.026787,0.09052,0.560814,32
P2-E3,clinical-sim,median,sign-flip-5,0.3,20260000,0.819588,0.776723,0.042864,0.134124,0.484641,31
P2-E3,clinical-sim,median,sign-flip-5,0.3,20260101,0.760307,0.699943,0.060364,0.231896,0.593122,31
P2-E3,clinical-sim,median,sign-flip-5,0.3,20260202,0.803809,0.809739,-0.005929,-0.019517,0.484913,32
P2-E3,clinical-sim,median,sign-flip-5,0.3,20260303,0.747957,0.735168,0.012789,0.051578,0.566012,31
P2-E3,clinical-sim,median,sign-flip-5,0.3,20260404,0.753746,0.703495,0.050251,0.198037,0.568535,31
P2-E3,clinical-sim,median,sign-flip-5,0.3,20260505,0.807173,0.74732,0.059853,0.194852,0.490585,31
P2-E3,clinical-sim,median,sign-flip-5,0.3,20260606,0.754407,0.72956,0.024847,0.097665,0.494382,31
P2-E3,clinical-sim,median,sign-flip-5,0.3,20260707,0.815614,0.700313,0.115302,0.365324,0.428552,32
P2-E3,clinical-sim,median,sign-flip-5,0.3,20260808,0.723881,0.72326,0.000621,0.002775,0.494222,31
P2-E3,clinical-sim,median,sign-flip-5,0.3,20260909,0.77218,0.752579,0.019601,0.072014,0.485163,30
P2-E3,clinical-sim,median,sign-flip-5,0.3,20261010,0.803913,0.731079,0.072834,0.239654,0.468593,31
P2-E3,clinical-sim,median,sign-flip-5,0.3,20261111,0.775803,0.62964,0.146164,0.529956,0.201661,30
P2-E3,clinical-sim,median,sign-flip-5,0.3,20261212,0.816842,0.670874,0.145968,0.460695,0.430149,31
P2-E3,clinical-sim,median,sign-flip-5,0.3,20261313,0.820277,0.695478,0.124799,0.389661,0.500044,31
P2-E3,clinical-sim,median,sign-flip-5,0.3,20261414,0.739927,0.727506,0.012421,0.051772,0.488653,31
P2-E3,clinical-sim,median,sign-flip-5,0.3,20261515,0.804492,0.805517,-0.001025,-0.003365,0.586644,32
P2-E3,clinical-sim,median,sign-flip-5,0.3,20261616,0.801991,0.645691,0.156299,0.517564,0.443152,31
P2-E3,clinical-sim,median,sign-flip-5,0.3,20261717,0.810412,0.723873,0.086539,0.278787,0.461129,31
P2-E3,clinical-sim,median,sign-flip-5,0.3,20261818,0.80943,0.788239,0.02119,0.068482,0.581086,31
P2-E3,clinical-sim,median,sign-flip-5,0.3,20261919,0.795925,0.680142,0.115783,0.391259,0.37593,31
P2-E3,clinical-sim,median,scale-10,0.1,20260000,0.819588,0.819596,-0.000008,-0.000026,0.487926,31
P2-E3,clinical-sim,median,scale-10,0.1,20260101,0.760307,0.762675,-0.002367,-0.009094,0.584383,32
P2-E3,clinical-sim,median,scale-10,0.1,20260202,0.803809,0.803926,-0.000117,-0.000384,0.509052,32
P2-E3,clinical-sim,median,scale-10,0.1,20260303,0.747957,0.747927,0.000031,0.000124,0.580219,31
P2-E3,clinical-sim,median,scale-10,0.1,20260404,0.753746,0.753196,0.000551,0.00217,0.580357,31
P2-E3,clinical-sim,median,scale-10,0.1,20260505,0.807173,0.804877,0.002296,0.007473,0.558239,38
P2-E3,clinical-sim,median,scale-10,0.1,20260606,0.754407,0.752359,0.002048,0.008048,0.513109,33
P2-E3,clinical-sim,median,scale-10,0.1,20260707,0.815614,0.817116,-0.001502,-0.004758,0.492596,31
P2-E3,clinical-sim,median,scale-10,0.1,20260808,0.723881,0.727801,-0.003919,-0.017507,0.509273,31
P2-E3,clinical-sim,median,scale-10,0.1,20260909,0.77218,0.7703,0.00188,0.006906,0.487789,31
P2-E3,clinical-sim,median,scale-10,0.1,20261010,0.803913,0.804903,-0.000989,-0.003256,0.471171,31
P2-E3,clinical-sim,median,scale-10,0.1,20261111,0.775803,0.776528,-0.000725,-0.002627,0.560108,31
P2-E3,clinical-sim,median,scale-10,0.1,20261212,0.816842,0.813437,0.003405,0.010747,0.506832,31
P2-E3,clinical-sim,median,scale-10,0.1,20261313,0.820277,0.820648,-0.000371,-0.001159,0.562531,34
P2-E3,clinical-sim,median,scale-10,0.1,20261414,0.739927,0.738185,0.001742,0.007262,0.478927,30
P2-E3,clinical-sim,median,scale-10,0.1,20261515,0.804492,0.804045,0.000448,0.00147,0.536603,31
P2-E3,clinical-sim,median,scale-10,0.1,20261616,0.801991,0.804651,-0.00266,-0.00881,0.526321,32
P2-E3,clinical-sim,median,scale-10,0.1,20261717,0.810412,0.810688,-0.000276,-0.000889,0.475055,31
P2-E3,clinical-sim,median,scale-10,0.1,20261818,0.80943,0.811381,-0.001951,-0.006306,0.577496,32
P2-E3,clinical-sim,median,scale-10,0.1,20261919,0.795925,0.795922,0.000003,0.000009,0.581301,30
P2-E3,clinical-sim,median,scale-10,0.2,20260000,0.819588,0.819886,-0.000298,-0.000934,0.48837,32
P2-E3,clinical-sim,median,scale-10,0.2,20260101,0.760307,0.764874,-0.004566,-0.017542,0.586419,32
P2-E3,clinical-sim,median,scale-10,0.2,20260202,0.803809,0.804404,-0.000595,-0.001957,0.509969,31
P2-E3,clinical-sim,median,scale-10,0.2,20260303,0.747957,0.756413,-0.008455,-0.0341,0.581214,31
P2-E3,clinical-sim,median,scale-10,0.2,20260404,0.753746,0.759802,-0.006056,-0.023865,0.580026,35
P2-E3,clinical-sim,median,scale-10,0.2,20260505,0.807173,0.791472,0.015701,0.051114,0.560458,31
P2-E3,clinical-sim,median,scale-10,0.2,20260606,0.754407,0.75547,-0.001063,-0.004178,0.513449,31
P2-E3,clinical-sim,median,scale-10,0.2,20260707,0.815614,0.817445,-0.001831,-0.0058,0.490673,31
P2-E3,clinical-sim,median,scale-10,0.2,20260808,0.723881,0.741557,-0.017675,-0.078949,0.513231,31
P2-E3,clinical-sim,median,scale-10,0.2,20260909,0.77218,0.774296,-0.002116,-0.007773,0.492253,30
P2-E3,clinical-sim,median,scale-10,0.2,20261010,0.803913,0.805627,-0.001714,-0.00564,0.469543,32
P2-E3,clinical-sim,median,scale-10,0.2,20261111,0.775803,0.77663,-0.000826,-0.002995,0.561078,34
P2-E3,clinical-sim,median,scale-10,0.2,20261212,0.816842,0.816199,0.000643,0.002029,0.513257,31
P2-E3,clinical-sim,median,scale-10,0.2,20261313,0.820277,0.819141,0.001136,0.003548,0.563218,30
P2-E3,clinical-sim,median,scale-10,0.2,20261414,0.739927,0.734307,0.00562,0.023424,0.48158,32
P2-E3,clinical-sim,median,scale-10,0.2,20261515,0.804492,0.807715,-0.003223,-0.010585,0.534522,31
P2-E3,clinical-sim,median,scale-10,0.2,20261616,0.801991,0.805133,-0.003142,-0.010405,0.524908,31
P2-E3,clinical-sim,median,scale-10,0.2,20261717,0.810412,0.810663,-0.000251,-0.000809,0.477527,31
P2-E3,clinical-sim,median,scale-10,0.2,20261818,0.80943,0.811384,-0.001954,-0.006315,0.577496,31
P2-E3,clinical-sim,median,scale-10,0.2,20261919,0.795925,0.795989,-0.000064,-0.000217,0.578967,31
P2-E3,clinical-sim,median,scale-10,0.3,20260000,0.819588,0.817839,0.001749,0.005473,0.484553,31
P2-E3,clinical-sim,median,scale-10,0.3,20260101,0.760307,0.754641,0.005666,0.021766,0.585826,31
P2-E3,clinical-sim,median,scale-10,0.3,20260202,0.803809,0.803573,0.000236,0.000777,0.509281,31
P2-E3,clinical-sim,median,scale-10,0.3,20260303,0.747957,0.761903,-0.013946,-0.056243,0.581576,31
P2-E3,clinical-sim,median,scale-10,0.3,20260404,0.753746,0.761223,-0.007477,-0.029466,0.580605,31
P2-E3,clinical-sim,median,scale-10,0.3,20260505,0.807173,0.798842,0.008331,0.027121,0.56321,31
P2-E3,clinical-sim,median,scale-10,0.3,20260606,0.754407,0.763743,-0.009337,-0.0367,0.51379,32
P2-E3,clinical-sim,median,scale-10,0.3,20260707,0.815614,0.815676,-0.000061,-0.000194,0.487885,32
P2-E3,clinical-sim,median,scale-10,0.3,20260808,0.723881,0.740634,-0.016753,-0.074831,0.511348,32
P2-E3,clinical-sim,median,scale-10,0.3,20260909,0.77218,0.772399,-0.000219,-0.000805,0.489627,31
P2-E3,clinical-sim,median,scale-10,0.3,20261010,0.803913,0.804212,-0.000298,-0.000981,0.467643,32
P2-E3,clinical-sim,median,scale-10,0.3,20261111,0.775803,0.774205,0.001599,0.005796,0.561617,31
P2-E3,clinical-sim,median,scale-10,0.3,20261212,0.816842,0.804893,0.011949,0.037712,0.50828,30
P2-E3,clinical-sim,median,scale-10,0.3,20261313,0.820277,0.817957,0.00232,0.007245,0.558405,31
P2-E3,clinical-sim,median,scale-10,0.3,20261414,0.739927,0.730867,0.00906,0.037762,0.483938,31
P2-E3,clinical-sim,median,scale-10,0.3,20261515,0.804492,0.816158,-0.011665,-0.038311,0.543209,30
P2-E3,clinical-sim,median,scale-10,0.3,20261616,0.801991,0.807079,-0.005088,-0.01685,0.523966,31
P2-E3,clinical-sim,median,scale-10,0.3,20261717,0.810412,0.810021,0.00039,0.001258,0.478255,31
P2-E3,clinical-sim,median,scale-10,0.3,20261818,0.80943,0.812274,-0.002844,-0.009192,0.579711,31
P2-E3,clinical-sim,median,scale-10,0.3,20261919,0.795925,0.795455,0.00047,0.001588,0.565568,31
P2-E3,clinical-sim,median,constant-5,0.1,20260000,0.819588,0.81458,0.005007,0.015668,0.486328,31
P2-E3,clinical-sim,median,constant-5,0.1,20260101,0.760307,0.767005,-0.006698,-0.025732,0.58538,32
P2-E3,clinical-sim,median,constant-5,0.1,20260202,0.803809,0.802767,0.001042,0.00343,0.51226,32
P2-E3,clinical-sim,median,constant-5,0.1,20260303,0.747957,0.73124,0.016718,0.067422,0.586825,30
P2-E3,clinical-sim,median,constant-5,0.1,20260404,0.753746,0.739978,0.013768,0.054261,0.586144,31
P2-E3,clinical-sim,median,constant-5,0.1,20260505,0.807173,0.820117,-0.012945,-0.042141,0.547763,31
P2-E3,clinical-sim,median,constant-5,0.1,20260606,0.754407,0.772453,-0.018046,-0.070932,0.50732,31
P2-E3,clinical-sim,median,constant-5,0.1,20260707,0.815614,0.819702,-0.004087,-0.01295,0.489615,32
P2-E3,clinical-sim,median,constant-5,0.1,20260808,0.723881,0.729976,-0.006095,-0.027225,0.503626,31
P2-E3,clinical-sim,median,constant-5,0.1,20260909,0.77218,0.746406,0.025774,0.094694,0.468487,30
P2-E3,clinical-sim,median,constant-5,0.1,20261010,0.803913,0.791672,0.012242,0.04028,0.465201,32
P2-E3,clinical-sim,median,constant-5,0.1,20261111,0.775803,0.763651,0.012152,0.044061,0.548895,31
P2-E3,clinical-sim,median,constant-5,0.1,20261212,0.816842,0.812391,0.004451,0.014047,0.508642,30
P2-E3,clinical-sim,median,constant-5,0.1,20261313,0.820277,0.818473,0.001804,0.005632,0.578741,31
P2-E3,clinical-sim,median,constant-5,0.1,20261414,0.739927,0.713173,0.026754,0.111507,0.475391,30
P2-E3,clinical-sim,median,constant-5,0.1,20261515,0.804492,0.817517,-0.013025,-0.042776,0.537417,30
P2-E3,clinical-sim,median,constant-5,0.1,20261616,0.801991,0.80264,-0.00065,-0.002151,0.50656,31
P2-E3,clinical-sim,median,constant-5,0.1,20261717,0.810412,0.798442,0.01197,0.038562,0.479418,32
P2-E3,clinical-sim,median,constant-5,0.1,20261818,0.80943,0.806571,0.002858,0.009238,0.574975,30
P2-E3,clinical-sim,median,constant-5,0.1,20261919,0.795925,0.778761,0.017164,0.058003,0.572092,32
P2-E3,clinical-sim,median,constant-5,0.2,20260000,0.819588,0.813158,0.00643,0.020119,0.501154,31
P2-E3,clinical-sim,median,constant-5,0.2,20260101,0.760307,0.782166,-0.021859,-0.083972,0.574545,34
P2-E3,clinical-sim,median,constant-5,0.2,20260202,0.803809,0.791889,0.01192,0.039235,0.52601,31
P2-E3,clinical-sim,median,constant-5,0.2,20260303,0.747957,0.793383,-0.045425,-0.183198,0.57545,32
P2-E3,clinical-sim,median,constant-5,0.2,20260404,0.753746,0.717606,0.03614,0.142426,0.590608,31
P2-E3,clinical-sim,median,constant-5,0.2,20260505,0.807173,0.81853,-0.011357,-0.036973,0.54794,31
P2-E3,clinical-sim,median,constant-5,0.2,20260606,0.754407,0.767389,-0.012983,-0.051031,0.517762,30
P2-E3,clinical-sim,median,constant-5,0.2,20260707,0.815614,0.807919,0.007696,0.024383,0.469808,31
P2-E3,clinical-sim,median,constant-5,0.2,20260808,0.723881,0.749802,-0.025921,-0.11578,0.518787,31
P2-E3,clinical-sim,median,constant-5,0.2,20260909,0.77218,0.716572,0.055608,0.204305,0.435793,31
P2-E3,clinical-sim,median,constant-5,0.2,20261010,0.803913,0.776211,0.027703,0.091153,0.468593,32
P2-E3,clinical-sim,median,constant-5,0.2,20261111,0.775803,0.737399,0.038405,0.139246,0.480164,31
P2-E3,clinical-sim,median,constant-5,0.2,20261212,0.816842,0.795639,0.021202,0.066918,0.496607,30
P2-E3,clinical-sim,median,constant-5,0.2,20261313,0.820277,0.807662,0.012615,0.039387,0.577778,33
P2-E3,clinical-sim,median,constant-5,0.2,20261414,0.739927,0.700236,0.039691,0.165431,0.487278,31
P2-E3,clinical-sim,median,constant-5,0.2,20261515,0.804492,0.812825,-0.008332,-0.027365,0.531083,30
P2-E3,clinical-sim,median,constant-5,0.2,20261616,0.801991,0.799196,0.002795,0.009255,0.488825,33
P2-E3,clinical-sim,median,constant-5,0.2,20261717,0.810412,0.78178,0.028632,0.092237,0.478109,31
P2-E3,clinical-sim,median,constant-5,0.2,20261818,0.80943,0.805328,0.004101,0.013255,0.561989,32
P2-E3,clinical-sim,median,constant-5,0.2,20261919,0.795925,0.787712,0.008213,0.027754,0.537041,33
P2-E3,clinical-sim,median,constant-5,0.3,20260000,0.819588,0.802097,0.017491,0.054729,0.515625,32
P2-E3,clinical-sim,median,constant-5,0.3,20260101,0.760307,0.779024,-0.018717,-0.071904,0.561187,31
P2-E3,clinical-sim,median,constant-5,0.3,20260202,0.803809,0.791728,0.012081,0.039766,0.525476,31
P2-E3,clinical-sim,median,constant-5,0.3,20260303,0.747957,0.798717,-0.050759,-0.20471,0.548465,33
P2-E3,clinical-sim,median,constant-5,0.3,20260404,0.753746,0.698669,0.055077,0.217054,0.57953,31
P2-E3,clinical-sim,median,constant-5,0.3,20260505,0.807173,0.792511,0.014661,0.04773,0.537553,32
P2-E3,clinical-sim,median,constant-5,0.3,20260606,0.754407,0.773415,-0.019008,-0.074715,0.535354,30
P2-E3,clinical-sim,median,constant-5,0.3,20260707,0.815614,0.79418,0.021434,0.067913,0.472404,31
P2-E3,clinical-sim,median,constant-5,0.3,20260808,0.723881,0.789362,-0.065481,-0.29248,0.519465,31
P2-E3,clinical-sim,median,constant-5,0.3,20260909,0.77218,0.718713,0.053467,0.196439,0.44459,33
P2-E3,clinical-sim,median,constant-5,0.3,20261010,0.803913,0.761491,0.042422,0.139586,0.472663,31
P2-E3,clinical-sim,median,constant-5,0.3,20261111,0.775803,0.698216,0.077587,0.281314,0.444805,30
P2-E3,clinical-sim,median,constant-5,0.3,20261212,0.816842,0.794211,0.022631,0.071427,0.51208,30
P2-E3,clinical-sim,median,constant-5,0.3,20261313,0.820277,0.776631,0.043646,0.136277,0.563486,32
P2-E3,clinical-sim,median,constant-5,0.3,20261414,0.739927,0.677868,0.062059,0.25866,0.46311,32
P2-E3,clinical-sim,median,constant-5,0.3,20261515,0.804492,0.779715,0.024778,0.081374,0.497602,31
P2-E3,clinical-sim,median,constant-5,0.3,20261616,0.801991,0.770186,0.031805,0.105317,0.499412,32
P2-E3,clinical-sim,median,constant-5,0.3,20261717,0.810412,0.760456,0.049956,0.160934,0.479409,30
P2-E3,clinical-sim,median,constant-5,0.3,20261818,0.80943,0.807873,0.001557,0.005031,0.558093,31
P2-E3,clinical-sim,median,constant-5,0.3,20261919,0.795925,0.766535,0.02939,0.099317,0.549314,31
P2-E3,clinical-sim,median,gaussian-5,0.1,20260000,0.819588,0.798295,0.021293,0.066626,0.465288,30
P2-E3,clinical-sim,median,gaussian-5,0.1,20260101,0.760307,0.765154,-0.004847,-0.01862,0.596586,31
P2-E3,clinical-sim,median,gaussian-5,0.1,20260202,0.803809,0.802223,0.001587,0.005222,0.515774,31
P2-E3,clinical-sim,median,gaussian-5,0.1,20260303,0.747957,0.708732,0.039225,0.158192,0.582753,30
P2-E3,clinical-sim,median,gaussian-5,0.1,20260404,0.753746,0.761914,-0.008168,-0.032189,0.57953,31
P2-E3,clinical-sim,median,gaussian-5,0.1,20260505,0.807173,0.817751,-0.010579,-0.034439,0.551758,31
P2-E3,clinical-sim,median,gaussian-5,0.1,20260606,0.754407,0.767216,-0.01281,-0.050351,0.512768,31
P2-E3,clinical-sim,median,gaussian-5,0.1,20260707,0.815614,0.800435,0.015179,0.048094,0.486058,31
P2-E3,clinical-sim,median,gaussian-5,0.1,20260808,0.723881,0.723436,0.000446,0.001991,0.497128,31
P2-E3,clinical-sim,median,gaussian-5,0.1,20260909,0.77218,0.755294,0.016887,0.062042,0.473477,62
P2-E3,clinical-sim,median,gaussian-5,0.1,20261010,0.803913,0.802564,0.001349,0.004439,0.468457,31
P2-E3,clinical-sim,median,gaussian-5,0.1,20261111,0.775803,0.75982,0.015984,0.057954,0.557325,31
P2-E3,clinical-sim,median,gaussian-5,0.1,20261212,0.816842,0.819783,-0.002941,-0.009282,0.51199,31
P2-E3,clinical-sim,median,gaussian-5,0.1,20261313,0.820277,0.818604,0.001672,0.005222,0.556931,31
P2-E3,clinical-sim,median,gaussian-5,0.1,20261414,0.739927,0.741515,-0.001588,-0.006619,0.468219,32
P2-E3,clinical-sim,median,gaussian-5,0.1,20261515,0.804492,0.802601,0.001892,0.006213,0.545381,32
P2-E3,clinical-sim,median,gaussian-5,0.1,20261616,0.801991,0.805035,-0.003044,-0.01008,0.499321,32
P2-E3,clinical-sim,median,gaussian-5,0.1,20261717,0.810412,0.783562,0.026849,0.086496,0.523636,30
P2-E3,clinical-sim,median,gaussian-5,0.1,20261818,0.80943,0.810816,-0.001386,-0.004479,0.574899,31
P2-E3,clinical-sim,median,gaussian-5,0.1,20261919,0.795925,0.767298,0.028627,0.096737,0.561578,31
P2-E3,clinical-sim,median,gaussian-5,0.2,20260000,0.819588,0.788693,0.030894,0.09667,0.46511,31
P2-E3,clinical-sim,median,gaussian-5,0.2,20260101,0.760307,0.772164,-0.011856,-0.045547,0.596414,32
P2-E3,clinical-sim,median,gaussian-5,0.2,20260202,0.803809,0.794704,0.009105,0.02997,0.529371,30
P2-E3,clinical-sim,median,gaussian-5,0.2,20260303,0.747957,0.715011,0.032946,0.132871,0.590105,31
P2-E3,clinical-sim,median,gaussian-5,0.2,20260404,0.753746,0.750331,0.003415,0.01346,0.577216,31
P2-E3,clinical-sim,median,gaussian-5,0.2,20260505,0.807173,0.811744,-0.004571,-0.014882,0.55837,31
P2-E3,clinical-sim,median,gaussian-5,0.2,20260606,0.754407,0.750727,0.003679,0.014463,0.501419,31
P2-E3,clinical-sim,median,gaussian-5,0.2,20260707,0.815614,0.76714,0.048474,0.153587,0.482019,31
P2-E3,clinical-sim,median,gaussian-5,0.2,20260808,0.723881,0.712145,0.011736,0.052421,0.488866,32
P2-E3,clinical-sim,median,gaussian-5,0.2,20260909,0.77218,0.746153,0.026027,0.095623,0.46573,31
P2-E3,clinical-sim,median,gaussian-5,0.2,20261010,0.803913,0.800385,0.003529,0.011611,0.485687,32
P2-E3,clinical-sim,median,gaussian-5,0.2,20261111,0.775803,0.745136,0.030668,0.111195,0.466479,31
P2-E3,clinical-sim,median,gaussian-5,0.2,20261212,0.816842,0.819254,-0.002413,-0.007615,0.525563,31
P2-E3,clinical-sim,median,gaussian-5,0.2,20261313,0.820277,0.814528,0.005749,0.01795,0.551331,32
P2-E3,clinical-sim,median,gaussian-5,0.2,20261414,0.739927,0.7347,0.005227,0.021787,0.474703,31
P2-E3,clinical-sim,median,gaussian-5,0.2,20261515,0.804492,0.789468,0.015024,0.04934,0.552439,30
P2-E3,clinical-sim,median,gaussian-5,0.2,20261616,0.801991,0.802355,-0.000364,-0.001206,0.483124,31
P2-E3,clinical-sim,median,gaussian-5,0.2,20261717,0.810412,0.754041,0.056371,0.181599,0.497389,31
P2-E3,clinical-sim,median,gaussian-5,0.2,20261818,0.80943,0.807224,0.002206,0.00713,0.575968,30
P2-E3,clinical-sim,median,gaussian-5,0.2,20261919,0.795925,0.793534,0.002391,0.00808,0.540876,32
P2-E3,clinical-sim,median,gaussian-5,0.3,20260000,0.819588,0.777362,0.042226,0.132125,0.453303,31
P2-E3,clinical-sim,median,gaussian-5,0.3,20260101,0.760307,0.784357,-0.024049,-0.092388,0.600159,32
P2-E3,clinical-sim,median,gaussian-5,0.3,20260202,0.803809,0.783737,0.020072,0.066069,0.530441,31
P2-E3,clinical-sim,median,gaussian-5,0.3,20260303,0.747957,0.782298,-0.034341,-0.138494,0.569246,31
P2-E3,clinical-sim,median,gaussian-5,0.3,20260404,0.753746,0.754311,-0.000565,-0.002225,0.564732,32
P2-E3,clinical-sim,median,gaussian-5,0.3,20260505,0.807173,0.791913,0.01526,0.049678,0.538942,32
P2-E3,clinical-sim,median,gaussian-5,0.3,20260606,0.754407,0.736654,0.017753,0.069781,0.490864,35
P2-E3,clinical-sim,median,gaussian-5,0.3,20260707,0.815614,0.751838,0.063776,0.20207,0.484327,31
P2-E3,clinical-sim,median,gaussian-5,0.3,20260808,0.723881,0.73637,-0.012488,-0.055781,0.486204,31
P2-E3,clinical-sim,median,gaussian-5,0.3,20260909,0.77218,0.766392,0.005788,0.021266,0.486538,31
P2-E3,clinical-sim,median,gaussian-5,0.3,20261010,0.803913,0.792048,0.011865,0.039042,0.479989,34
P2-E3,clinical-sim,median,gaussian-5,0.3,20261111,0.775803,0.733984,0.041819,0.151626,0.528889,31
P2-E3,clinical-sim,median,gaussian-5,0.3,20261212,0.816842,0.801127,0.015714,0.049597,0.53226,31
P2-E3,clinical-sim,median,gaussian-5,0.3,20261313,0.820277,0.789114,0.031163,0.0973,0.524904,32
P2-E3,clinical-sim,median,gaussian-5,0.3,20261414,0.739927,0.770704,-0.030777,-0.128277,0.482464,32
P2-E3,clinical-sim,median,gaussian-5,0.3,20261515,0.804492,0.781744,0.022748,0.074708,0.552529,31
P2-E3,clinical-sim,median,gaussian-5,0.3,20261616,0.801991,0.794679,0.007312,0.024213,0.517469,33
P2-E3,clinical-sim,median,gaussian-5,0.3,20261717,0.810412,0.730056,0.080356,0.258868,0.47961,31
P2-E3,clinical-sim,median,gaussian-5,0.3,20261818,0.80943,0.795712,0.013718,0.044334,0.574517,31
P2-E3,clinical-sim,median,gaussian-5,0.3,20261919,0.795925,0.767278,0.028647,0.096804,0.52178,32
P2-E3,clinical-sim,trimmed-mean,sign-flip-5,0.1,20260000,0.811328,0.809852,0.001476,0.00474,0.464844,31
P2-E3,clinical-sim,trimmed-mean,sign-flip-5,0.1,20260101,0.778615,0.782539,-0.003924,-0.014084,0.597996,33
P2-E3,clinical-sim,trimmed-mean,sign-flip-5,0.1,20260202,0.808086,0.807333,0.000753,0.002444,0.486517,32
P2-E3,clinical-sim,trimmed-mean,sign-flip-5,0.1,20260303,0.791784,0.741785,0.049999,0.171357,0.579133,31
P2-E3,clinical-sim,trimmed-mean,sign-flip-5,0.1,20260404,0.757479,0.788142,-0.030663,-0.11909,0.583747,31
P2-E3,clinical-sim,trimmed-mean,sign-flip-5,0.1,20260505,0.814815,0.820103,-0.005288,-0.016797,0.564542,31
P2-E3,clinical-sim,trimmed-mean,sign-flip-5,0.1,20260606,0.769253,0.762734,0.006519,0.024212,0.51867,31
P2-E3,clinical-sim,trimmed-mean,sign-flip-5,0.1,20260707,0.816046,0.807579,0.008467,0.026791,0.496346,31
P2-E3,clinical-sim,trimmed-mean,sign-flip-5,0.1,20260808,0.796006,0.745008,0.050998,0.172287,0.496469,32
P2-E3,clinical-sim,trimmed-mean,sign-flip-5,0.1,20260909,0.775046,0.722113,0.052933,0.192451,0.442883,31
P2-E3,clinical-sim,trimmed-mean,sign-flip-5,0.1,20261010,0.800089,0.775664,0.024425,0.081392,0.467236,32
P2-E3,clinical-sim,trimmed-mean,sign-flip-5,0.1,20261111,0.784318,0.738673,0.045645,0.160542,0.500293,31
P2-E3,clinical-sim,trimmed-mean,sign-flip-5,0.1,20261212,0.820901,0.809291,0.01161,0.036181,0.518505,31
P2-E3,clinical-sim,trimmed-mean,sign-flip-5,0.1,20261313,0.819987,0.799104,0.020882,0.06526,0.587015,31
P2-E3,clinical-sim,trimmed-mean,sign-flip-5,0.1,20261414,0.762006,0.704975,0.057031,0.217672,0.468219,30
P2-E3,clinical-sim,trimmed-mean,sign-flip-5,0.1,20261515,0.817303,0.825126,-0.007823,-0.024654,0.555787,31
P2-E3,clinical-sim,trimmed-mean,sign-flip-5,0.1,20261616,0.805497,0.80024,0.005256,0.017206,0.515556,32
P2-E3,clinical-sim,trimmed-mean,sign-flip-5,0.1,20261717,0.815103,0.78516,0.029942,0.095024,0.491345,32
P2-E3,clinical-sim,trimmed-mean,sign-flip-5,0.1,20261818,0.814861,0.796781,0.01808,0.057422,0.57001,30
P2-E3,clinical-sim,trimmed-mean,sign-flip-5,0.1,20261919,0.799893,0.769731,0.030162,0.100577,0.563136,31
P2-E3,clinical-sim,trimmed-mean,sign-flip-5,0.2,20260000,0.811328,0.742183,0.069145,0.222097,0.440075,32
P2-E3,clinical-sim,trimmed-mean,sign-flip-5,0.2,20260101,0.778615,0.739391,0.039224,0.140781,0.563614,32
P2-E3,clinical-sim,trimmed-mean,sign-flip-5,0.2,20260202,0.808086,0.356944,0.451142,1.46434,0.140257,31
P2-E3,clinical-sim,trimmed-mean,sign-flip-5,0.2,20260303,0.791784,0.506998,0.284786,0.976016,0.24768,30
P2-E3,clinical-sim,trimmed-mean,sign-flip-5,0.2,20260404,0.757479,0.694824,0.062655,0.243339,0.544395,32
P2-E3,clinical-sim,trimmed-mean,sign-flip-5,0.2,20260505,0.814815,0.452836,0.36198,1.149816,0.253776,32
P2-E3,clinical-sim,trimmed-mean,sign-flip-5,0.2,20260606,0.769253,0.766893,0.00236,0.008765,0.495517,31
P2-E3,clinical-sim,trimmed-mean,sign-flip-5,0.2,20260707,0.816046,0.465121,0.350925,1.110361,0.207319,31
P2-E3,clinical-sim,trimmed-mean,sign-flip-5,0.2,20260808,0.796006,0.641826,0.15418,0.520869,0.329838,31
P2-E3,clinical-sim,trimmed-mean,sign-flip-5,0.2,20260909,0.775046,0.523529,0.251517,0.914455,0.412159,31
P2-E3,clinical-sim,trimmed-mean,sign-flip-5,0.2,20261010,0.800089,0.758829,0.04126,0.137492,0.487179,33
P2-E3,clinical-sim,trimmed-mean,sign-flip-5,0.2,20261111,0.784318,0.338584,0.445734,1.567729,0.206348,31
P2-E3,clinical-sim,trimmed-mean,sign-flip-5,0.2,20261212,0.820901,0.350855,0.470046,1.464769,0.205816,31
P2-E3,clinical-sim,trimmed-mean,sign-flip-5,0.2,20261313,0.819987,0.625292,0.194694,0.608446,0.437124,31
P2-E3,clinical-sim,trimmed-mean,sign-flip-5,0.2,20261414,0.762006,0.480838,0.281169,1.073137,0.215983,31
P2-E3,clinical-sim,trimmed-mean,sign-flip-5,0.2,20261515,0.817303,0.644974,0.172329,0.543105,0.476246,30
P2-E3,clinical-sim,trimmed-mean,sign-flip-5,0.2,20261616,0.805497,0.339106,0.46639,1.526662,0.204331,32
P2-E3,clinical-sim,trimmed-mean,sign-flip-5,0.2,20261717,0.815103,0.466973,0.34813,1.104813,0.273928,30
P2-E3,clinical-sim,trimmed-mean,sign-flip-5,0.2,20261818,0.814861,0.752931,0.06193,0.196691,0.559698,32
P2-E3,clinical-sim,trimmed-mean,sign-flip-5,0.2,20261919,0.799893,0.302367,0.497527,1.659013,0.167609,31
P2-E3,clinical-sim,trimmed-mean,sign-flip-5,0.3,20260000,0.811328,0.350421,0.460907,1.480456,0.118459,31
P2-E3,clinical-sim,trimmed-mean,sign-flip-5,0.3,20260101,0.778615,0.388444,0.390171,1.400397,0.154162,30
P2-E3,clinical-sim,trimmed-mean,sign-flip-5,0.3,20260202,0.808086,0.383569,0.424517,1.377918,0.215708,30
P2-E3,clinical-sim,trimmed-mean,sign-flip-5,0.3,20260303,0.791784,0.590269,0.201515,0.69063,0.22963,31
P2-E3,clinical-sim,trimmed-mean,sign-flip-5,0.3,20260404,0.757479,0.480944,0.276535,1.07401,0.125804,29
P2-E3,clinical-sim,trimmed-mean,sign-flip-5,0.3,20260505,0.814815,0.547558,0.267257,0.848934,0.25419,28
P2-E3,clinical-sim,trimmed-mean,sign-flip-5,0.3,20260606,0.769253,0.385984,0.383269,1.423455,0.133364,31
P2-E3,clinical-sim,trimmed-mean,sign-flip-5,0.3,20260707,0.816046,0.36097,0.455077,1.439905,0.150393,31
P2-E3,clinical-sim,trimmed-mean,sign-flip-5,0.3,20260808,0.796006,0.495184,0.300822,1.016272,0.147697,32
P2-E3,clinical-sim,trimmed-mean,sign-flip-5,0.3,20260909,0.775046,0.253079,0.521967,1.897742,0.200347,32
P2-E3,clinical-sim,trimmed-mean,sign-flip-5,0.3,20261010,0.800089,0.266246,0.533843,1.778948,0.191141,31
P2-E3,clinical-sim,trimmed-mean,sign-flip-5,0.3,20261111,0.784318,0.288605,0.495713,1.743513,0.211077,32
P2-E3,clinical-sim,trimmed-mean,sign-flip-5,0.3,20261212,0.820901,0.336097,0.484804,1.510759,0.136095,31
P2-E3,clinical-sim,trimmed-mean,sign-flip-5,0.3,20261313,0.819987,0.361063,0.458924,1.434197,0.225962,31
P2-E3,clinical-sim,trimmed-mean,sign-flip-5,0.3,20261414,0.762006,0.373242,0.388764,1.483797,0.214493,31
P2-E3,clinical-sim,trimmed-mean,sign-flip-5,0.3,20261515,0.817303,0.592483,0.22482,0.708535,0.445752,29
P2-E3,clinical-sim,trimmed-mean,sign-flip-5,0.3,20261616,0.805497,0.432767,0.37273,1.220079,0.176384,32
P2-E3,clinical-sim,trimmed-mean,sign-flip-5,0.3,20261717,0.815103,0.475988,0.339114,1.076202,0.247034,30
P2-E3,clinical-sim,trimmed-mean,sign-flip-5,0.3,20261818,0.814861,0.35865,0.456211,1.448929,0.292681,31
P2-E3,clinical-sim,trimmed-mean,sign-flip-5,0.3,20261919,0.799893,0.577497,0.222396,0.741583,0.324128,28
P2-E3,clinical-sim,trimmed-mean,scale-10,0.1,20260000,0.811328,0.820639,-0.009312,-0.029909,0.492365,34
P2-E3,clinical-sim,trimmed-mean,scale-10,0.1,20260101,0.778615,0.777824,0.000791,0.002839,0.591317,31
P2-E3,clinical-sim,trimmed-mean,scale-10,0.1,20260202,0.808086,0.807183,0.000903,0.002931,0.508899,33
P2-E3,clinical-sim,trimmed-mean,scale-10,0.1,20260303,0.791784,0.798144,-0.00636,-0.021796,0.58402,32
P2-E3,clinical-sim,trimmed-mean,scale-10,0.1,20260404,0.757479,0.744275,0.013204,0.051281,0.577133,32
P2-E3,clinical-sim,trimmed-mean,scale-10,0.1,20260505,0.814815,0.807617,0.007199,0.022866,0.561967,34
P2-E3,clinical-sim,trimmed-mean,scale-10,0.1,20260606,0.769253,0.770369,-0.001116,-0.004144,0.529225,32
P2-E3,clinical-sim,trimmed-mean,scale-10,0.1,20260707,0.816046,0.812714,0.003332,0.010544,0.486346,34
P2-E3,clinical-sim,trimmed-mean,scale-10,0.1,20260808,0.796006,0.805834,-0.009828,-0.033202,0.516625,34
P2-E3,clinical-sim,trimmed-mean,scale-10,0.1,20260909,0.775046,0.784506,-0.00946,-0.034396,0.497243,31
P2-E3,clinical-sim,trimmed-mean,scale-10,0.1,20261010,0.800089,0.803097,-0.003007,-0.010022,0.470628,31
P2-E3,clinical-sim,trimmed-mean,scale-10,0.1,20261111,0.784318,0.7861,-0.001782,-0.006267,0.551482,34
P2-E3,clinical-sim,trimmed-mean,scale-10,0.1,20261212,0.820901,0.817767,0.003134,0.009766,0.5138,39
P2-E3,clinical-sim,trimmed-mean,scale-10,0.1,20261313,0.819987,0.821882,-0.001896,-0.005925,0.564692,33
P2-E3,clinical-sim,trimmed-mean,scale-10,0.1,20261414,0.762006,0.766815,-0.004809,-0.018355,0.45643,32
P2-E3,clinical-sim,trimmed-mean,scale-10,0.1,20261515,0.817303,0.815899,0.001405,0.004427,0.546557,30
P2-E3,clinical-sim,trimmed-mean,scale-10,0.1,20261616,0.805497,0.806298,-0.000801,-0.002622,0.527168,31
P2-E3,clinical-sim,trimmed-mean,scale-10,0.1,20261717,0.815103,0.81619,-0.001088,-0.003452,0.491345,31
P2-E3,clinical-sim,trimmed-mean,scale-10,0.1,20261818,0.814861,0.81597,-0.001109,-0.003521,0.57192,31
P2-E3,clinical-sim,trimmed-mean,scale-10,0.1,20261919,0.799893,0.804261,-0.004368,-0.014565,0.570544,33
P2-E3,clinical-sim,trimmed-mean,scale-10,0.2,20260000,0.811328,0.819376,-0.008048,-0.02585,0.491921,31
P2-E3,clinical-sim,trimmed-mean,scale-10,0.2,20260101,0.778615,0.763126,0.015489,0.055592,0.591985,31
P2-E3,clinical-sim,trimmed-mean,scale-10,0.2,20260202,0.808086,0.814418,-0.006332,-0.020554,0.496601,33
P2-E3,clinical-sim,trimmed-mean,scale-10,0.2,20260303,0.791784,0.798859,-0.007075,-0.024247,0.5804,34
P2-E3,clinical-sim,trimmed-mean,scale-10,0.2,20260404,0.757479,0.755833,0.001646,0.006392,0.576554,34
P2-E3,clinical-sim,trimmed-mean,scale-10,0.2,20260505,0.814815,0.81536,-0.000545,-0.001731,0.571999,33
P2-E3,clinical-sim,trimmed-mean,scale-10,0.2,20260606,0.769253,0.775705,-0.006452,-0.023964,0.530814,34
P2-E3,clinical-sim,trimmed-mean,scale-10,0.2,20260707,0.816046,0.797173,0.018874,0.059718,0.502981,32
P2-E3,clinical-sim,trimmed-mean,scale-10,0.2,20260808,0.796006,0.807706,-0.0117,-0.039526,0.517992,34
P2-E3,clinical-sim,trimmed-mean,scale-10,0.2,20260909,0.775046,0.785602,-0.010556,-0.03838,0.508272,33
P2-E3,clinical-sim,trimmed-mean,scale-10,0.2,20261010,0.800089,0.797079,0.00301,0.010031,0.466829,32
P2-E3,clinical-sim,trimmed-mean,scale-10,0.2,20261111,0.784318,0.79234,-0.008022,-0.028213,0.554286,33
P2-E3,clinical-sim,trimmed-mean,scale-10,0.2,20261212,0.820901,0.818567,0.002334,0.007274,0.510904,31
P2-E3,clinical-sim,trimmed-mean,scale-10,0.2,20261313,0.819987,0.817803,0.002183,0.006824,0.565183,31
P2-E3,clinical-sim,trimmed-mean,scale-10,0.2,20261414,0.762006,0.758951,0.003056,0.011662,0.463307,32
P2-E3,clinical-sim,trimmed-mean,scale-10,0.2,20261515,0.817303,0.812467,0.004836,0.015242,0.538775,32
P2-E3,clinical-sim,trimmed-mean,scale-10,0.2,20261616,0.805497,0.805144,0.000353,0.001155,0.530653,32
P2-E3,clinical-sim,trimmed-mean,scale-10,0.2,20261717,0.815103,0.815577,-0.000474,-0.001505,0.483491,31
P2-E3,clinical-sim,trimmed-mean,scale-10,0.2,20261818,0.814861,0.813884,0.000977,0.003103,0.567795,30
P2-E3,clinical-sim,trimmed-mean,scale-10,0.2,20261919,0.799893,0.801546,-0.001653,-0.005511,0.574967,34
P2-E3,clinical-sim,trimmed-mean,scale-10,0.3,20260000,0.811328,0.694635,0.116693,0.374824,0.273731,31
P2-E3,clinical-sim,trimmed-mean,scale-10,0.3,20260101,0.778615,0.597317,0.181297,0.65071,0.241189,31
P2-E3,clinical-sim,trimmed-mean,scale-10,0.3,20260202,0.808086,0.59673,0.211356,0.68603,0.348936,31
P2-E3,clinical-sim,trimmed-mean,scale-10,0.3,20260303,0.791784,0.734157,0.057628,0.197501,0.327386,32
P2-E3,clinical-sim,trimmed-mean,scale-10,0.3,20260404,0.757479,0.607408,0.150071,0.582848,0.146563,30
P2-E3,clinical-sim,trimmed-mean,scale-10,0.3,20260505,0.814815,0.741205,0.07361,0.233819,0.471756,31
P2-E3,clinical-sim,trimmed-mean,scale-10,0.3,20260606,0.769253,0.549622,0.219631,0.815704,0.146357,32
P2-E3,clinical-sim,trimmed-mean,scale-10,0.3,20260707,0.816046,0.809457,0.006589,0.020849,0.502008,30
P2-E3,clinical-sim,trimmed-mean,scale-10,0.3,20260808,0.796006,0.592134,0.203872,0.688742,0.178026,31
P2-E3,clinical-sim,trimmed-mean,scale-10,0.3,20260909,0.775046,0.616194,0.158852,0.577546,0.369243,30
P2-E3,clinical-sim,trimmed-mean,scale-10,0.3,20261010,0.800089,0.802199,-0.00211,-0.007031,0.456654,30
P2-E3,clinical-sim,trimmed-mean,scale-10,0.3,20261111,0.784318,0.599953,0.184365,0.648446,0.285788,30
P2-E3,clinical-sim,trimmed-mean,scale-10,0.3,20261212,0.820901,0.657732,0.163169,0.508472,0.318919,34
P2-E3,clinical-sim,trimmed-mean,scale-10,0.3,20261313,0.819987,0.730362,0.089624,0.280087,0.39491,36
P2-E3,clinical-sim,trimmed-mean,scale-10,0.3,20261414,0.762006,0.751027,0.010979,0.041904,0.461047,32
P2-E3,clinical-sim,trimmed-mean,scale-10,0.3,20261515,0.817303,0.725441,0.091862,0.289509,0.496607,30
P2-E3,clinical-sim,trimmed-mean,scale-10,0.3,20261616,0.805497,0.660741,0.144756,0.473838,0.274031,31
P2-E3,clinical-sim,trimmed-mean,scale-10,0.3,20261717,0.815103,0.813111,0.001991,0.00632,0.490473,32
P2-E3,clinical-sim,trimmed-mean,scale-10,0.3,20261818,0.814861,0.628157,0.186704,0.592973,0.38137,31
P2-E3,clinical-sim,trimmed-mean,scale-10,0.3,20261919,0.799893,0.583623,0.21627,0.721157,0.178522,31
P2-E3,clinical-sim,trimmed-mean,constant-5,0.1,20260000,0.811328,0.81679,-0.005462,-0.017544,0.485174,32
P2-E3,clinical-sim,trimmed-mean,constant-5,0.1,20260101,0.778615,0.78266,-0.004045,-0.014517,0.586271,32
P2-E3,clinical-sim,trimmed-mean,constant-5,0.1,20260202,0.808086,0.80409,0.003996,0.012969,0.515469,31
P2-E3,clinical-sim,trimmed-mean,constant-5,0.1,20260303,0.791784,0.793022,-0.001238,-0.004242,0.582196,32
P2-E3,clinical-sim,trimmed-mean,constant-5,0.1,20260404,0.757479,0.767852,-0.010373,-0.040286,0.586062,31
P2-E3,clinical-sim,trimmed-mean,constant-5,0.1,20260505,0.814815,0.818541,-0.003726,-0.011835,0.557795,31
P2-E3,clinical-sim,trimmed-mean,constant-5,0.1,20260606,0.769253,0.778824,-0.009571,-0.035546,0.527295,32
P2-E3,clinical-sim,trimmed-mean,constant-5,0.1,20260707,0.816046,0.817133,-0.001087,-0.003438,0.483846,31
P2-E3,clinical-sim,trimmed-mean,constant-5,0.1,20260808,0.796006,0.793496,0.00251,0.008479,0.522083,32
P2-E3,clinical-sim,trimmed-mean,constant-5,0.1,20260909,0.775046,0.751425,0.023622,0.085882,0.460215,32
P2-E3,clinical-sim,trimmed-mean,constant-5,0.1,20261010,0.800089,0.792787,0.007303,0.024335,0.467101,30
P2-E3,clinical-sim,trimmed-mean,constant-5,0.1,20261111,0.784318,0.760578,0.02374,0.083499,0.534555,32
P2-E3,clinical-sim,trimmed-mean,constant-5,0.1,20261212,0.820901,0.814121,0.006779,0.021126,0.521763,31
P2-E3,clinical-sim,trimmed-mean,constant-5,0.1,20261313,0.819987,0.814307,0.005679,0.017748,0.587582,30
P2-E3,clinical-sim,trimmed-mean,constant-5,0.1,20261414,0.762006,0.72867,0.033336,0.127234,0.47038,31
P2-E3,clinical-sim,trimmed-mean,constant-5,0.1,20261515,0.817303,0.824051,-0.006748,-0.021265,0.544657,30
P2-E3,clinical-sim,trimmed-mean,constant-5,0.1,20261616,0.805497,0.803038,0.002459,0.008049,0.527168,30
P2-E3,clinical-sim,trimmed-mean,constant-5,0.1,20261717,0.815103,0.803565,0.011538,0.036616,0.485091,31
P2-E3,clinical-sim,trimmed-mean,constant-5,0.1,20261818,0.814861,0.815956,-0.001095,-0.003477,0.57085,31
P2-E3,clinical-sim,trimmed-mean,constant-5,0.1,20261919,0.799893,0.786003,0.01389,0.046316,0.563309,31
P2-E3,clinical-sim,trimmed-mean,constant-5,0.2,20260000,0.811328,0.71045,0.100878,0.324024,0.540083,30
P2-E3,clinical-sim,trimmed-mean,constant-5,0.2,20260101,0.778615,0.674615,0.104,0.373275,0.532245,29
P2-E3,clinical-sim,trimmed-mean,constant-5,0.2,20260202,0.808086,0.679901,0.128184,0.416067,0.491656,29
P2-E3,clinical-sim,trimmed-mean,constant-5,0.2,20260303,0.791784,0.711177,0.080607,0.276256,0.529156,30
P2-E3,clinical-sim,trimmed-mean,constant-5,0.2,20260404,0.757479,0.655501,0.101978,0.396065,0.570519,29
P2-E3,clinical-sim,trimmed-mean,constant-5,0.2,20260505,0.814815,0.724615,0.0902,0.286517,0.489613,30
P2-E3,clinical-sim,trimmed-mean,constant-5,0.2,20260606,0.769253,0.683537,0.085716,0.318349,0.546136,31
P2-E3,clinical-sim,trimmed-mean,constant-5,0.2,20260707,0.816046,0.686389,0.129657,0.410248,0.463173,30
P2-E3,clinical-sim,trimmed-mean,constant-5,0.2,20260808,0.796006,0.699052,0.096954,0.327539,0.50534,30
P2-E3,clinical-sim,trimmed-mean,constant-5,0.2,20260909,0.775046,0.649058,0.125988,0.45806,0.497177,29
P2-E3,clinical-sim,trimmed-mean,constant-5,0.2,20261010,0.800089,0.704022,0.096067,0.320129,0.4787,30
P2-E3,clinical-sim,trimmed-mean,constant-5,0.2,20261111,0.784318,0.678869,0.10545,0.370886,0.536065,31
P2-E3,clinical-sim,trimmed-mean,constant-5,0.2,20261212,0.820901,0.674668,0.146233,0.455695,0.532124,29
P2-E3,clinical-sim,trimmed-mean,constant-5,0.2,20261313,0.819987,0.692814,0.127173,0.397431,0.571471,30
P2-E3,clinical-sim,trimmed-mean,constant-5,0.2,20261414,0.762006,0.642086,0.11992,0.457699,0.490106,29
P2-E3,clinical-sim,trimmed-mean,constant-5,0.2,20261515,0.817303,0.7191,0.098203,0.309492,0.531355,29
P2-E3,clinical-sim,trimmed-mean,constant-5,0.2,20261616,0.805497,0.676337,0.12916,0.422787,0.41028,28
P2-E3,clinical-sim,trimmed-mean,constant-5,0.2,20261717,0.815103,0.678329,0.136774,0.43406,0.462535,30
P2-E3,clinical-sim,trimmed-mean,constant-5,0.2,20261818,0.814861,0.731198,0.083663,0.265713,0.54992,30
P2-E3,clinical-sim,trimmed-mean,constant-5,0.2,20261919,0.799893,0.648651,0.151242,0.50432,0.467271,29
P2-E3,clinical-sim,trimmed-mean,constant-5,0.3,20260000,0.811328,0.672664,0.138664,0.445394,0.52033,27
P2-E3,clinical-sim,trimmed-mean,constant-5,0.3,20260101,0.778615,0.621486,0.157129,0.563965,0.518662,30
P2-E3,clinical-sim,trimmed-mean,constant-5,0.3,20260202,0.808086,0.629496,0.17859,0.579676,0.452601,27
P2-E3,clinical-sim,trimmed-mean,constant-5,0.3,20260303,0.791784,0.67673,0.115054,0.394312,0.502675,29
P2-E3,clinical-sim,trimmed-mean,constant-5,0.3,20260404,0.757479,0.640807,0.116672,0.453134,0.553489,27
P2-E3,clinical-sim,trimmed-mean,constant-5,0.3,20260505,0.814815,0.676952,0.137863,0.437917,0.470836,29
P2-E3,clinical-sim,trimmed-mean,constant-5,0.3,20260606,0.769253,0.635412,0.13384,0.497081,0.556293,30
P2-E3,clinical-sim,trimmed-mean,constant-5,0.3,20260707,0.816046,0.632846,0.1832,0.579662,0.487597,28
P2-E3,clinical-sim,trimmed-mean,constant-5,0.3,20260808,0.796006,0.643451,0.152555,0.515378,0.482634,28
P2-E3,clinical-sim,trimmed-mean,constant-5,0.3,20260909,0.775046,0.627326,0.14772,0.537072,0.467831,27
P2-E3,clinical-sim,trimmed-mean,constant-5,0.3,20261010,0.800089,0.659252,0.140838,0.469319,0.466558,28
P2-E3,clinical-sim,trimmed-mean,constant-5,0.3,20261111,0.784318,0.640372,0.143946,0.506285,0.500533,28
P2-E3,clinical-sim,trimmed-mean,constant-5,0.3,20261212,0.820901,0.632792,0.188109,0.586192,0.533345,27
P2-E3,clinical-sim,trimmed-mean,constant-5,0.3,20261313,0.819987,0.648256,0.171731,0.536681,0.541065,29
P2-E3,clinical-sim,trimmed-mean,constant-5,0.3,20261414,0.762006,0.615889,0.146117,0.557684,0.464845,28
P2-E3,clinical-sim,trimmed-mean,constant-5,0.3,20261515,0.817303,0.664826,0.152478,0.480542,0.517057,29
P2-E3,clinical-sim,trimmed-mean,constant-5,0.3,20261616,0.805497,0.636504,0.168992,0.553173,0.417926,29
P2-E3,clinical-sim,trimmed-mean,constant-5,0.3,20261717,0.815103,0.624262,0.19084,0.605645,0.46354,30
P2-E3,clinical-sim,trimmed-mean,constant-5,0.3,20261818,0.814861,0.680797,0.134064,0.425788,0.524565,33
P2-E3,clinical-sim,trimmed-mean,constant-5,0.3,20261919,0.799893,0.615462,0.184431,0.61499,0.461672,26
P2-E3,clinical-sim,trimmed-mean,gaussian-5,0.1,20260000,0.811328,0.798242,0.013086,0.042032,0.469904,31
P2-E3,clinical-sim,trimmed-mean,gaussian-5,0.1,20260101,0.778615,0.785055,-0.00644,-0.023115,0.602894,31
P2-E3,clinical-sim,trimmed-mean,gaussian-5,0.1,20260202,0.808086,0.804701,0.003384,0.010985,0.512948,31
P2-E3,clinical-sim,trimmed-mean,gaussian-5,0.1,20260303,0.791784,0.78607,0.005714,0.019583,0.58592,32
P2-E3,clinical-sim,trimmed-mean,gaussian-5,0.1,20260404,0.757479,0.762479,-0.005,-0.019417,0.576554,31
P2-E3,clinical-sim,trimmed-mean,gaussian-5,0.1,20260505,0.814815,0.818083,-0.003268,-0.01038,0.565607,36
P2-E3,clinical-sim,trimmed-mean,gaussian-5,0.1,20260606,0.769253,0.759051,0.010201,0.037888,0.514357,31
P2-E3,clinical-sim,trimmed-mean,gaussian-5,0.1,20260707,0.816046,0.806713,0.009334,0.029533,0.489135,31
P2-E3,clinical-sim,trimmed-mean,gaussian-5,0.1,20260808,0.796006,0.784437,0.011569,0.039084,0.508805,31
P2-E3,clinical-sim,trimmed-mean,gaussian-5,0.1,20260909,0.775046,0.760261,0.014785,0.053754,0.48083,30
P2-E3,clinical-sim,trimmed-mean,gaussian-5,0.1,20261010,0.800089,0.798824,0.001265,0.004217,0.462488,31
P2-E3,clinical-sim,trimmed-mean,gaussian-5,0.1,20261111,0.784318,0.765281,0.019037,0.066958,0.553208,31
P2-E3,clinical-sim,trimmed-mean,gaussian-5,0.1,20261212,0.820901,0.820571,0.00033,0.001028,0.53112,41
P2-E3,clinical-sim,trimmed-mean,gaussian-5,0.1,20261313,0.819987,0.814369,0.005618,0.017556,0.564594,33
P2-E3,clinical-sim,trimmed-mean,gaussian-5,0.1,20261414,0.762006,0.739983,0.022023,0.084055,0.466844,31
P2-E3,clinical-sim,trimmed-mean,gaussian-5,0.1,20261515,0.817303,0.811738,0.005565,0.017539,0.556963,31
P2-E3,clinical-sim,trimmed-mean,gaussian-5,0.1,20261616,0.805497,0.806356,-0.00086,-0.002814,0.523119,34
P2-E3,clinical-sim,trimmed-mean,gaussian-5,0.1,20261717,0.815103,0.800023,0.01508,0.047857,0.509673,31
P2-E3,clinical-sim,trimmed-mean,gaussian-5,0.1,20261818,0.814861,0.809984,0.004877,0.015489,0.567871,31
P2-E3,clinical-sim,trimmed-mean,gaussian-5,0.1,20261919,0.799893,0.798112,0.001781,0.00594,0.558341,32
P2-E3,clinical-sim,trimmed-mean,gaussian-5,0.2,20260000,0.811328,0.603701,0.207627,0.666909,0.430487,32
P2-E3,clinical-sim,trimmed-mean,gaussian-5,0.2,20260101,0.778615,0.591138,0.187477,0.672888,0.522841,31
P2-E3,clinical-sim,trimmed-mean,gaussian-5,0.2,20260202,0.808086,0.61865,0.189436,0.614881,0.50932,31
P2-E3,clinical-sim,trimmed-mean,gaussian-5,0.2,20260303,0.791784,0.60833,0.183455,0.628734,0.478241,31
P2-E3,clinical-sim,trimmed-mean,gaussian-5,0.2,20260404,0.757479,0.589515,0.167964,0.652342,0.509838,30
P2-E3,clinical-sim,trimmed-mean,gaussian-5,0.2,20260505,0.814815,0.622855,0.19196,0.609756,0.455409,31
P2-E3,clinical-sim,trimmed-mean,gaussian-5,0.2,20260606,0.769253,0.571331,0.197922,0.73508,0.434819,30
P2-E3,clinical-sim,trimmed-mean,gaussian-5,0.2,20260707,0.816046,0.6304,0.185646,0.587402,0.468013,31
P2-E3,clinical-sim,trimmed-mean,gaussian-5,0.2,20260808,0.796006,0.605341,0.190665,0.644124,0.434343,31
P2-E3,clinical-sim,trimmed-mean,gaussian-5,0.2,20260909,0.775046,0.581469,0.193577,0.7038,0.414519,32
P2-E3,clinical-sim,trimmed-mean,gaussian-5,0.2,20261010,0.800089,0.619674,0.180415,0.601206,0.438693,31
P2-E3,clinical-sim,trimmed-mean,gaussian-5,0.2,20261111,0.784318,0.601577,0.182741,0.642734,0.457452,31
P2-E3,clinical-sim,trimmed-mean,gaussian-5,0.2,20261212,0.820901,0.622934,0.197967,0.61691,0.513709,33
P2-E3,clinical-sim,trimmed-mean,gaussian-5,0.2,20261313,0.819987,0.610349,0.209638,0.655146,0.428087,32
P2-E3,clinical-sim,trimmed-mean,gaussian-5,0.2,20261414,0.762006,0.607442,0.154564,0.589924,0.496846,33
P2-E3,clinical-sim,trimmed-mean,gaussian-5,0.2,20261515,0.817303,0.583176,0.234127,0.737865,0.52181,31
P2-E3,clinical-sim,trimmed-mean,gaussian-5,0.2,20261616,0.805497,0.611559,0.193938,0.634827,0.470243,32
P2-E3,clinical-sim,trimmed-mean,gaussian-5,0.2,20261717,0.815103,0.603942,0.211161,0.670133,0.43617,30
P2-E3,clinical-sim,trimmed-mean,gaussian-5,0.2,20261818,0.814861,0.604606,0.210254,0.667769,0.480865,31
P2-E3,clinical-sim,trimmed-mean,gaussian-5,0.2,20261919,0.799893,0.605912,0.193981,0.646834,0.411616,31
P2-E3,clinical-sim,trimmed-mean,gaussian-5,0.3,20260000,0.811328,0.53985,0.271478,0.871999,0.40578,31
P2-E3,clinical-sim,trimmed-mean,gaussian-5,0.3,20260101,0.778615,0.529359,0.249256,0.894626,0.467699,30
P2-E3,clinical-sim,trimmed-mean,gaussian-5,0.3,20260202,0.808086,0.563641,0.244444,0.79343,0.476677,30
P2-E3,clinical-sim,trimmed-mean,gaussian-5,0.3,20260303,0.791784,0.550839,0.240945,0.825765,0.444724,31
P2-E3,clinical-sim,trimmed-mean,gaussian-5,0.3,20260404,0.757479,0.550755,0.206724,0.802876,0.484264,29
P2-E3,clinical-sim,trimmed-mean,gaussian-5,0.3,20260505,0.814815,0.563402,0.251413,0.798606,0.431102,30
P2-E3,clinical-sim,trimmed-mean,gaussian-5,0.3,20260606,0.769253,0.519807,0.249446,0.926436,0.410918,32
P2-E3,clinical-sim,trimmed-mean,gaussian-5,0.3,20260707,0.816046,0.565302,0.250745,0.793379,0.393086,30
P2-E3,clinical-sim,trimmed-mean,gaussian-5,0.3,20260808,0.796006,0.555873,0.240133,0.811244,0.416772,32
P2-E3,clinical-sim,trimmed-mean,gaussian-5,0.3,20260909,0.775046,0.533731,0.241315,0.877362,0.410577,29
P2-E3,clinical-sim,trimmed-mean,gaussian-5,0.3,20261010,0.800089,0.554941,0.245148,0.816917,0.429107,32
P2-E3,clinical-sim,trimmed-mean,gaussian-5,0.3,20261111,0.784318,0.547283,0.237035,0.833696,0.411497,31
P2-E3,clinical-sim,trimmed-mean,gaussian-5,0.3,20261212,0.820901,0.56174,0.259161,0.807606,0.491323,29
P2-E3,clinical-sim,trimmed-mean,gaussian-5,0.3,20261313,0.819987,0.546131,0.273855,0.855833,0.42067,31
P2-E3,clinical-sim,trimmed-mean,gaussian-5,0.3,20261414,0.762006,0.554223,0.207783,0.793048,0.468112,30
P2-E3,clinical-sim,trimmed-mean,gaussian-5,0.3,20261515,0.817303,0.518351,0.298952,0.942166,0.47906,30
P2-E3,clinical-sim,trimmed-mean,gaussian-5,0.3,20261616,0.805497,0.554759,0.250738,0.820755,0.457251,31
P2-E3,clinical-sim,trimmed-mean,gaussian-5,0.3,20261717,0.815103,0.555322,0.259781,0.824432,0.407106,31
P2-E3,clinical-sim,trimmed-mean,gaussian-5,0.3,20261818,0.814861,0.540576,0.274285,0.871129,0.450901,31
P2-E3,clinical-sim,trimmed-mean,gaussian-5,0.3,20261919,0.799893,0.553746,0.246147,0.820783,0.369917,30
P2-E3,clinical-sim,trust-weighted,sign-flip-5,0.1,20260000,0.814815,0.808806,0.006009,0.019087,0.470703,32
P2-E3,clinical-sim,trust-weighted,sign-flip-5,0.1,20260101,0.764871,0.778657,-0.013786,-0.052048,0.593098,37
P2-E3,clinical-sim,trust-weighted,sign-flip-5,0.1,20260202,0.810295,0.811328,-0.001034,-0.003331,0.496142,33
P2-E3,clinical-sim,trust-weighted,sign-flip-5,0.1,20260303,0.784472,0.726093,0.058379,0.20522,0.583658,32
P2-E3,clinical-sim,trust-weighted,sign-flip-5,0.1,20260404,0.745376,0.772275,-0.026899,-0.109625,0.581019,34
P2-E3,clinical-sim,trust-weighted,sign-flip-5,0.1,20260505,0.815939,0.820224,-0.004285,-0.013562,0.570668,34
P2-E3,clinical-sim,trust-weighted,sign-flip-5,0.1,20260606,0.76405,0.773853,-0.009803,-0.037124,0.524231,34
P2-E3,clinical-sim,trust-weighted,sign-flip-5,0.1,20260707,0.81484,0.809621,0.005219,0.016575,0.490577,36
P2-E3,clinical-sim,trust-weighted,sign-flip-5,0.1,20260808,0.791253,0.671159,0.120094,0.412336,0.367213,33
P2-E3,clinical-sim,trust-weighted,sign-flip-5,0.1,20260909,0.77535,0.7424,0.03295,0.119666,0.460741,36
P2-E3,clinical-sim,trust-weighted,sign-flip-5,0.1,20261010,0.801742,0.779201,0.022541,0.074702,0.469543,32
P2-E3,clinical-sim,trust-weighted,sign-flip-5,0.1,20261111,0.780769,0.717679,0.063089,0.224703,0.426647,31
P2-E3,clinical-sim,trust-weighted,sign-flip-5,0.1,20261212,0.822044,0.814094,0.007951,0.024689,0.521853,32
P2-E3,clinical-sim,trust-weighted,sign-flip-5,0.1,20261313,0.821302,0.79734,0.023962,0.074578,0.576972,31
P2-E3,clinical-sim,trust-weighted,sign-flip-5,0.1,20261414,0.762388,0.656515,0.105873,0.403497,0.469251,32
P2-E3,clinical-sim,trust-weighted,sign-flip-5,0.1,20261515,0.81305,0.822767,-0.009717,-0.031041,0.550719,33
P2-E3,clinical-sim,trust-weighted,sign-flip-5,0.1,20261616,0.80681,0.805306,0.001504,0.004902,0.521895,33
P2-E3,clinical-sim,trust-weighted,sign-flip-5,0.1,20261717,0.815164,0.786943,0.028222,0.089546,0.502982,32
P2-E3,clinical-sim,trust-weighted,sign-flip-5,0.1,20261818,0.815037,0.805589,0.009449,0.029992,0.567795,32
P2-E3,clinical-sim,trust-weighted,sign-flip-5,0.1,20261919,0.800016,0.766076,0.03394,0.113128,0.56632,32
P2-E3,clinical-sim,trust-weighted,sign-flip-5,0.2,20260000,0.814815,0.818006,-0.003191,-0.010137,0.485884,34
P2-E3,clinical-sim,trust-weighted,sign-flip-5,0.2,20260101,0.764871,0.79688,-0.03201,-0.12085,0.593618,32
P2-E3,clinical-sim,trust-weighted,sign-flip-5,0.2,20260202,0.810295,0.804084,0.00621,0.020013,0.510351,31
P2-E3,clinical-sim,trust-weighted,sign-flip-5,0.2,20260303,0.784472,0.684188,0.100284,0.352526,0.543555,33
P2-E3,clinical-sim,trust-weighted,sign-flip-5,0.2,20260404,0.745376,0.683789,0.061587,0.250992,0.560351,32
P2-E3,clinical-sim,trust-weighted,sign-flip-5,0.2,20260505,0.815939,0.814849,0.00109,0.003451,0.574803,34
P2-E3,clinical-sim,trust-weighted,sign-flip-5,0.2,20260606,0.76405,0.782701,-0.018651,-0.070634,0.518329,32
P2-E3,clinical-sim,trust-weighted,sign-flip-5,0.2,20260707,0.81484,0.681347,0.133493,0.424002,0.439461,31
P2-E3,clinical-sim,trust-weighted,sign-flip-5,0.2,20260808,0.791253,0.740846,0.050407,0.17307,0.521612,37
P2-E3,clinical-sim,trust-weighted,sign-flip-5,0.2,20260909,0.77535,0.733532,0.041817,0.15187,0.465599,33
P2-E3,clinical-sim,trust-weighted,sign-flip-5,0.2,20261010,0.801742,0.795014,0.006728,0.022299,0.471171,32
P2-E3,clinical-sim,trust-weighted,sign-flip-5,0.2,20261111,0.780769,0.733367,0.047402,0.168828,0.437031,33
P2-E3,clinical-sim,trust-weighted,sign-flip-5,0.2,20261212,0.822044,0.772648,0.049397,0.153385,0.506651,32
P2-E3,clinical-sim,trust-weighted,sign-flip-5,0.2,20261313,0.821302,0.775338,0.045964,0.143055,0.560087,33
P2-E3,clinical-sim,trust-weighted,sign-flip-5,0.2,20261414,0.762388,0.700384,0.062003,0.236304,0.467138,33
P2-E3,clinical-sim,trust-weighted,sign-flip-5,0.2,20261515,0.81305,0.823797,-0.010748,-0.034332,0.557959,32
P2-E3,clinical-sim,trust-weighted,sign-flip-5,0.2,20261616,0.80681,0.772927,0.033883,0.110436,0.534568,31
P2-E3,clinical-sim,trust-weighted,sign-flip-5,0.2,20261717,0.815164,0.647489,0.167675,0.532025,0.430836,31
P2-E3,clinical-sim,trust-weighted,sign-flip-5,0.2,20261818,0.815037,0.803954,0.011084,0.035182,0.564816,32
P2-E3,clinical-sim,trust-weighted,sign-flip-5,0.2,20261919,0.800016,0.738475,0.061541,0.205126,0.558416,30
P2-E3,clinical-sim,trust-weighted,sign-flip-5,0.3,20260000,0.814815,0.829061,-0.014246,-0.045253,0.493519,31
P2-E3,clinical-sim,trust-weighted,sign-flip-5,0.3,20260101,0.764871,0.789731,-0.02486,-0.093856,0.602375,33
P2-E3,clinical-sim,trust-weighted,sign-flip-5,0.3,20260202,0.810295,0.815535,-0.00524,-0.016888,0.479261,34
P2-E3,clinical-sim,trust-weighted,sign-flip-5,0.3,20260303,0.784472,0.763197,0.021275,0.074788,0.5823,36
P2-E3,clinical-sim,trust-weighted,sign-flip-5,0.3,20260404,0.745376,0.651977,0.093399,0.380637,0.506448,33
P2-E3,clinical-sim,trust-weighted,sign-flip-5,0.3,20260505,0.815939,0.806341,0.009598,0.03038,0.56924,32
P2-E3,clinical-sim,trust-weighted,sign-flip-5,0.3,20260606,0.76405,0.558404,0.205647,0.778816,0.318996,32
P2-E3,clinical-sim,trust-weighted,sign-flip-5,0.3,20260707,0.81484,0.569473,0.245367,0.77934,0.254321,38
P2-E3,clinical-sim,trust-weighted,sign-flip-5,0.3,20260808,0.791253,0.481678,0.309575,1.062906,0.126585,36
P2-E3,clinical-sim,trust-weighted,sign-flip-5,0.3,20260909,0.77535,0.722574,0.052775,0.191667,0.545288,34
P2-E3,clinical-sim,trust-weighted,sign-flip-5,0.3,20261010,0.801742,0.757062,0.04468,0.148073,0.479039,34
P2-E3,clinical-sim,trust-weighted,sign-flip-5,0.3,20261111,0.780769,0.429717,0.351052,1.250325,0.329477,35
P2-E3,clinical-sim,trust-weighted,sign-flip-5,0.3,20261212,0.822044,0.371514,0.450531,1.39897,0.150961,32
P2-E3,clinical-sim,trust-weighted,sign-flip-5,0.3,20261313,0.821302,0.621891,0.19941,0.620633,0.447495,33
P2-E3,clinical-sim,trust-weighted,sign-flip-5,0.3,20261414,0.762388,0.760396,0.001992,0.007592,0.47431,31
P2-E3,clinical-sim,trust-weighted,sign-flip-5,0.3,20261515,0.81305,0.794291,0.018759,0.059924,0.533526,31
P2-E3,clinical-sim,trust-weighted,sign-flip-5,0.3,20261616,0.80681,0.503254,0.303556,0.989394,0.194963,33
P2-E3,clinical-sim,trust-weighted,sign-flip-5,0.3,20261717,0.815164,0.756788,0.058376,0.185224,0.461818,35
P2-E3,clinical-sim,trust-weighted,sign-flip-5,0.3,20261818,0.815037,0.792598,0.022439,0.071226,0.588496,34
P2-E3,clinical-sim,trust-weighted,sign-flip-5,0.3,20261919,0.800016,0.525612,0.274404,0.91463,0.223153,31
P2-E3,clinical-sim,trust-weighted,scale-10,0.1,20260000,0.814815,0.814533,0.000282,0.000895,0.486328,33
P2-E3,clinical-sim,trust-weighted,scale-10,0.1,20260101,0.764871,0.76762,-0.002749,-0.010378,0.592727,33
P2-E3,clinical-sim,trust-weighted,scale-10,0.1,20260202,0.810295,0.809708,0.000586,0.001889,0.497288,32
P2-E3,clinical-sim,trust-weighted,scale-10,0.1,20260303,0.784472,0.788311,-0.003839,-0.013496,0.5785,33
P2-E3,clinical-sim,trust-weighted,scale-10,0.1,20260404,0.745376,0.744573,0.000803,0.003274,0.575893,32
P2-E3,clinical-sim,trust-weighted,scale-10,0.1,20260505,0.815939,0.814262,0.001677,0.005309,0.557972,32
P2-E3,clinical-sim,trust-weighted,scale-10,0.1,20260606,0.76405,0.769334,-0.005283,-0.020009,0.526387,33
P2-E3,clinical-sim,trust-weighted,scale-10,0.1,20260707,0.81484,0.815261,-0.000421,-0.001336,0.492212,32
P2-E3,clinical-sim,trust-weighted,scale-10,0.1,20260808,0.791253,0.800296,-0.009042,-0.031046,0.522412,33
P2-E3,clinical-sim,trust-weighted,scale-10,0.1,20260909,0.77535,0.778704,-0.003355,-0.012184,0.499737,33
P2-E3,clinical-sim,trust-weighted,scale-10,0.1,20261010,0.801742,0.801815,-0.000072,-0.00024,0.468457,33
P2-E3,clinical-sim,trust-weighted,scale-10,0.1,20261111,0.780769,0.786377,-0.005608,-0.019974,0.542102,32
P2-E3,clinical-sim,trust-weighted,scale-10,0.1,20261212,0.822044,0.822193,-0.000148,-0.00046,0.516786,32
P2-E3,clinical-sim,trust-weighted,scale-10,0.1,20261313,0.821302,0.822416,-0.001114,-0.003467,0.567737,32
P2-E3,clinical-sim,trust-weighted,scale-10,0.1,20261414,0.762388,0.772402,-0.010014,-0.038165,0.455939,43
P2-E3,clinical-sim,trust-weighted,scale-10,0.1,20261515,0.81305,0.809537,0.003513,0.011222,0.542847,33
P2-E3,clinical-sim,trust-weighted,scale-10,0.1,20261616,0.80681,0.806866,-0.000056,-0.000183,0.525756,32
P2-E3,clinical-sim,trust-weighted,scale-10,0.1,20261717,0.815164,0.816349,-0.001185,-0.003761,0.471855,31
P2-E3,clinical-sim,trust-weighted,scale-10,0.1,20261818,0.815037,0.815844,-0.000806,-0.002559,0.565961,32
P2-E3,clinical-sim,trust-weighted,scale-10,0.1,20261919,0.800016,0.80614,-0.006124,-0.020413,0.571981,31
P2-E3,clinical-sim,trust-weighted,scale-10,0.2,20260000,0.814815,0.814639,0.000176,0.000558,0.485263,31
P2-E3,clinical-sim,trust-weighted,scale-10,0.2,20260101,0.764871,0.775552,-0.010681,-0.040326,0.593692,31
P2-E3,clinical-sim,trust-weighted,scale-10,0.2,20260202,0.810295,0.811278,-0.000984,-0.00317,0.495837,32
P2-E3,clinical-sim,trust-weighted,scale-10,0.2,20260303,0.784472,0.790927,-0.006455,-0.02269,0.5785,35
P2-E3,clinical-sim,trust-weighted,scale-10,0.2,20260404,0.745376,0.752218,-0.006842,-0.027884,0.57581,34
P2-E3,clinical-sim,trust-weighted,scale-10,0.2,20260505,0.815939,0.81404,0.001899,0.006012,0.557972,31
P2-E3,clinical-sim,trust-weighted,scale-10,0.2,20260606,0.76405,0.769099,-0.005049,-0.019122,0.526614,33
P2-E3,clinical-sim,trust-weighted,scale-10,0.2,20260707,0.81484,0.816158,-0.001318,-0.004186,0.493462,33
P2-E3,clinical-sim,trust-weighted,scale-10,0.2,20260808,0.791253,0.801714,-0.01046,-0.035915,0.524095,33
P2-E3,clinical-sim,trust-weighted,scale-10,0.2,20260909,0.77535,0.779356,-0.004007,-0.014551,0.497505,34
P2-E3,clinical-sim,trust-weighted,scale-10,0.2,20261010,0.801742,0.801207,0.000535,0.001774,0.468457,32
P2-E3,clinical-sim,trust-weighted,scale-10,0.2,20261111,0.780769,0.786069,-0.005301,-0.018879,0.54221,32
P2-E3,clinical-sim,trust-weighted,scale-10,0.2,20261212,0.822044,0.822992,-0.000948,-0.002943,0.519048,33
P2-E3,clinical-sim,trust-weighted,scale-10,0.2,20261313,0.821302,0.821631,-0.000329,-0.001025,0.568523,33
P2-E3,clinical-sim,trust-weighted,scale-10,0.2,20261414,0.762388,0.77147,-0.009082,-0.034615,0.455349,33
P2-E3,clinical-sim,trust-weighted,scale-10,0.2,20261515,0.81305,0.818882,-0.005833,-0.018632,0.549091,31
P2-E3,clinical-sim,trust-weighted,scale-10,0.2,20261616,0.80681,0.80797,-0.001159,-0.003779,0.524155,31
P2-E3,clinical-sim,trust-weighted,scale-10,0.2,20261717,0.815164,0.817089,-0.001924,-0.006106,0.475636,32
P2-E3,clinical-sim,trust-weighted,scale-10,0.2,20261818,0.815037,0.816163,-0.001125,-0.003572,0.566572,32
P2-E3,clinical-sim,trust-weighted,scale-10,0.2,20261919,0.800016,0.804177,-0.004161,-0.01387,0.569107,32
P2-E3,clinical-sim,trust-weighted,scale-10,0.3,20260000,0.814815,0.813735,0.00108,0.003429,0.486239,31
P2-E3,clinical-sim,trust-weighted,scale-10,0.3,20260101,0.764871,0.77696,-0.012089,-0.045642,0.593915,32
P2-E3,clinical-sim,trust-weighted,scale-10,0.3,20260202,0.810295,0.809489,0.000806,0.002597,0.49851,31
P2-E3,clinical-sim,trust-weighted,scale-10,0.3,20260303,0.784472,0.791421,-0.006949,-0.024428,0.578409,46
P2-E3,clinical-sim,trust-weighted,scale-10,0.3,20260404,0.745376,0.750606,-0.00523,-0.021314,0.57581,46
P2-E3,clinical-sim,trust-weighted,scale-10,0.3,20260505,0.815939,0.81493,0.001009,0.003193,0.558416,32
P2-E3,clinical-sim,trust-weighted,scale-10,0.3,20260606,0.76405,0.768076,-0.004025,-0.015245,0.527409,34
P2-E3,clinical-sim,trust-weighted,scale-10,0.3,20260707,0.81484,0.82151,-0.00667,-0.021186,0.501154,32
P2-E3,clinical-sim,trust-weighted,scale-10,0.3,20260808,0.791253,0.803257,-0.012004,-0.041214,0.522517,32
P2-E3,clinical-sim,trust-weighted,scale-10,0.3,20260909,0.77535,0.777505,-0.002155,-0.007827,0.495142,32
P2-E3,clinical-sim,trust-weighted,scale-10,0.3,20261010,0.801742,0.802068,-0.000326,-0.001081,0.467508,31
P2-E3,clinical-sim,trust-weighted,scale-10,0.3,20261111,0.780769,0.787389,-0.00662,-0.023579,0.541887,35
P2-E3,clinical-sim,trust-weighted,scale-10,0.3,20261212,0.822044,0.822928,-0.000883,-0.002743,0.518958,34
P2-E3,clinical-sim,trust-weighted,scale-10,0.3,20261313,0.821302,0.820629,0.000673,0.002094,0.571962,33
P2-E3,clinical-sim,trust-weighted,scale-10,0.3,20261414,0.762388,0.766664,-0.004276,-0.016297,0.455644,32
P2-E3,clinical-sim,trust-weighted,scale-10,0.3,20261515,0.81305,0.818894,-0.005844,-0.018668,0.549272,32
P2-E3,clinical-sim,trust-weighted,scale-10,0.3,20261616,0.80681,0.808894,-0.002084,-0.006791,0.523496,32
P2-E3,clinical-sim,trust-weighted,scale-10,0.3,20261717,0.815164,0.816112,-0.000948,-0.003009,0.473455,31
P2-E3,clinical-sim,trust-weighted,scale-10,0.3,20261818,0.815037,0.81621,-0.001173,-0.003724,0.566725,32
P2-E3,clinical-sim,trust-weighted,scale-10,0.3,20261919,0.800016,0.805134,-0.005117,-0.017057,0.558492,31
P2-E3,clinical-sim,trust-weighted,constant-5,0.1,20260000,0.814815,0.793982,0.020832,0.066174,0.509677,33
P2-E3,clinical-sim,trust-weighted,constant-5,0.1,20260101,0.764871,0.745685,0.019186,0.072433,0.569202,33
P2-E3,clinical-sim,trust-weighted,constant-5,0.1,20260202,0.810295,0.783734,0.02656,0.085597,0.547552,36
P2-E3,clinical-sim,trust-weighted,constant-5,0.1,20260303,0.784472,0.74843,0.036042,0.126699,0.572968,37
P2-E3,clinical-sim,trust-weighted,constant-5,0.1,20260404,0.745376,0.735222,0.010154,0.04138,0.580853,38
P2-E3,clinical-sim,trust-weighted,constant-5,0.1,20260505,0.815939,0.804723,0.011217,0.035502,0.536133,34
P2-E3,clinical-sim,trust-weighted,constant-5,0.1,20260606,0.76405,0.733823,0.030228,0.114477,0.526047,37
P2-E3,clinical-sim,trust-weighted,constant-5,0.1,20260707,0.81484,0.804149,0.010691,0.033956,0.478942,33
P2-E3,clinical-sim,trust-weighted,constant-5,0.1,20260808,0.791253,0.771447,0.019806,0.068004,0.53602,33
P2-E3,clinical-sim,trust-weighted,constant-5,0.1,20260909,0.77535,0.722981,0.052368,0.190188,0.460872,32
P2-E3,clinical-sim,trust-weighted,constant-5,0.1,20261010,0.801742,0.777189,0.024553,0.081371,0.471306,33
P2-E3,clinical-sim,trust-weighted,constant-5,0.1,20261111,0.780769,0.738349,0.04242,0.151084,0.523342,32
P2-E3,clinical-sim,trust-weighted,constant-5,0.1,20261212,0.822044,0.781239,0.040806,0.126708,0.533164,33
P2-E3,clinical-sim,trust-weighted,constant-5,0.1,20261313,0.821302,0.780344,0.040958,0.127474,0.588368,32
P2-E3,clinical-sim,trust-weighted,constant-5,0.1,20261414,0.762388,0.630039,0.132348,0.5044,0.431026,32
P2-E3,clinical-sim,trust-weighted,constant-5,0.1,20261515,0.81305,0.808847,0.004203,0.013425,0.533164,33
P2-E3,clinical-sim,trust-weighted,constant-5,0.1,20261616,0.80681,0.769536,0.037274,0.121489,0.484572,32
P2-E3,clinical-sim,trust-weighted,constant-5,0.1,20261717,0.815164,0.77676,0.038404,0.121854,0.481016,33
P2-E3,clinical-sim,trust-weighted,constant-5,0.1,20261818,0.815037,0.808226,0.006811,0.021621,0.562066,37
P2-E3,clinical-sim,trust-weighted,constant-5,0.1,20261919,0.800016,0.743148,0.056868,0.18955,0.540137,32
P2-E3,clinical-sim,trust-weighted,constant-5,0.2,20260000,0.814815,0.764243,0.050572,0.16064,0.531605,33
P2-E3,clinical-sim,trust-weighted,constant-5,0.2,20260101,0.764871,0.721576,0.043295,0.163457,0.554991,31
P2-E3,clinical-sim,trust-weighted,constant-5,0.2,20260202,0.810295,0.74449,0.065804,0.212071,0.535424,32
P2-E3,clinical-sim,trust-weighted,constant-5,0.2,20260303,0.784472,0.741412,0.04306,0.151368,0.549628,33
P2-E3,clinical-sim,trust-weighted,constant-5,0.2,20260404,0.745376,0.678444,0.066932,0.272775,0.570685,32
P2-E3,clinical-sim,trust-weighted,constant-5,0.2,20260505,0.815939,0.765597,0.050342,0.159342,0.518288,33
P2-E3,clinical-sim,trust-weighted,constant-5,0.2,20260606,0.76405,0.745118,0.018933,0.071701,0.518329,33
P2-E3,clinical-sim,trust-weighted,constant-5,0.2,20260707,0.81484,0.762649,0.052191,0.165771,0.498173,33
P2-E3,clinical-sim,trust-weighted,constant-5,0.2,20260808,0.791253,0.753706,0.037547,0.128915,0.530906,33
P2-E3,clinical-sim,trust-weighted,constant-5,0.2,20260909,0.77535,0.698868,0.076481,0.277761,0.480173,32
P2-E3,clinical-sim,trust-weighted,constant-5,0.2,20261010,0.801742,0.748104,0.053638,0.177761,0.47402,33
P2-E3,clinical-sim,trust-weighted,constant-5,0.2,20261111,0.780769,0.724567,0.056201,0.20017,0.529811,33
P2-E3,clinical-sim,trust-weighted,constant-5,0.2,20261212,0.822044,0.714815,0.107229,0.332964,0.547643,31
P2-E3,clinical-sim,trust-weighted,constant-5,0.2,20261313,0.821302,0.734023,0.087279,0.271641,0.575425,31
P2-E3,clinical-sim,trust-weighted,constant-5,0.2,20261414,0.762388,0.675481,0.086907,0.331214,0.477903,32
P2-E3,clinical-sim,trust-weighted,constant-5,0.2,20261515,0.81305,0.76064,0.05241,0.167417,0.526785,32
P2-E3,clinical-sim,trust-weighted,constant-5,0.2,20261616,0.80681,0.732843,0.073967,0.241085,0.452538,31
P2-E3,clinical-sim,trust-weighted,constant-5,0.2,20261717,0.815164,0.720866,0.094298,0.299202,0.458618,32
P2-E3,clinical-sim,trust-weighted,constant-5,0.2,20261818,0.815037,0.779208,0.03583,0.113731,0.548125,33
P2-E3,clinical-sim,trust-weighted,constant-5,0.2,20261919,0.800016,0.682124,0.117892,0.392952,0.496075,32
P2-E3,clinical-sim,trust-weighted,constant-5,0.3,20260000,0.814815,0.746561,0.068254,0.216806,0.543501,31
P2-E3,clinical-sim,trust-weighted,constant-5,0.3,20260101,0.764871,0.732934,0.031937,0.120574,0.561113,31
P2-E3,clinical-sim,trust-weighted,constant-5,0.3,20260202,0.810295,0.727309,0.082986,0.267441,0.522933,32
P2-E3,clinical-sim,trust-weighted,constant-5,0.3,20260303,0.784472,0.728201,0.056271,0.197809,0.542029,30
P2-E3,clinical-sim,trust-weighted,constant-5,0.3,20260404,0.745376,0.671367,0.074009,0.301615,0.566055,29
P2-E3,clinical-sim,trust-weighted,constant-5,0.3,20260505,0.815939,0.755837,0.060102,0.190232,0.505415,33
P2-E3,clinical-sim,trust-weighted,constant-5,0.3,20260606,0.76405,0.726225,0.037825,0.14325,0.518216,31
P2-E3,clinical-sim,trust-weighted,constant-5,0.3,20260707,0.81484,0.734518,0.080322,0.255121,0.477981,33
P2-E3,clinical-sim,trust-weighted,constant-5,0.3,20260808,0.791253,0.731025,0.060228,0.20679,0.518333,32
P2-E3,clinical-sim,trust-weighted,constant-5,0.3,20260909,0.77535,0.668582,0.106768,0.387753,0.464351,31
P2-E3,clinical-sim,trust-weighted,constant-5,0.3,20261010,0.801742,0.732834,0.068908,0.228368,0.476326,30
P2-E3,clinical-sim,trust-weighted,constant-5,0.3,20261111,0.780769,0.720774,0.059995,0.213681,0.531482,31
P2-E3,clinical-sim,trust-weighted,constant-5,0.3,20261212,0.822044,0.721569,0.100475,0.311991,0.54434,31
P2-E3,clinical-sim,trust-weighted,constant-5,0.3,20261313,0.821302,0.712117,0.109184,0.339819,0.569194,31
P2-E3,clinical-sim,trust-weighted,constant-5,0.3,20261414,0.762388,0.669812,0.092576,0.35282,0.46133,31
P2-E3,clinical-sim,trust-weighted,constant-5,0.3,20261515,0.81305,0.74301,0.07004,0.223735,0.535834,32
P2-E3,clinical-sim,trust-weighted,constant-5,0.3,20261616,0.80681,0.713493,0.093317,0.304152,0.444666,31
P2-E3,clinical-sim,trust-weighted,constant-5,0.3,20261717,0.815164,0.710765,0.104399,0.331254,0.48172,33
P2-E3,clinical-sim,trust-weighted,constant-5,0.3,20261818,0.815037,0.75867,0.056368,0.178924,0.547781,33
P2-E3,clinical-sim,trust-weighted,constant-5,0.3,20261919,0.800016,0.656376,0.14364,0.478774,0.480429,30
P2-E3,clinical-sim,trust-weighted,gaussian-5,0.1,20260000,0.814815,0.748819,0.065995,0.209633,0.439808,33
P2-E3,clinical-sim,trust-weighted,gaussian-5,0.1,20260101,0.764871,0.744095,0.020776,0.078438,0.586994,33
P2-E3,clinical-sim,trust-weighted,gaussian-5,0.1,20260202,0.810295,0.78332,0.026974,0.086931,0.521503,40
P2-E3,clinical-sim,trust-weighted,gaussian-5,0.1,20260303,0.784472,0.774111,0.010361,0.036421,0.564474,32
P2-E3,clinical-sim,trust-weighted,gaussian-5,0.1,20260404,0.745376,0.734124,0.011252,0.045855,0.556796,32
P2-E3,clinical-sim,trust-weighted,gaussian-5,0.1,20260505,0.815939,0.796296,0.019643,0.062173,0.546046,33
P2-E3,clinical-sim,trust-weighted,gaussian-5,0.1,20260606,0.76405,0.705564,0.058486,0.221496,0.479287,33
P2-E3,clinical-sim,trust-weighted,gaussian-5,0.1,20260707,0.81484,0.777182,0.037658,0.119611,0.492885,32
P2-E3,clinical-sim,trust-weighted,gaussian-5,0.1,20260808,0.791253,0.757739,0.033515,0.115071,0.497159,33
P2-E3,clinical-sim,trust-weighted,gaussian-5,0.1,20260909,0.77535,0.725822,0.049527,0.179871,0.471827,33
P2-E3,clinical-sim,trust-weighted,gaussian-5,0.1,20261010,0.801742,0.785991,0.015751,0.0522,0.458011,32
P2-E3,clinical-sim,trust-weighted,gaussian-5,0.1,20261111,0.780769,0.733849,0.04692,0.167111,0.487193,33
P2-E3,clinical-sim,trust-weighted,gaussian-5,0.1,20261212,0.822044,0.804901,0.017143,0.053232,0.52648,35
P2-E3,clinical-sim,trust-weighted,gaussian-5,0.1,20261313,0.821302,0.798163,0.023138,0.072014,0.514392,32
P2-E3,clinical-sim,trust-weighted,gaussian-5,0.1,20261414,0.762388,0.694203,0.068185,0.259862,0.474605,32
P2-E3,clinical-sim,trust-weighted,gaussian-5,0.1,20261515,0.81305,0.745543,0.067507,0.215642,0.56384,31
P2-E3,clinical-sim,trust-weighted,gaussian-5,0.1,20261616,0.80681,0.782189,0.024622,0.08025,0.517375,31
P2-E3,clinical-sim,trust-weighted,gaussian-5,0.1,20261717,0.815164,0.765169,0.049995,0.158632,0.501105,36
P2-E3,clinical-sim,trust-weighted,gaussian-5,0.1,20261818,0.815037,0.791249,0.023788,0.07551,0.572836,33
P2-E3,clinical-sim,trust-weighted,gaussian-5,0.1,20261919,0.800016,0.753509,0.046507,0.155016,0.525595,32
P2-E3,clinical-sim,trust-weighted,gaussian-5,0.2,20260000,0.814815,0.704541,0.110274,0.350283,0.437322,31
P2-E3,clinical-sim,trust-weighted,gaussian-5,0.2,20260101,0.764871,0.711569,0.053302,0.201236,0.56123,32
P2-E3,clinical-sim,trust-weighted,gaussian-5,0.2,20260202,0.810295,0.722662,0.087633,0.282418,0.533114,33
P2-E3,clinical-sim,trust-weighted,gaussian-5,0.2,20260303,0.784472,0.733729,0.050743,0.178375,0.546376,32
P2-E3,clinical-sim,trust-weighted,gaussian-5,0.2,20260404,0.745376,0.668265,0.077111,0.314257,0.531415,32
P2-E3,clinical-sim,trust-weighted,gaussian-5,0.2,20260505,0.815939,0.732318,0.083621,0.264674,0.494009,32
P2-E3,clinical-sim,trust-weighted,gaussian-5,0.2,20260606,0.76405,0.646481,0.117569,0.445252,0.45273,32
P2-E3,clinical-sim,trust-weighted,gaussian-5,0.2,20260707,0.81484,0.712519,0.102321,0.324993,0.499615,32
P2-E3,clinical-sim,trust-weighted,gaussian-5,0.2,20260808,0.791253,0.702039,0.089215,0.306314,0.446338,31
P2-E3,clinical-sim,trust-weighted,gaussian-5,0.2,20260909,0.77535,0.679054,0.096296,0.349721,0.430192,33
P2-E3,clinical-sim,trust-weighted,gaussian-5,0.2,20261010,0.801742,0.742056,0.059686,0.197806,0.471985,32
P2-E3,clinical-sim,trust-weighted,gaussian-5,0.2,20261111,0.780769,0.707788,0.07298,0.25993,0.565312,32
P2-E3,clinical-sim,trust-weighted,gaussian-5,0.2,20261212,0.822044,0.743276,0.078768,0.244587,0.533436,32
P2-E3,clinical-sim,trust-weighted,gaussian-5,0.2,20261313,0.821302,0.728843,0.092458,0.287761,0.491895,33
P2-E3,clinical-sim,trust-weighted,gaussian-5,0.2,20261414,0.762388,0.657887,0.104501,0.398268,0.4916,34
P2-E3,clinical-sim,trust-weighted,gaussian-5,0.2,20261515,0.81305,0.715732,0.097318,0.310869,0.578952,33
P2-E3,clinical-sim,trust-weighted,gaussian-5,0.2,20261616,0.80681,0.706475,0.100335,0.327026,0.499084,32
P2-E3,clinical-sim,trust-weighted,gaussian-5,0.2,20261717,0.815164,0.691577,0.123587,0.392137,0.484218,32
P2-E3,clinical-sim,trust-weighted,gaussian-5,0.2,20261818,0.815037,0.727647,0.08739,0.277396,0.554274,31
P2-E3,clinical-sim,trust-weighted,gaussian-5,0.2,20261919,0.800016,0.695676,0.10434,0.347782,0.482428,31
P2-E3,clinical-sim,trust-weighted,gaussian-5,0.3,20260000,0.814815,0.684306,0.130508,0.414556,0.441673,33
P2-E3,clinical-sim,trust-weighted,gaussian-5,0.3,20260101,0.764871,0.671758,0.093113,0.351541,0.554591,33
P2-E3,clinical-sim,trust-weighted,gaussian-5,0.3,20260202,0.810295,0.705746,0.104548,0.336933,0.525743,33
P2-E3,clinical-sim,trust-weighted,gaussian-5,0.3,20260303,0.784472,0.692562,0.09191,0.323089,0.549814,33
P2-E3,clinical-sim,trust-weighted,gaussian-5,0.3,20260404,0.745376,0.636518,0.108858,0.443639,0.519345,33
P2-E3,clinical-sim,trust-weighted,gaussian-5,0.3,20260505,0.815939,0.691155,0.124784,0.394961,0.489986,34
P2-E3,clinical-sim,trust-weighted,gaussian-5,0.3,20260606,0.76405,0.644949,0.119102,0.451057,0.449552,33
P2-E3,clinical-sim,trust-weighted,gaussian-5,0.3,20260707,0.81484,0.679012,0.135828,0.431418,0.501923,32
P2-E3,clinical-sim,trust-weighted,gaussian-5,0.3,20260808,0.791253,0.65647,0.134783,0.46277,0.44234,32
P2-E3,clinical-sim,trust-weighted,gaussian-5,0.3,20260909,0.77535,0.6334,0.14195,0.515526,0.421683,33
P2-E3,clinical-sim,trust-weighted,gaussian-5,0.3,20261010,0.801742,0.698084,0.103658,0.343533,0.470501,32
P2-E3,clinical-sim,trust-weighted,gaussian-5,0.3,20261111,0.780769,0.674118,0.106651,0.379853,0.56265,33
P2-E3,clinical-sim,trust-weighted,gaussian-5,0.3,20261212,0.822044,0.701351,0.120693,0.374772,0.504751,34
P2-E3,clinical-sim,trust-weighted,gaussian-5,0.3,20261313,0.821302,0.681979,0.139323,0.433619,0.464093,32
P2-E3,clinical-sim,trust-weighted,gaussian-5,0.3,20261414,0.762388,0.664522,0.097866,0.372983,0.492583,32
P2-E3,clinical-sim,trust-weighted,gaussian-5,0.3,20261515,0.81305,0.666291,0.146759,0.468804,0.571803,32
P2-E3,clinical-sim,trust-weighted,gaussian-5,0.3,20261616,0.80681,0.676767,0.130044,0.423857,0.491321,31
P2-E3,clinical-sim,trust-weighted,gaussian-5,0.3,20261717,0.815164,0.676908,0.138256,0.438679,0.485236,30
P2-E3,clinical-sim,trust-weighted,gaussian-5,0.3,20261818,0.815037,0.673264,0.141773,0.450019,0.514132,32
P2-E3,clinical-sim,trust-weighted,gaussian-5,0.3,20261919,0.800016,0.637284,0.162733,0.542413,0.431713,32
P2-E3,financial-sim,fedavg,sign-flip-5,0.1,20260000,0.702119,0.573222,0.128897,0.637729,0.377475,51
P2-E3,financial-sim,fedavg,sign-flip-5,0.1,20260101,0.747109,0.456864,0.290245,1.174561,0.265917,51
P2-E3,financial-sim,fedavg,sign-flip-5,0.1,20260202,0.741642,0.640094,0.101548,0.420242,0.361582,53
P2-E3,financial-sim,fedavg,sign-flip-5,0.1,20260303,0.749212,0.657089,0.092123,0.369657,0.242565,54
P2-E3,financial-sim,fedavg,sign-flip-5,0.1,20260404,0.731946,0.587561,0.144385,0.622493,0.305,53
P2-E3,financial-sim,fedavg,sign-flip-5,0.1,20260505,0.747909,0.705993,0.041916,0.169077,0.436516,54
P2-E3,financial-sim,fedavg,sign-flip-5,0.1,20260606,0.724694,0.657716,0.066978,0.298086,0.441592,52
P2-E3,financial-sim,fedavg,sign-flip-5,0.1,20260707,0.717103,0.576091,0.141012,0.649516,0.380457,54
P2-E3,financial-sim,fedavg,sign-flip-5,0.1,20260808,0.736872,0.690731,0.046142,0.194795,0.485384,53
P2-E3,financial-sim,fedavg,sign-flip-5,0.1,20260909,0.749372,0.696962,0.05241,0.210168,0.487232,54
P2-E3,financial-sim,fedavg,sign-flip-5,0.1,20261010,0.697503,0.586163,0.11134,0.563739,0.359048,53
P2-E3,financial-sim,fedavg,sign-flip-5,0.1,20261111,0.759479,0.537724,0.221755,0.854616,0.328245,52
P2-E3,financial-sim,fedavg,sign-flip-5,0.1,20261212,0.750862,0.640823,0.110039,0.438643,0.445697,51
P2-E3,financial-sim,fedavg,sign-flip-5,0.1,20261313,0.746391,0.636484,0.109906,0.446066,0.481494,53
P2-E3,financial-sim,fedavg,sign-flip-5,0.1,20261414,0.735347,0.622176,0.113172,0.48087,0.469866,52
P2-E3,financial-sim,fedavg,sign-flip-5,0.1,20261515,0.725206,0.631028,0.094177,0.418184,0.499463,53
P2-E3,financial-sim,fedavg,sign-flip-5,0.1,20261616,0.730612,0.536483,0.194129,0.841798,0.319444,52
P2-E3,financial-sim,fedavg,sign-flip-5,0.1,20261717,0.756063,0.665023,0.09104,0.355538,0.502793,52
P2-E3,financial-sim,fedavg,sign-flip-5,0.1,20261818,0.740909,0.714279,0.02663,0.110538,0.4544,52
P2-E3,financial-sim,fedavg,sign-flip-5,0.1,20261919,0.730414,0.52187,0.208544,0.905083,0.121481,53
P2-E3,financial-sim,fedavg,sign-flip-5,0.2,20260000,0.702119,0.556539,0.14558,0.720269,0.354844,49
P2-E3,financial-sim,fedavg,sign-flip-5,0.2,20260101,0.747109,0.296513,0.450596,1.823469,0.131818,51
P2-E3,financial-sim,fedavg,sign-flip-5,0.2,20260202,0.741642,0.531955,0.209688,0.86776,0.346201,47
P2-E3,financial-sim,fedavg,sign-flip-5,0.2,20260303,0.749212,0.425614,0.323598,1.298486,0.102833,53
P2-E3,financial-sim,fedavg,sign-flip-5,0.2,20260404,0.731946,0.522137,0.20981,0.904561,0.29017,52
P2-E3,financial-sim,fedavg,sign-flip-5,0.2,20260505,0.747909,0.505791,0.242118,0.976639,0.296775,49
P2-E3,financial-sim,fedavg,sign-flip-5,0.2,20260606,0.724694,0.373331,0.351363,1.563739,0.151313,49
P2-E3,financial-sim,fedavg,sign-flip-5,0.2,20260707,0.717103,0.535726,0.181377,0.835442,0.347313,47
P2-E3,financial-sim,fedavg,sign-flip-5,0.2,20260808,0.736872,0.440415,0.296457,1.251548,0.126698,51
P2-E3,financial-sim,fedavg,sign-flip-5,0.2,20260909,0.749372,0.359884,0.389488,1.561876,0.185378,53
P2-E3,financial-sim,fedavg,sign-flip-5,0.2,20261010,0.697503,0.512505,0.184998,0.936683,0.255149,50
P2-E3,financial-sim,fedavg,sign-flip-5,0.2,20261111,0.759479,0.549179,0.2103,0.81047,0.338153,50
P2-E3,financial-sim,fedavg,sign-flip-5,0.2,20261212,0.750862,0.630752,0.120111,0.478791,0.412874,52
P2-E3,financial-sim,fedavg,sign-flip-5,0.2,20261313,0.746391,0.284339,0.462051,1.875279,0.075386,53
P2-E3,financial-sim,fedavg,sign-flip-5,0.2,20261414,0.735347,0.276344,0.459004,1.950325,0.12376,51
P2-E3,financial-sim,fedavg,sign-flip-5,0.2,20261515,0.725206,0.527497,0.197708,0.877901,0.313546,51
P2-E3,financial-sim,fedavg,sign-flip-5,0.2,20261616,0.730612,0.548712,0.1819,0.78877,0.444568,50
P2-E3,financial-sim,fedavg,sign-flip-5,0.2,20261717,0.756063,0.387851,0.368212,1.437972,0.176127,49
P2-E3,financial-sim,fedavg,sign-flip-5,0.2,20261818,0.740909,0.397097,0.343811,1.427144,0.183518,53
P2-E3,financial-sim,fedavg,sign-flip-5,0.2,20261919,0.730414,0.436175,0.29424,1.277003,0.108604,51
P2-E3,financial-sim,fedavg,sign-flip-5,0.3,20260000,0.702119,0.463261,0.238858,1.18177,0.285942,47
P2-E3,financial-sim,fedavg,sign-flip-5,0.3,20260101,0.747109,0.341433,0.405677,1.641689,0.159747,51
P2-E3,financial-sim,fedavg,sign-flip-5,0.3,20260202,0.741642,0.543075,0.198567,0.82174,0.401621,46
P2-E3,financial-sim,fedavg,sign-flip-5,0.3,20260303,0.749212,0.285906,0.463306,1.859085,0.105395,48
P2-E3,financial-sim,fedavg,sign-flip-5,0.3,20260404,0.731946,0.497557,0.234389,1.010533,0.267578,45
P2-E3,financial-sim,fedavg,sign-flip-5,0.3,20260505,0.747909,0.449475,0.298434,1.203803,0.22506,44
P2-E3,financial-sim,fedavg,sign-flip-5,0.3,20260606,0.724694,0.515391,0.209303,0.931501,0.364347,45
P2-E3,financial-sim,fedavg,sign-flip-5,0.3,20260707,0.717103,0.507283,0.209821,0.966455,0.312279,46
P2-E3,financial-sim,fedavg,sign-flip-5,0.3,20260808,0.736872,0.309838,0.427034,1.802805,0.084742,50
P2-E3,financial-sim,fedavg,sign-flip-5,0.3,20260909,0.749372,0.337568,0.411804,1.651363,0.182308,47
P2-E3,financial-sim,fedavg,sign-flip-5,0.3,20261010,0.697503,0.462002,0.235501,1.19239,0.133039,48
P2-E3,financial-sim,fedavg,sign-flip-5,0.3,20261111,0.759479,0.552594,0.206884,0.797308,0.374171,51
P2-E3,financial-sim,fedavg,sign-flip-5,0.3,20261212,0.750862,0.471338,0.279525,1.114255,0.305367,52
P2-E3,financial-sim,fedavg,sign-flip-5,0.3,20261313,0.746391,0.309072,0.437319,1.7749,0.104099,50
P2-E3,financial-sim,fedavg,sign-flip-5,0.3,20261414,0.735347,0.26669,0.468657,1.991344,0.122329,50
P2-E3,financial-sim,fedavg,sign-flip-5,0.3,20261515,0.725206,0.500888,0.224317,0.996056,0.308104,46
P2-E3,financial-sim,fedavg,sign-flip-5,0.3,20261616,0.730612,0.505502,0.22511,0.97614,0.323158,44
P2-E3,financial-sim,fedavg,sign-flip-5,0.3,20261717,0.756063,0.339545,0.416519,1.626624,0.103123,50
P2-E3,financial-sim,fedavg,sign-flip-5,0.3,20261818,0.740909,0.347944,0.392965,1.631178,0.130513,48
P2-E3,financial-sim,fedavg,sign-flip-5,0.3,20261919,0.730414,0.403962,0.326453,1.416808,0.114074,51
P2-E3,financial-sim,fedavg,scale-10,0.1,20260000,0.702119,0.695748,0.00637,0.031518,0.54876,51
P2-E3,financial-sim,fedavg,scale-10,0.1,20260101,0.747109,0.74232,0.00479,0.019383,0.489758,53
P2-E3,financial-sim,fedavg,scale-10,0.1,20260202,0.741642,0.698921,0.042721,0.176794,0.482841,53
P2-E3,financial-sim,fedavg,scale-10,0.1,20260303,0.749212,0.744483,0.004729,0.018975,0.479722,52
P2-E3,financial-sim,fedavg,scale-10,0.1,20260404,0.731946,0.72449,0.007456,0.032146,0.590518,52
P2-E3,financial-sim,fedavg,scale-10,0.1,20260505,0.747909,0.736685,0.011224,0.045275,0.497589,53
P2-E3,financial-sim,fedavg,scale-10,0.1,20260606,0.724694,0.714408,0.010286,0.045776,0.495265,53
P2-E3,financial-sim,fedavg,scale-10,0.1,20260707,0.717103,0.709572,0.007531,0.034688,0.548824,54
P2-E3,financial-sim,fedavg,scale-10,0.1,20260808,0.736872,0.733727,0.003145,0.013279,0.471629,55
P2-E3,financial-sim,fedavg,scale-10,0.1,20260909,0.749372,0.750099,-0.000727,-0.002917,0.532686,51
P2-E3,financial-sim,fedavg,scale-10,0.1,20261010,0.697503,0.678797,0.018706,0.094713,0.555984,53
P2-E3,financial-sim,fedavg,scale-10,0.1,20261111,0.759479,0.756122,0.003357,0.012936,0.438713,53
P2-E3,financial-sim,fedavg,scale-10,0.1,20261212,0.750862,0.745806,0.005056,0.020155,0.509511,53
P2-E3,financial-sim,fedavg,scale-10,0.1,20261313,0.746391,0.744528,0.001863,0.00756,0.488064,52
P2-E3,financial-sim,fedavg,scale-10,0.1,20261414,0.735347,0.733284,0.002064,0.008768,0.534722,54
P2-E3,financial-sim,fedavg,scale-10,0.1,20261515,0.725206,0.720091,0.005114,0.02271,0.500107,54
P2-E3,financial-sim,fedavg,scale-10,0.1,20261616,0.730612,0.724717,0.005895,0.025562,0.431086,51
P2-E3,financial-sim,fedavg,scale-10,0.1,20261717,0.756063,0.763731,-0.007667,-0.029943,0.420857,54
P2-E3,financial-sim,fedavg,scale-10,0.1,20261818,0.740909,0.746042,-0.005133,-0.021309,0.446886,56
P2-E3,financial-sim,fedavg,scale-10,0.1,20261919,0.730414,0.712103,0.018311,0.079471,0.542882,55
P2-E3,financial-sim,fedavg,scale-10,0.2,20260000,0.702119,0.681092,0.021027,0.104032,0.532793,53
P2-E3,financial-sim,fedavg,scale-10,0.2,20260101,0.747109,0.718782,0.028328,0.114636,0.545712,54
P2-E3,financial-sim,fedavg,scale-10,0.2,20260202,0.741642,0.688233,0.053409,0.221027,0.449319,58
P2-E3,financial-sim,fedavg,scale-10,0.2,20260303,0.749212,0.629063,0.120149,0.482114,0.26051,62
P2-E3,financial-sim,fedavg,scale-10,0.2,20260404,0.731946,0.559688,0.172258,0.742665,0.409177,55
P2-E3,financial-sim,fedavg,scale-10,0.2,20260505,0.747909,0.752353,-0.004444,-0.017925,0.528126,54
P2-E3,financial-sim,fedavg,scale-10,0.2,20260606,0.724694,0.592046,0.132648,0.590351,0.346719,54
P2-E3,financial-sim,fedavg,scale-10,0.2,20260707,0.717103,0.673987,0.043117,0.1986,0.449629,56
P2-E3,financial-sim,fedavg,scale-10,0.2,20260808,0.736872,0.642869,0.094003,0.396851,0.395972,53
P2-E3,financial-sim,fedavg,scale-10,0.2,20260909,0.749372,0.680458,0.068914,0.27635,0.516571,57
P2-E3,financial-sim,fedavg,scale-10,0.2,20261010,0.697503,0.622018,0.075486,0.382199,0.507515,56
P2-E3,financial-sim,fedavg,scale-10,0.2,20261111,0.759479,0.700066,0.059413,0.22897,0.402196,54
P2-E3,financial-sim,fedavg,scale-10,0.2,20261212,0.750862,0.712642,0.03822,0.152355,0.46819,54
P2-E3,financial-sim,fedavg,scale-10,0.2,20261313,0.746391,0.659259,0.087131,0.353631,0.437802,55
P2-E3,financial-sim,fedavg,scale-10,0.2,20261414,0.735347,0.72564,0.009708,0.041249,0.494916,52
P2-E3,financial-sim,fedavg,scale-10,0.2,20261515,0.725206,0.577744,0.147462,0.654786,0.44456,63
P2-E3,financial-sim,fedavg,scale-10,0.2,20261616,0.730612,0.732298,-0.001686,-0.007309,0.406857,52
P2-E3,financial-sim,fedavg,scale-10,0.2,20261717,0.756063,0.701297,0.054767,0.213879,0.449056,51
P2-E3,financial-sim,fedavg,scale-10,0.2,20261818,0.740909,0.595366,0.145542,0.604139,0.328182,52
P2-E3,financial-sim,fedavg,scale-10,0.2,20261919,0.730414,0.696463,0.033952,0.147351,0.522989,53
P2-E3,financial-sim,fedavg,scale-10,0.3,20260000,0.702119,0.684849,0.01727,0.085444,0.54311,54
P2-E3,financial-sim,fedavg,scale-10,0.3,20260101,0.747109,0.699885,0.047225,0.191109,0.552445,53
P2-E3,financial-sim,fedavg,scale-10,0.3,20260202,0.741642,0.715512,0.02613,0.108135,0.496143,53
P2-E3,financial-sim,fedavg,scale-10,0.3,20260303,0.749212,0.629662,0.11955,0.479711,0.232685,55
P2-E3,financial-sim,fedavg,scale-10,0.3,20260404,0.731946,0.523638,0.208308,0.898089,0.381258,52
P2-E3,financial-sim,fedavg,scale-10,0.3,20260505,0.747909,0.744362,0.003547,0.014309,0.508021,53
P2-E3,financial-sim,fedavg,scale-10,0.3,20260606,0.724694,0.685539,0.039155,0.174259,0.500558,57
P2-E3,financial-sim,fedavg,scale-10,0.3,20260707,0.717103,0.553532,0.163571,0.753427,0.342556,57
P2-E3,financial-sim,fedavg,scale-10,0.3,20260808,0.736872,0.628187,0.108685,0.458835,0.316384,56
P2-E3,financial-sim,fedavg,scale-10,0.3,20260909,0.749372,0.627272,0.1221,0.48963,0.412155,53
P2-E3,financial-sim,fedavg,scale-10,0.3,20261010,0.697503,0.538777,0.158726,0.803664,0.185057,54
P2-E3,financial-sim,fedavg,scale-10,0.3,20261111,0.759479,0.546884,0.212594,0.819313,0.139973,53
P2-E3,financial-sim,fedavg,scale-10,0.3,20261212,0.750862,0.652148,0.098714,0.3935,0.416179,53
P2-E3,financial-sim,fedavg,scale-10,0.3,20261313,0.746391,0.58667,0.15972,0.648241,0.31276,53
P2-E3,financial-sim,fedavg,scale-10,0.3,20261414,0.735347,0.726787,0.008561,0.036375,0.497569,52
P2-E3,financial-sim,fedavg,scale-10,0.3,20261515,0.725206,0.578552,0.146653,0.651197,0.311244,52
P2-E3,financial-sim,fedavg,scale-10,0.3,20261616,0.730612,0.698289,0.032323,0.140163,0.415314,55
P2-E3,financial-sim,fedavg,scale-10,0.3,20261717,0.756063,0.615138,0.140926,0.550355,0.445897,52
P2-E3,financial-sim,fedavg,scale-10,0.3,20261818,0.740909,0.57225,0.168659,0.700095,0.229899,55
P2-E3,financial-sim,fedavg,scale-10,0.3,20261919,0.730414,0.648082,0.082332,0.357321,0.340627,54
P2-E3,financial-sim,fedavg,constant-5,0.1,20260000,0.702119,0.495409,0.20671,1.022714,0.323129,54
P2-E3,financial-sim,fedavg,constant-5,0.1,20260101,0.747109,0.495803,0.251306,1.016983,0.339945,51
P2-E3,financial-sim,fedavg,constant-5,0.1,20260202,0.741642,0.509895,0.231748,0.959052,0.379863,53
P2-E3,financial-sim,fedavg,constant-5,0.1,20260303,0.749212,0.480082,0.26913,1.079924,0.416867,50
P2-E3,financial-sim,fedavg,constant-5,0.1,20260404,0.731946,0.49381,0.238137,1.026689,0.401732,50
P2-E3,financial-sim,fedavg,constant-5,0.1,20260505,0.747909,0.536431,0.211478,0.853045,0.405615,51
P2-E3,financial-sim,fedavg,constant-5,0.1,20260606,0.724694,0.49257,0.232124,1.033068,0.320002,53
P2-E3,financial-sim,fedavg,constant-5,0.1,20260707,0.717103,0.514238,0.202866,0.93442,0.325195,53
P2-E3,financial-sim,fedavg,constant-5,0.1,20260808,0.736872,0.493938,0.242934,1.025593,0.379328,51
P2-E3,financial-sim,fedavg,constant-5,0.1,20260909,0.749372,0.478845,0.270527,1.084834,0.317997,54
P2-E3,financial-sim,fedavg,constant-5,0.1,20261010,0.697503,0.535457,0.162046,0.820472,0.364964,52
P2-E3,financial-sim,fedavg,constant-5,0.1,20261111,0.759479,0.513581,0.245898,0.94766,0.393137,52
P2-E3,financial-sim,fedavg,constant-5,0.1,20261212,0.750862,0.507891,0.242972,0.968546,0.347461,52
P2-E3,financial-sim,fedavg,constant-5,0.1,20261313,0.746391,0.508275,0.238116,0.966417,0.390238,54
P2-E3,financial-sim,fedavg,constant-5,0.1,20261414,0.735347,0.471235,0.264112,1.122224,0.3776,51
P2-E3,financial-sim,fedavg,constant-5,0.1,20261515,0.725206,0.507553,0.217652,0.966461,0.32551,52
P2-E3,financial-sim,fedavg,constant-5,0.1,20261616,0.730612,0.486949,0.243663,1.056591,0.338533,52
P2-E3,financial-sim,fedavg,constant-5,0.1,20261717,0.756063,0.511936,0.244127,0.953387,0.384465,52
P2-E3,financial-sim,fedavg,constant-5,0.1,20261818,0.740909,0.488712,0.252196,1.046856,0.379627,51
P2-E3,financial-sim,fedavg,constant-5,0.1,20261919,0.730414,0.488401,0.242013,1.05034,0.337436,53
P2-E3,financial-sim,fedavg,constant-5,0.2,20260000,0.702119,0.453905,0.248214,1.228061,0.282113,50
P2-E3,financial-sim,fedavg,constant-5,0.2,20260101,0.747109,0.452845,0.294264,1.190827,0.279601,49
P2-E3,financial-sim,fedavg,constant-5,0.2,20260202,0.741642,0.451064,0.290578,1.202513,0.336083,50
P2-E3,financial-sim,fedavg,constant-5,0.2,20260303,0.749212,0.427692,0.32152,1.290146,0.331333,48
P2-E3,financial-sim,fedavg,constant-5,0.2,20260404,0.731946,0.451307,0.280639,1.209931,0.33506,47
P2-E3,financial-sim,fedavg,constant-5,0.2,20260505,0.747909,0.479023,0.268886,1.084615,0.348254,49
P2-E3,financial-sim,fedavg,constant-5,0.2,20260606,0.724694,0.443245,0.281449,1.252586,0.253472,52
P2-E3,financial-sim,fedavg,constant-5,0.2,20260707,0.717103,0.46109,0.256013,1.179224,0.291935,51
P2-E3,financial-sim,fedavg,constant-5,0.2,20260808,0.736872,0.450323,0.286549,1.209721,0.292874,50
P2-E3,financial-sim,fedavg,constant-5,0.2,20260909,0.749372,0.417928,0.331444,1.329116,0.260511,48
P2-E3,financial-sim,fedavg,constant-5,0.2,20261010,0.697503,0.485774,0.211729,1.07203,0.299916,49
P2-E3,financial-sim,fedavg,constant-5,0.2,20261111,0.759479,0.451643,0.307836,1.186361,0.304111,51
P2-E3,financial-sim,fedavg,constant-5,0.2,20261212,0.750862,0.462391,0.288471,1.149917,0.27511,53
P2-E3,financial-sim,fedavg,constant-5,0.2,20261313,0.746391,0.440351,0.306039,1.242091,0.324262,50
P2-E3,financial-sim,fedavg,constant-5,0.2,20261414,0.735347,0.409637,0.325711,1.383958,0.300133,49
P2-E3,financial-sim,fedavg,constant-5,0.2,20261515,0.725206,0.463757,0.261448,1.160933,0.292299,48
P2-E3,financial-sim,fedavg,constant-5,0.2,20261616,0.730612,0.444307,0.286305,1.241501,0.273133,48
P2-E3,financial-sim,fedavg,constant-5,0.2,20261717,0.756063,0.462834,0.293229,1.145144,0.27474,48
P2-E3,financial-sim,fedavg,constant-5,0.2,20261818,0.740909,0.440226,0.300682,1.248118,0.318788,47
P2-E3,financial-sim,fedavg,constant-5,0.2,20261919,0.730414,0.43996,0.290454,1.260573,0.259373,50
P2-E3,financial-sim,fedavg,constant-5,0.3,20260000,0.702119,0.445879,0.25624,1.267767,0.239496,49
P2-E3,financial-sim,fedavg,constant-5,0.3,20260101,0.747109,0.434296,0.312813,1.265889,0.276536,47
P2-E3,financial-sim,fedavg,constant-5,0.3,20260202,0.741642,0.436047,0.305596,1.264662,0.331094,46
P2-E3,financial-sim,fedavg,constant-5,0.3,20260303,0.749212,0.407607,0.341605,1.370743,0.298569,48
P2-E3,financial-sim,fedavg,constant-5,0.3,20260404,0.731946,0.42623,0.305717,1.318049,0.300659,48
P2-E3,financial-sim,fedavg,constant-5,0.3,20260505,0.747909,0.451876,0.296033,1.194121,0.316131,47
P2-E3,financial-sim,fedavg,constant-5,0.3,20260606,0.724694,0.43677,0.287924,1.281407,0.257937,47
P2-E3,financial-sim,fedavg,constant-5,0.3,20260707,0.717103,0.427809,0.289294,1.332519,0.259536,47
P2-E3,financial-sim,fedavg,constant-5,0.3,20260808,0.736872,0.432452,0.304421,1.285168,0.253019,47
P2-E3,financial-sim,fedavg,constant-5,0.3,20260909,0.749372,0.399972,0.3494,1.401119,0.242063,47
P2-E3,financial-sim,fedavg,constant-5,0.3,20261010,0.697503,0.465915,0.231589,1.172582,0.270649,47
P2-E3,financial-sim,fedavg,constant-5,0.3,20261111,0.759479,0.429788,0.329691,1.270588,0.240088,49
P2-E3,financial-sim,fedavg,constant-5,0.3,20261212,0.750862,0.438927,0.311936,1.243454,0.265705,46
P2-E3,financial-sim,fedavg,constant-5,0.3,20261313,0.746391,0.413933,0.332458,1.349311,0.275097,47
P2-E3,financial-sim,fedavg,constant-5,0.3,20261414,0.735347,0.385673,0.349675,1.485781,0.272467,48
P2-E3,financial-sim,fedavg,constant-5,0.3,20261515,0.725206,0.449581,0.275624,1.223879,0.279337,49
P2-E3,financial-sim,fedavg,constant-5,0.3,20261616,0.730612,0.41615,0.314462,1.363597,0.215867,50
P2-E3,financial-sim,fedavg,constant-5,0.3,20261717,0.756063,0.438809,0.317254,1.238968,0.245042,49
P2-E3,financial-sim,fedavg,constant-5,0.3,20261818,0.740909,0.428706,0.312203,1.295939,0.265202,48
P2-E3,financial-sim,fedavg,constant-5,0.3,20261919,0.730414,0.424867,0.305547,1.326079,0.236011,48
P2-E3,financial-sim,fedavg,gaussian-5,0.1,20260000,0.702119,0.639128,0.062991,0.311651,0.436037,55
P2-E3,financial-sim,fedavg,gaussian-5,0.1,20260101,0.747109,0.671384,0.075726,0.306447,0.484038,55
P2-E3,financial-sim,fedavg,gaussian-5,0.1,20260202,0.741642,0.652019,0.089624,0.370895,0.477524,54
P2-E3,financial-sim,fedavg,gaussian-5,0.1,20260303,0.749212,0.667962,0.08125,0.326027,0.516304,67
P2-E3,financial-sim,fedavg,gaussian-5,0.1,20260404,0.731946,0.66511,0.066836,0.288153,0.45696,55
P2-E3,financial-sim,fedavg,gaussian-5,0.1,20260505,0.747909,0.698014,0.049895,0.201263,0.372892,53
P2-E3,financial-sim,fedavg,gaussian-5,0.1,20260606,0.724694,0.673517,0.051177,0.227765,0.442708,53
P2-E3,financial-sim,fedavg,gaussian-5,0.1,20260707,0.717103,0.673361,0.043743,0.201483,0.447255,51
P2-E3,financial-sim,fedavg,gaussian-5,0.1,20260808,0.736872,0.679863,0.057009,0.240676,0.412184,54
P2-E3,financial-sim,fedavg,gaussian-5,0.1,20260909,0.749372,0.678711,0.070661,0.283354,0.515429,54
P2-E3,financial-sim,fedavg,gaussian-5,0.1,20261010,0.697503,0.641116,0.056387,0.285499,0.496468,62
P2-E3,financial-sim,fedavg,gaussian-5,0.1,20261111,0.759479,0.683697,0.075781,0.292052,0.438968,60
P2-E3,financial-sim,fedavg,gaussian-5,0.1,20261212,0.750862,0.673855,0.077008,0.306971,0.455171,52
P2-E3,financial-sim,fedavg,gaussian-5,0.1,20261313,0.746391,0.675747,0.070643,0.286713,0.440591,55
P2-E3,financial-sim,fedavg,gaussian-5,0.1,20261414,0.735347,0.661479,0.073868,0.313869,0.525672,53
P2-E3,financial-sim,fedavg,gaussian-5,0.1,20261515,0.725206,0.655918,0.069287,0.307662,0.523228,51
P2-E3,financial-sim,fedavg,gaussian-5,0.1,20261616,0.730612,0.681064,0.049548,0.214856,0.475886,53
P2-E3,financial-sim,fedavg,gaussian-5,0.1,20261717,0.756063,0.697254,0.05881,0.229668,0.458899,51
P2-E3,financial-sim,fedavg,gaussian-5,0.1,20261818,0.740909,0.662221,0.078687,0.326627,0.431835,53
P2-E3,financial-sim,fedavg,gaussian-5,0.1,20261919,0.730414,0.64707,0.083344,0.361714,0.565429,53
P2-E3,financial-sim,fedavg,gaussian-5,0.2,20260000,0.702119,0.614329,0.08779,0.434347,0.431138,52
P2-E3,financial-sim,fedavg,gaussian-5,0.2,20260101,0.747109,0.645849,0.101261,0.409782,0.479782,51
P2-E3,financial-sim,fedavg,gaussian-5,0.2,20260202,0.741642,0.633836,0.107806,0.446139,0.462294,49
P2-E3,financial-sim,fedavg,gaussian-5,0.2,20260303,0.749212,0.640971,0.108241,0.434333,0.515568,54
P2-E3,financial-sim,fedavg,gaussian-5,0.2,20260404,0.731946,0.643441,0.088505,0.381577,0.428266,51
P2-E3,financial-sim,fedavg,gaussian-5,0.2,20260505,0.747909,0.671111,0.076798,0.309783,0.362814,51
P2-E3,financial-sim,fedavg,gaussian-5,0.2,20260606,0.724694,0.648767,0.075927,0.337911,0.435606,51
P2-E3,financial-sim,fedavg,gaussian-5,0.2,20260707,0.717103,0.654113,0.06299,0.290139,0.438235,50
P2-E3,financial-sim,fedavg,gaussian-5,0.2,20260808,0.736872,0.650789,0.086084,0.363418,0.413043,50
P2-E3,financial-sim,fedavg,gaussian-5,0.2,20260909,0.749372,0.648936,0.100436,0.402757,0.5056,51
P2-E3,financial-sim,fedavg,gaussian-5,0.2,20261010,0.697503,0.619285,0.078218,0.396034,0.491972,51
P2-E3,financial-sim,fedavg,gaussian-5,0.2,20261111,0.759479,0.660983,0.098496,0.379593,0.44198,51
P2-E3,financial-sim,fedavg,gaussian-5,0.2,20261212,0.750862,0.651104,0.099759,0.397663,0.464137,52
P2-E3,financial-sim,fedavg,gaussian-5,0.2,20261313,0.746391,0.652043,0.094347,0.382918,0.410405,51
P2-E3,financial-sim,fedavg,gaussian-5,0.2,20261414,0.735347,0.634111,0.101236,0.430156,0.5278,51
P2-E3,financial-sim,fedavg,gaussian-5,0.2,20261515,0.725206,0.630854,0.094351,0.418955,0.498984,51
P2-E3,financial-sim,fedavg,gaussian-5,0.2,20261616,0.730612,0.661199,0.069413,0.300996,0.488457,76
P2-E3,financial-sim,fedavg,gaussian-5,0.2,20261717,0.756063,0.671154,0.084909,0.331593,0.463953,50
P2-E3,financial-sim,fedavg,gaussian-5,0.2,20261818,0.740909,0.636756,0.104152,0.432331,0.431344,51
P2-E3,financial-sim,fedavg,gaussian-5,0.2,20261919,0.730414,0.626054,0.104361,0.452926,0.558798,52
P2-E3,financial-sim,fedavg,gaussian-5,0.3,20260000,0.702119,0.607783,0.094336,0.466737,0.425059,52
P2-E3,financial-sim,fedavg,gaussian-5,0.3,20260101,0.747109,0.639132,0.107977,0.436961,0.477122,51
P2-E3,financial-sim,fedavg,gaussian-5,0.3,20260202,0.741642,0.622643,0.118999,0.492461,0.457381,55
P2-E3,financial-sim,fedavg,gaussian-5,0.3,20260303,0.749212,0.629599,0.119613,0.479966,0.496337,50
P2-E3,financial-sim,fedavg,gaussian-5,0.3,20260404,0.731946,0.63578,0.096167,0.414607,0.419719,51
P2-E3,financial-sim,fedavg,gaussian-5,0.3,20260505,0.747909,0.659578,0.088331,0.356306,0.352118,49
P2-E3,financial-sim,fedavg,gaussian-5,0.3,20260606,0.724694,0.63867,0.086024,0.382849,0.446259,49
P2-E3,financial-sim,fedavg,gaussian-5,0.3,20260707,0.717103,0.645631,0.071472,0.329208,0.432157,49
P2-E3,financial-sim,fedavg,gaussian-5,0.3,20260808,0.736872,0.638226,0.098646,0.416452,0.411692,51
P2-E3,financial-sim,fedavg,gaussian-5,0.3,20260909,0.749372,0.640658,0.108713,0.435949,0.499771,51
P2-E3,financial-sim,fedavg,gaussian-5,0.3,20261010,0.697503,0.607834,0.089669,0.454014,0.488867,51
P2-E3,financial-sim,fedavg,gaussian-5,0.3,20261111,0.759479,0.648123,0.111356,0.429151,0.433623,50
P2-E3,financial-sim,fedavg,gaussian-5,0.3,20261212,0.750862,0.64169,0.109173,0.435189,0.459715,50
P2-E3,financial-sim,fedavg,gaussian-5,0.3,20261313,0.746391,0.643401,0.102989,0.417992,0.408157,51
P2-E3,financial-sim,fedavg,gaussian-5,0.3,20261414,0.735347,0.619007,0.11634,0.494335,0.50705,50
P2-E3,financial-sim,fedavg,gaussian-5,0.3,20261515,0.725206,0.617572,0.107633,0.477933,0.486873,50
P2-E3,financial-sim,fedavg,gaussian-5,0.3,20261616,0.730612,0.652447,0.078165,0.338947,0.490556,49
P2-E3,financial-sim,fedavg,gaussian-5,0.3,20261717,0.756063,0.661125,0.094938,0.37076,0.469939,51
P2-E3,financial-sim,fedavg,gaussian-5,0.3,20261818,0.740909,0.62372,0.117189,0.486446,0.429256,51
P2-E3,financial-sim,fedavg,gaussian-5,0.3,20261919,0.730414,0.621218,0.109196,0.473911,0.555482,51
P2-E3,financial-sim,median,sign-flip-5,0.1,20260000,0.700829,0.69823,0.002599,0.012941,0.5362,54
P2-E3,financial-sim,median,sign-flip-5,0.1,20260101,0.737021,0.733112,0.003909,0.016491,0.542165,53
P2-E3,financial-sim,median,sign-flip-5,0.1,20260202,0.742774,0.739305,0.003469,0.01429,0.463155,56
P2-E3,financial-sim,median,sign-flip-5,0.1,20260303,0.746395,0.747151,-0.000756,-0.003068,0.528611,52
P2-E3,financial-sim,median,sign-flip-5,0.1,20260404,0.733075,0.73333,-0.000254,-0.00109,0.583028,55
P2-E3,financial-sim,median,sign-flip-5,0.1,20260505,0.741727,0.742896,-0.001169,-0.004837,0.463184,57
P2-E3,financial-sim,median,sign-flip-5,0.1,20260606,0.720622,0.721794,-0.001172,-0.00531,0.5116,53
P2-E3,financial-sim,median,sign-flip-5,0.1,20260707,0.714313,0.710956,0.003357,0.015664,0.564118,55
P2-E3,financial-sim,median,sign-flip-5,0.1,20260808,0.732177,0.739296,-0.007119,-0.030663,0.487841,72
P2-E3,financial-sim,median,sign-flip-5,0.1,20260909,0.747206,0.746839,0.000367,0.001484,0.51762,58
P2-E3,financial-sim,median,sign-flip-5,0.1,20261010,0.695216,0.699724,-0.004508,-0.023093,0.52173,55
P2-E3,financial-sim,median,sign-flip-5,0.1,20261111,0.751376,0.745616,0.00576,0.022912,0.408069,54
P2-E3,financial-sim,median,sign-flip-5,0.1,20261212,0.745789,0.746903,-0.001115,-0.004535,0.505773,54
P2-E3,financial-sim,median,sign-flip-5,0.1,20261313,0.7481,0.747535,0.000565,0.002277,0.494916,54
P2-E3,financial-sim,median,sign-flip-5,0.1,20261414,0.730915,0.722283,0.008632,0.037381,0.526736,55
P2-E3,financial-sim,median,sign-flip-5,0.1,20261515,0.722731,0.722041,0.00069,0.003098,0.548277,57
P2-E3,financial-sim,median,sign-flip-5,0.1,20261616,0.719669,0.709212,0.010457,0.047603,0.429167,54
P2-E3,financial-sim,median,sign-flip-5,0.1,20261717,0.751649,0.736999,0.01465,0.058216,0.45544,54
P2-E3,financial-sim,median,sign-flip-5,0.1,20261818,0.733879,0.73577,-0.001891,-0.008085,0.456457,53
P2-E3,financial-sim,median,sign-flip-5,0.1,20261919,0.727131,0.719788,0.007343,0.03233,0.541114,54
P2-E3,financial-sim,median,sign-flip-5,0.2,20260000,0.700829,0.697019,0.00381,0.018972,0.545817,55
P2-E3,financial-sim,median,sign-flip-5,0.2,20260101,0.737021,0.683632,0.053389,0.225251,0.546683,57
P2-E3,financial-sim,median,sign-flip-5,0.2,20260202,0.742774,0.740772,0.002002,0.008247,0.447991,53
P2-E3,financial-sim,median,sign-flip-5,0.2,20260303,0.746395,0.727674,0.018721,0.075978,0.559722,54
P2-E3,financial-sim,median,sign-flip-5,0.2,20260404,0.733075,0.731618,0.001457,0.006252,0.572039,52
P2-E3,financial-sim,median,sign-flip-5,0.2,20260505,0.741727,0.74594,-0.004214,-0.017431,0.464481,53
P2-E3,financial-sim,median,sign-flip-5,0.2,20260606,0.720622,0.720574,0.000049,0.00022,0.521544,53
P2-E3,financial-sim,median,sign-flip-5,0.2,20260707,0.714313,0.705855,0.008457,0.039463,0.568235,53
P2-E3,financial-sim,median,sign-flip-5,0.2,20260808,0.732177,0.735566,-0.003389,-0.014598,0.484648,54
P2-E3,financial-sim,median,sign-flip-5,0.2,20260909,0.747206,0.735488,0.011718,0.047401,0.499489,53
P2-E3,financial-sim,median,sign-flip-5,0.2,20261010,0.695216,0.690459,0.004757,0.02437,0.514665,57
P2-E3,financial-sim,median,sign-flip-5,0.2,20261111,0.751376,0.72104,0.030336,0.120679,0.417518,55
P2-E3,financial-sim,median,sign-flip-5,0.2,20261212,0.745789,0.75148,-0.005692,-0.023158,0.501019,54
P2-E3,financial-sim,median,sign-flip-5,0.2,20261313,0.7481,0.741328,0.006773,0.027298,0.483422,57
P2-E3,financial-sim,median,sign-flip-5,0.2,20261414,0.730915,0.716935,0.01398,0.060543,0.576217,53
P2-E3,financial-sim,median,sign-flip-5,0.2,20261515,0.722731,0.718931,0.0038,0.017063,0.567544,55
P2-E3,financial-sim,median,sign-flip-5,0.2,20261616,0.719669,0.712512,0.007157,0.032579,0.462206,56
P2-E3,financial-sim,median,sign-flip-5,0.2,20261717,0.751649,0.740148,0.011501,0.045702,0.458633,55
P2-E3,financial-sim,median,sign-flip-5,0.2,20261818,0.733879,0.733469,0.00041,0.001752,0.43956,53
P2-E3,financial-sim,median,sign-flip-5,0.2,20261919,0.727131,0.708049,0.019082,0.084013,0.542219,55
P2-E3,financial-sim,median,sign-flip-5,0.3,20260000,0.700829,0.694396,0.006433,0.032033,0.548176,55
P2-E3,financial-sim,median,sign-flip-5,0.3,20260101,0.737021,0.601119,0.135902,0.573374,0.452081,52
P2-E3,financial-sim,median,sign-flip-5,0.3,20260202,0.742774,0.729104,0.01367,0.056306,0.454908,69
P2-E3,financial-sim,median,sign-flip-5,0.3,20260303,0.746395,0.692179,0.054216,0.220038,0.535314,53
P2-E3,financial-sim,median,sign-flip-5,0.3,20260404,0.733075,0.723164,0.009912,0.042527,0.593407,54
P2-E3,financial-sim,median,sign-flip-5,0.3,20260505,0.741727,0.750657,-0.00893,-0.036943,0.449373,56
P2-E3,financial-sim,median,sign-flip-5,0.3,20260606,0.720622,0.713568,0.007055,0.031976,0.500473,59
P2-E3,financial-sim,median,sign-flip-5,0.3,20260707,0.714313,0.696727,0.017586,0.082057,0.569216,59
P2-E3,financial-sim,median,sign-flip-5,0.3,20260808,0.732177,0.702272,0.029904,0.128799,0.47998,61
P2-E3,financial-sim,median,sign-flip-5,0.3,20260909,0.747206,0.687188,0.060017,0.242783,0.524004,58
P2-E3,financial-sim,median,sign-flip-5,0.3,20261010,0.695216,0.689204,0.006012,0.030796,0.521302,54
P2-E3,financial-sim,median,sign-flip-5,0.3,20261111,0.751376,0.733652,0.017724,0.070509,0.39811,57
P2-E3,financial-sim,median,sign-flip-5,0.3,20261212,0.745789,0.726789,0.018999,0.077299,0.459592,58
P2-E3,financial-sim,median,sign-flip-5,0.3,20261313,0.7481,0.727666,0.020434,0.082362,0.453802,55
P2-E3,financial-sim,median,sign-flip-5,0.3,20261414,0.730915,0.681968,0.048948,0.211973,0.583705,54
P2-E3,financial-sim,median,sign-flip-5,0.3,20261515,0.722731,0.714264,0.008468,0.038017,0.52751,56
P2-E3,financial-sim,median,sign-flip-5,0.3,20261616,0.719669,0.685229,0.034439,0.156778,0.455567,57
P2-E3,financial-sim,median,sign-flip-5,0.3,20261717,0.751649,0.696422,0.055227,0.219461,0.49029,52
P2-E3,financial-sim,median,sign-flip-5,0.3,20261818,0.733879,0.726939,0.00694,0.029675,0.43895,54
P2-E3,financial-sim,median,sign-flip-5,0.3,20261919,0.727131,0.705614,0.021517,0.094733,0.533599,56
P2-E3,financial-sim,median,scale-10,0.1,20260000,0.700829,0.700948,-0.000119,-0.000593,0.549628,57
P2-E3,financial-sim,median,scale-10,0.1,20260101,0.737021,0.736977,0.000043,0.000183,0.505454,55
P2-E3,financial-sim,median,scale-10,0.1,20260202,0.742774,0.742312,0.000462,0.001903,0.446395,55
P2-E3,financial-sim,median,scale-10,0.1,20260303,0.746395,0.745178,0.001217,0.004938,0.4925,55
P2-E3,financial-sim,median,scale-10,0.1,20260404,0.733075,0.732707,0.000368,0.00158,0.59188,57
P2-E3,financial-sim,median,scale-10,0.1,20260505,0.741727,0.742006,-0.000279,-0.001155,0.456602,56
P2-E3,financial-sim,median,scale-10,0.1,20260606,0.720622,0.72085,-0.000227,-0.001031,0.508996,55
P2-E3,financial-sim,median,scale-10,0.1,20260707,0.714313,0.714268,0.000044,0.000207,0.560196,54
P2-E3,financial-sim,median,scale-10,0.1,20260808,0.732177,0.732238,-0.000061,-0.000264,0.480472,60
P2-E3,financial-sim,median,scale-10,0.1,20260909,0.747206,0.747264,-0.000058,-0.000236,0.516599,54
P2-E3,financial-sim,median,scale-10,0.1,20261010,0.695216,0.695218,-0.000002,-0.000008,0.535645,53
P2-E3,financial-sim,median,scale-10,0.1,20261111,0.751376,0.75149,-0.000114,-0.000455,0.450715,53
P2-E3,financial-sim,median,scale-10,0.1,20261212,0.745789,0.74579,-0.000002,-0.000007,0.514147,53
P2-E3,financial-sim,median,scale-10,0.1,20261313,0.7481,0.748263,-0.000163,-0.000656,0.499337,55
P2-E3,financial-sim,median,scale-10,0.1,20261414,0.730915,0.731691,-0.000776,-0.003359,0.535249,54
P2-E3,financial-sim,median,scale-10,0.1,20261515,0.722731,0.722416,0.000315,0.001414,0.536502,56
P2-E3,financial-sim,median,scale-10,0.1,20261616,0.719669,0.719137,0.000532,0.002421,0.446171,52
P2-E3,financial-sim,median,scale-10,0.1,20261717,0.751649,0.751656,-0.000008,-0.000031,0.415536,56
P2-E3,financial-sim,median,scale-10,0.1,20261818,0.733879,0.733916,-0.000037,-0.000158,0.434537,55
P2-E3,financial-sim,median,scale-10,0.1,20261919,0.727131,0.727384,-0.000253,-0.001115,0.547745,54
P2-E3,financial-sim,median,scale-10,0.2,20260000,0.700829,0.700488,0.000341,0.001698,0.553439,54
P2-E3,financial-sim,median,scale-10,0.2,20260101,0.737021,0.736728,0.000293,0.001234,0.50705,53
P2-E3,financial-sim,median,scale-10,0.2,20260202,0.742774,0.742344,0.00043,0.00177,0.445863,53
P2-E3,financial-sim,median,scale-10,0.2,20260303,0.746395,0.745104,0.001291,0.005238,0.493611,56
P2-E3,financial-sim,median,scale-10,0.2,20260404,0.733075,0.732905,0.00017,0.000731,0.59127,58
P2-E3,financial-sim,median,scale-10,0.2,20260505,0.741727,0.74143,0.000297,0.001227,0.457014,59
P2-E3,financial-sim,median,scale-10,0.2,20260606,0.720622,0.72109,-0.000467,-0.002118,0.509233,55
P2-E3,financial-sim,median,scale-10,0.2,20260707,0.714313,0.71431,0.000003,0.000015,0.56,56
P2-E3,financial-sim,median,scale-10,0.2,20260808,0.732177,0.732034,0.000142,0.000612,0.480472,57
P2-E3,financial-sim,median,scale-10,0.2,20260909,0.747206,0.746725,0.00048,0.001942,0.514045,57
P2-E3,financial-sim,median,scale-10,0.2,20261010,0.695216,0.695383,-0.000167,-0.000857,0.530293,55
P2-E3,financial-sim,median,scale-10,0.2,20261111,0.751376,0.75111,0.000265,0.001056,0.449438,57
P2-E3,financial-sim,median,scale-10,0.2,20261212,0.745789,0.746541,-0.000752,-0.003061,0.516578,55
P2-E3,financial-sim,median,scale-10,0.2,20261313,0.7481,0.748188,-0.000088,-0.000355,0.497126,54
P2-E3,financial-sim,median,scale-10,0.2,20261414,0.730915,0.731364,-0.000449,-0.001944,0.535515,61
P2-E3,financial-sim,median,scale-10,0.2,20261515,0.722731,0.723724,-0.000993,-0.004457,0.53115,54
P2-E3,financial-sim,median,scale-10,0.2,20261616,0.719669,0.720871,-0.001202,-0.005473,0.440686,54
P2-E3,financial-sim,median,scale-10,0.2,20261717,0.751649,0.751686,-0.000037,-0.000147,0.414738,54
P2-E3,financial-sim,median,scale-10,0.2,20261818,0.733879,0.732662,0.001217,0.005205,0.432817,54
P2-E3,financial-sim,median,scale-10,0.2,20261919,0.727131,0.727796,-0.000665,-0.002928,0.546198,54
P2-E3,financial-sim,median,scale-10,0.3,20260000,0.700829,0.701119,-0.000289,-0.001441,0.554164,55
P2-E3,financial-sim,median,scale-10,0.3,20260101,0.737021,0.736705,0.000316,0.001332,0.504922,54
P2-E3,financial-sim,median,scale-10,0.3,20260202,0.742774,0.743416,-0.000642,-0.002644,0.442937,54
P2-E3,financial-sim,median,scale-10,0.3,20260303,0.746395,0.745621,0.000774,0.00314,0.496944,54
P2-E3,financial-sim,median,scale-10,0.3,20260404,0.733075,0.733389,-0.000314,-0.001346,0.589438,53
P2-E3,financial-sim,median,scale-10,0.3,20260505,0.741727,0.740453,0.001274,0.00527,0.454957,59
P2-E3,financial-sim,median,scale-10,0.3,20260606,0.720622,0.720947,-0.000325,-0.001472,0.50947,54
P2-E3,financial-sim,median,scale-10,0.3,20260707,0.714313,0.714368,-0.000056,-0.000259,0.559608,54
P2-E3,financial-sim,median,scale-10,0.3,20260808,0.732177,0.731653,0.000523,0.002253,0.481454,57
P2-E3,financial-sim,median,scale-10,0.3,20260909,0.747206,0.746579,0.000627,0.002535,0.514811,53
P2-E3,financial-sim,median,scale-10,0.3,20261010,0.695216,0.695472,-0.000256,-0.00131,0.530079,55
P2-E3,financial-sim,median,scale-10,0.3,20261111,0.751376,0.747836,0.00354,0.014081,0.454801,56
P2-E3,financial-sim,median,scale-10,0.3,20261212,0.745789,0.745624,0.000165,0.000671,0.513484,53
P2-E3,financial-sim,median,scale-10,0.3,20261313,0.7481,0.747672,0.000429,0.001728,0.494032,53
P2-E3,financial-sim,median,scale-10,0.3,20261414,0.730915,0.731425,-0.000509,-0.002206,0.534185,55
P2-E3,financial-sim,median,scale-10,0.3,20261515,0.722731,0.724884,-0.002153,-0.009666,0.525155,53
P2-E3,financial-sim,median,scale-10,0.3,20261616,0.719669,0.719166,0.000503,0.002289,0.445257,54
P2-E3,financial-sim,median,scale-10,0.3,20261717,0.751649,0.751768,-0.000119,-0.000473,0.414472,55
P2-E3,financial-sim,median,scale-10,0.3,20261818,0.733879,0.736506,-0.002626,-0.01123,0.434783,55
P2-E3,financial-sim,median,scale-10,0.3,20261919,0.727131,0.727653,-0.000522,-0.002299,0.550177,55
P2-E3,financial-sim,median,constant-5,0.1,20260000,0.700829,0.69994,0.000889,0.004429,0.541145,53
P2-E3,financial-sim,median,constant-5,0.1,20260101,0.737021,0.736463,0.000557,0.002351,0.518755,55
P2-E3,financial-sim,median,constant-5,0.1,20260202,0.742774,0.734299,0.008475,0.034911,0.467944,54
P2-E3,financial-sim,median,constant-5,0.1,20260303,0.746395,0.737655,0.00874,0.035471,0.513889,53
P2-E3,financial-sim,median,constant-5,0.1,20260404,0.733075,0.733167,-0.000092,-0.000393,0.578144,55
P2-E3,financial-sim,median,constant-5,0.1,20260505,0.741727,0.744225,-0.002499,-0.010337,0.453723,53
P2-E3,financial-sim,median,constant-5,0.1,20260606,0.720622,0.721974,-0.001352,-0.006128,0.516335,52
P2-E3,financial-sim,median,constant-5,0.1,20260707,0.714313,0.709114,0.005199,0.024258,0.547451,53
P2-E3,financial-sim,median,constant-5,0.1,20260808,0.732177,0.734481,-0.002304,-0.009924,0.473839,54
P2-E3,financial-sim,median,constant-5,0.1,20260909,0.747206,0.737703,0.009503,0.038441,0.510981,54
P2-E3,financial-sim,median,constant-5,0.1,20261010,0.695216,0.702627,-0.007411,-0.037963,0.541854,54
P2-E3,financial-sim,median,constant-5,0.1,20261111,0.751376,0.739747,0.011629,0.046261,0.467058,55
P2-E3,financial-sim,median,constant-5,0.1,20261212,0.745789,0.744004,0.001785,0.007261,0.494227,58
P2-E3,financial-sim,median,constant-5,0.1,20261313,0.7481,0.74719,0.000911,0.00367,0.488727,53
P2-E3,financial-sim,median,constant-5,0.1,20261414,0.730915,0.713308,0.017607,0.076251,0.528864,52
P2-E3,financial-sim,median,constant-5,0.1,20261515,0.722731,0.722807,-0.000075,-0.000338,0.553629,52
P2-E3,financial-sim,median,constant-5,0.1,20261616,0.719669,0.714194,0.005474,0.02492,0.446857,53
P2-E3,financial-sim,median,constant-5,0.1,20261717,0.751649,0.747909,0.003739,0.01486,0.418728,56
P2-E3,financial-sim,median,constant-5,0.1,20261818,0.733879,0.739266,-0.005387,-0.023033,0.456654,53
P2-E3,financial-sim,median,constant-5,0.1,20261919,0.727131,0.726528,0.000603,0.002654,0.545093,52
P2-E3,financial-sim,median,constant-5,0.2,20260000,0.700829,0.687466,0.013363,0.066541,0.484402,54
P2-E3,financial-sim,median,constant-5,0.2,20260101,0.737021,0.711122,0.025899,0.109268,0.522479,52
P2-E3,financial-sim,median,constant-5,0.2,20260202,0.742774,0.729446,0.013328,0.054897,0.488694,52
P2-E3,financial-sim,median,constant-5,0.2,20260303,0.746395,0.704528,0.041867,0.169916,0.515278,53
P2-E3,financial-sim,median,constant-5,0.2,20260404,0.733075,0.718869,0.014206,0.060951,0.555861,53
P2-E3,financial-sim,median,constant-5,0.2,20260505,0.741727,0.737887,0.003839,0.015882,0.445194,73
P2-E3,financial-sim,median,constant-5,0.2,20260606,0.720622,0.717148,0.003474,0.015746,0.499814,53
P2-E3,financial-sim,median,constant-5,0.2,20260707,0.714313,0.700991,0.013321,0.062159,0.546078,54
P2-E3,financial-sim,median,constant-5,0.2,20260808,0.732177,0.709555,0.022622,0.097434,0.492508,57
P2-E3,financial-sim,median,constant-5,0.2,20260909,0.747206,0.711628,0.035577,0.143917,0.514045,56
P2-E3,financial-sim,median,constant-5,0.2,20261010,0.695216,0.705331,-0.010115,-0.051812,0.555556,54
P2-E3,financial-sim,median,constant-5,0.2,20261111,0.751376,0.73628,0.015095,0.060051,0.441011,52
P2-E3,financial-sim,median,constant-5,0.2,20261212,0.745789,0.733521,0.012267,0.049909,0.489806,62
P2-E3,financial-sim,median,constant-5,0.2,20261313,0.7481,0.735492,0.012608,0.050818,0.464633,52
P2-E3,financial-sim,median,constant-5,0.2,20261414,0.730915,0.679695,0.05122,0.221814,0.563882,55
P2-E3,financial-sim,median,constant-5,0.2,20261515,0.722731,0.72089,0.001841,0.008266,0.563657,56
P2-E3,financial-sim,median,constant-5,0.2,20261616,0.719669,0.713145,0.006523,0.029696,0.4576,53
P2-E3,financial-sim,median,constant-5,0.2,20261717,0.751649,0.742172,0.009477,0.037659,0.421655,55
P2-E3,financial-sim,median,constant-5,0.2,20261818,0.733879,0.74091,-0.007031,-0.030063,0.413004,54
P2-E3,financial-sim,median,constant-5,0.2,20261919,0.727131,0.711843,0.015288,0.067308,0.548851,55
P2-E3,financial-sim,median,constant-5,0.3,20260000,0.700829,0.654417,0.046412,0.231103,0.452714,58
P2-E3,financial-sim,median,constant-5,0.3,20260101,0.737021,0.639418,0.097603,0.41179,0.525337,54
P2-E3,financial-sim,median,constant-5,0.3,20260202,0.742774,0.708399,0.034375,0.141594,0.525672,54
P2-E3,financial-sim,median,constant-5,0.3,20260303,0.746395,0.657896,0.088499,0.359174,0.502137,52
P2-E3,financial-sim,median,constant-5,0.3,20260404,0.733075,0.685044,0.048032,0.206079,0.556777,55
P2-E3,financial-sim,median,constant-5,0.3,20260505,0.741727,0.726267,0.01546,0.063957,0.43298,55
P2-E3,financial-sim,median,constant-5,0.3,20260606,0.720622,0.701577,0.019045,0.086324,0.455729,57
P2-E3,financial-sim,median,constant-5,0.3,20260707,0.714313,0.66664,0.047673,0.222446,0.497451,54
P2-E3,financial-sim,median,constant-5,0.3,20260808,0.732177,0.666397,0.06578,0.283317,0.452714,53
P2-E3,financial-sim,median,constant-5,0.3,20260909,0.747206,0.642296,0.10491,0.424383,0.527543,55
P2-E3,financial-sim,median,constant-5,0.3,20261010,0.695216,0.705535,-0.010319,-0.052859,0.552987,53
P2-E3,financial-sim,median,constant-5,0.3,20261111,0.751376,0.70861,0.042766,0.170127,0.449694,53
P2-E3,financial-sim,median,constant-5,0.3,20261212,0.745789,0.691548,0.054241,0.220681,0.454188,53
P2-E3,financial-sim,median,constant-5,0.3,20261313,0.7481,0.694299,0.053802,0.216855,0.446729,53
P2-E3,financial-sim,median,constant-5,0.3,20261414,0.730915,0.608087,0.122828,0.531919,0.464472,52
P2-E3,financial-sim,median,constant-5,0.3,20261515,0.722731,0.674895,0.047836,0.214771,0.497829,53
P2-E3,financial-sim,median,constant-5,0.3,20261616,0.719669,0.664398,0.055271,0.25161,0.430235,53
P2-E3,financial-sim,median,constant-5,0.3,20261717,0.751649,0.709326,0.042323,0.168183,0.434158,53
P2-E3,financial-sim,median,constant-5,0.3,20261818,0.733879,0.696869,0.037011,0.158247,0.405372,54
P2-E3,financial-sim,median,constant-5,0.3,20261919,0.727131,0.692148,0.034983,0.154023,0.546419,54
P2-E3,financial-sim,median,gaussian-5,0.1,20260000,0.700829,0.69833,0.002499,0.012445,0.541463,55
P2-E3,financial-sim,median,gaussian-5,0.1,20260101,0.737021,0.727197,0.009824,0.041447,0.517957,52
P2-E3,financial-sim,median,gaussian-5,0.1,20260202,0.742774,0.740905,0.001869,0.007699,0.463421,52
P2-E3,financial-sim,median,gaussian-5,0.1,20260303,0.746395,0.741748,0.004647,0.018859,0.505556,55
P2-E3,financial-sim,median,gaussian-5,0.1,20260404,0.733075,0.73267,0.000405,0.001739,0.578449,54
P2-E3,financial-sim,median,gaussian-5,0.1,20260505,0.741727,0.744278,-0.002551,-0.010553,0.44673,54
P2-E3,financial-sim,median,gaussian-5,0.1,20260606,0.720622,0.720978,-0.000356,-0.001614,0.491951,52
P2-E3,financial-sim,median,gaussian-5,0.1,20260707,0.714313,0.715463,-0.00115,-0.005367,0.563922,57
P2-E3,financial-sim,median,gaussian-5,0.1,20260808,0.732177,0.733137,-0.000961,-0.004138,0.444117,53
P2-E3,financial-sim,median,gaussian-5,0.1,20260909,0.747206,0.741678,0.005528,0.02236,0.506384,53
P2-E3,financial-sim,median,gaussian-5,0.1,20261010,0.695216,0.701744,-0.006528,-0.03344,0.535645,53
P2-E3,financial-sim,median,gaussian-5,0.1,20261111,0.751376,0.742098,0.009278,0.036908,0.435138,55
P2-E3,financial-sim,median,gaussian-5,0.1,20261212,0.745789,0.740275,0.005514,0.022433,0.51437,53
P2-E3,financial-sim,median,gaussian-5,0.1,20261313,0.7481,0.747677,0.000424,0.001708,0.4916,52
P2-E3,financial-sim,median,gaussian-5,0.1,20261414,0.730915,0.722534,0.008381,0.036295,0.539505,55
P2-E3,financial-sim,median,gaussian-5,0.1,20261515,0.722731,0.722779,-0.000048,-0.000214,0.535431,54
P2-E3,financial-sim,median,gaussian-5,0.1,20261616,0.719669,0.719425,0.000243,0.001108,0.419657,55
P2-E3,financial-sim,median,gaussian-5,0.1,20261717,0.751649,0.747282,0.004367,0.017353,0.444533,55
P2-E3,financial-sim,median,gaussian-5,0.1,20261818,0.733879,0.737451,-0.003572,-0.015272,0.450012,53
P2-E3,financial-sim,median,gaussian-5,0.1,20261919,0.727131,0.724707,0.002424,0.010672,0.537135,55
P2-E3,financial-sim,median,gaussian-5,0.2,20260000,0.700829,0.692424,0.008405,0.041851,0.531301,54
P2-E3,financial-sim,median,gaussian-5,0.2,20260101,0.737021,0.715079,0.021942,0.092574,0.523277,54
P2-E3,financial-sim,median,gaussian-5,0.2,20260202,0.742774,0.731489,0.011285,0.046483,0.455972,55
P2-E3,financial-sim,median,gaussian-5,0.2,20260303,0.746395,0.729552,0.016843,0.068356,0.528611,52
P2-E3,financial-sim,median,gaussian-5,0.2,20260404,0.733075,0.720005,0.013071,0.056079,0.562576,54
P2-E3,financial-sim,median,gaussian-5,0.2,20260505,0.741727,0.74301,-0.001283,-0.005309,0.442616,53
P2-E3,financial-sim,median,gaussian-5,0.2,20260606,0.720622,0.715928,0.004694,0.021277,0.475142,55
P2-E3,financial-sim,median,gaussian-5,0.2,20260707,0.714313,0.712244,0.002069,0.009653,0.582353,52
P2-E3,financial-sim,median,gaussian-5,0.2,20260808,0.732177,0.707052,0.025125,0.108214,0.457381,54
P2-E3,financial-sim,median,gaussian-5,0.2,20260909,0.747206,0.731029,0.016176,0.065437,0.498468,54
P2-E3,financial-sim,median,gaussian-5,0.2,20261010,0.695216,0.702383,-0.007167,-0.036711,0.532648,53
P2-E3,financial-sim,median,gaussian-5,0.2,20261111,0.751376,0.739227,0.012149,0.048331,0.425179,53
P2-E3,financial-sim,median,gaussian-5,0.2,20261212,0.745789,0.737087,0.008701,0.035401,0.52002,56
P2-E3,financial-sim,median,gaussian-5,0.2,20261313,0.7481,0.739663,0.008437,0.034008,0.4958,55
P2-E3,financial-sim,median,gaussian-5,0.2,20261414,0.730915,0.710365,0.02055,0.088995,0.555201,53
P2-E3,financial-sim,median,gaussian-5,0.2,20261515,0.722731,0.718244,0.004487,0.020147,0.524941,53
P2-E3,financial-sim,median,gaussian-5,0.2,20261616,0.719669,0.715037,0.004631,0.021084,0.437486,53
P2-E3,financial-sim,median,gaussian-5,0.2,20261717,0.751649,0.741905,0.009744,0.038721,0.470072,52
P2-E3,financial-sim,median,gaussian-5,0.2,20261818,0.733879,0.741075,-0.007196,-0.030766,0.448718,53
P2-E3,financial-sim,median,gaussian-5,0.2,20261919,0.727131,0.707249,0.019882,0.087536,0.531609,53
P2-E3,financial-sim,median,gaussian-5,0.3,20260000,0.700829,0.679075,0.021754,0.10832,0.499728,54
P2-E3,financial-sim,median,gaussian-5,0.3,20260101,0.737021,0.683381,0.05364,0.226309,0.508859,54
P2-E3,financial-sim,median,gaussian-5,0.3,20260202,0.742774,0.712325,0.030449,0.12542,0.445345,53
P2-E3,financial-sim,median,gaussian-5,0.3,20260303,0.746395,0.700339,0.046056,0.186919,0.529167,54
P2-E3,financial-sim,median,gaussian-5,0.3,20260404,0.733075,0.701426,0.03165,0.135792,0.561966,53
P2-E3,financial-sim,median,gaussian-5,0.3,20260505,0.741727,0.733331,0.008396,0.034731,0.438914,56
P2-E3,financial-sim,median,gaussian-5,0.3,20260606,0.720622,0.69888,0.021743,0.098551,0.472538,52
P2-E3,financial-sim,median,gaussian-5,0.3,20260707,0.714313,0.700112,0.0142,0.06626,0.557843,55
P2-E3,financial-sim,median,gaussian-5,0.3,20260808,0.732177,0.682303,0.049873,0.214807,0.430115,55
P2-E3,financial-sim,median,gaussian-5,0.3,20260909,0.747206,0.708398,0.038808,0.156985,0.495148,54
P2-E3,financial-sim,median,gaussian-5,0.3,20261010,0.695216,0.699181,-0.003964,-0.020308,0.513166,55
P2-E3,financial-sim,median,gaussian-5,0.3,20261111,0.751376,0.712112,0.039264,0.156197,0.414709,54
P2-E3,financial-sim,median,gaussian-5,0.3,20261212,0.745789,0.718187,0.027602,0.112299,0.497666,54
P2-E3,financial-sim,median,gaussian-5,0.3,20261313,0.7481,0.715323,0.032778,0.132115,0.463749,53
P2-E3,financial-sim,median,gaussian-5,0.3,20261414,0.730915,0.672978,0.057937,0.250903,0.56808,53
P2-E3,financial-sim,median,gaussian-5,0.3,20261515,0.722731,0.705355,0.017376,0.078014,0.511668,56
P2-E3,financial-sim,median,gaussian-5,0.3,20261616,0.719669,0.694903,0.024765,0.11274,0.431543,53
P2-E3,financial-sim,median,gaussian-5,0.3,20261717,0.751649,0.706932,0.044717,0.177695,0.4863,54
P2-E3,financial-sim,median,gaussian-5,0.3,20261818,0.733879,0.726163,0.007716,0.032992,0.45116,52
P2-E3,financial-sim,median,gaussian-5,0.3,20261919,0.727131,0.708574,0.018557,0.081701,0.522546,54
P2-E3,financial-sim,trimmed-mean,sign-flip-5,0.1,20260000,0.70323,0.696311,0.006919,0.034045,0.528761,55
P2-E3,financial-sim,trimmed-mean,sign-flip-5,0.1,20260101,0.745682,0.741125,0.004557,0.01855,0.547486,53
P2-E3,financial-sim,trimmed-mean,sign-flip-5,0.1,20260202,0.741458,0.740232,0.001226,0.005076,0.478053,53
P2-E3,financial-sim,trimmed-mean,sign-flip-5,0.1,20260303,0.75053,0.74687,0.00366,0.014608,0.525278,54
P2-E3,financial-sim,trimmed-mean,sign-flip-5,0.1,20260404,0.731778,0.733745,-0.001967,-0.008486,0.581807,58
P2-E3,financial-sim,trimmed-mean,sign-flip-5,0.1,20260505,0.747623,0.74727,0.000354,0.001429,0.464802,54
P2-E3,financial-sim,trimmed-mean,sign-flip-5,0.1,20260606,0.724559,0.72564,-0.001081,-0.004812,0.508759,54
P2-E3,financial-sim,trimmed-mean,sign-flip-5,0.1,20260707,0.716456,0.712896,0.00356,0.016447,0.576667,54
P2-E3,financial-sim,trimmed-mean,sign-flip-5,0.1,20260808,0.736202,0.736599,-0.000397,-0.001682,0.486858,54
P2-E3,financial-sim,trimmed-mean,sign-flip-5,0.1,20260909,0.748525,0.74698,0.001544,0.006214,0.512002,55
P2-E3,financial-sim,trimmed-mean,sign-flip-5,0.1,20261010,0.6956,0.695919,-0.000318,-0.001628,0.5228,53
P2-E3,financial-sim,trimmed-mean,sign-flip-5,0.1,20261111,0.75914,0.754281,0.004859,0.018752,0.416752,52
P2-E3,financial-sim,trimmed-mean,sign-flip-5,0.1,20261212,0.751815,0.74769,0.004126,0.016384,0.495245,50
P2-E3,financial-sim,trimmed-mean,sign-flip-5,0.1,20261313,0.747376,0.745736,0.00164,0.006629,0.489611,53
P2-E3,financial-sim,trimmed-mean,sign-flip-5,0.1,20261414,0.733679,0.723475,0.010203,0.043663,0.54722,57
P2-E3,financial-sim,trimmed-mean,sign-flip-5,0.1,20261515,0.726547,0.72022,0.006327,0.027927,0.528581,53
P2-E3,financial-sim,trimmed-mean,sign-flip-5,0.1,20261616,0.72818,0.712933,0.015248,0.066824,0.4375,53
P2-E3,financial-sim,trimmed-mean,sign-flip-5,0.1,20261717,0.755506,0.745052,0.010453,0.040912,0.466613,55
P2-E3,financial-sim,trimmed-mean,sign-flip-5,0.1,20261818,0.738628,0.737736,0.000892,0.003737,0.465371,54
P2-E3,financial-sim,trimmed-mean,sign-flip-5,0.1,20261919,0.729563,0.724451,0.005112,0.022268,0.552608,56
P2-E3,financial-sim,trimmed-mean,sign-flip-5,0.2,20260000,0.70323,0.600687,0.102544,0.504568,0.398035,58
P2-E3,financial-sim,trimmed-mean,sign-flip-5,0.2,20260101,0.745682,0.32951,0.416172,1.693944,0.181111,52
P2-E3,financial-sim,trimmed-mean,sign-flip-5,0.2,20260202,0.741458,0.652971,0.088487,0.366468,0.428642,54
P2-E3,financial-sim,trimmed-mean,sign-flip-5,0.2,20260303,0.75053,0.579741,0.170789,0.68171,0.138824,54
P2-E3,financial-sim,trimmed-mean,sign-flip-5,0.2,20260404,0.731778,0.638861,0.092916,0.400885,0.441057,53
P2-E3,financial-sim,trimmed-mean,sign-flip-5,0.2,20260505,0.747623,0.742388,0.005235,0.021142,0.422051,55
P2-E3,financial-sim,trimmed-mean,sign-flip-5,0.2,20260606,0.724559,0.637167,0.087392,0.389173,0.481399,53
P2-E3,financial-sim,trimmed-mean,sign-flip-5,0.2,20260707,0.716456,0.573454,0.143002,0.660653,0.247202,54
P2-E3,financial-sim,trimmed-mean,sign-flip-5,0.2,20260808,0.736202,0.6474,0.088802,0.375957,0.391273,55
P2-E3,financial-sim,trimmed-mean,sign-flip-5,0.2,20260909,0.748525,0.706328,0.042197,0.169791,0.473442,55
P2-E3,financial-sim,trimmed-mean,sign-flip-5,0.2,20261010,0.6956,0.510649,0.184951,0.945556,0.3049,54
P2-E3,financial-sim,trimmed-mean,sign-flip-5,0.2,20261111,0.75914,0.562644,0.196497,0.758264,0.326484,53
P2-E3,financial-sim,trimmed-mean,sign-flip-5,0.2,20261212,0.751815,0.72727,0.024546,0.097474,0.487432,54
P2-E3,financial-sim,trimmed-mean,sign-flip-5,0.2,20261313,0.747376,0.701141,0.046235,0.186902,0.482759,66
P2-E3,financial-sim,trimmed-mean,sign-flip-5,0.2,20261414,0.733679,0.495234,0.238444,1.020394,0.417597,62
P2-E3,financial-sim,trimmed-mean,sign-flip-5,0.2,20261515,0.726547,0.709154,0.017393,0.076775,0.574609,56
P2-E3,financial-sim,trimmed-mean,sign-flip-5,0.2,20261616,0.72818,0.579303,0.148877,0.652455,0.401389,60
P2-E3,financial-sim,trimmed-mean,sign-flip-5,0.2,20261717,0.755506,0.706098,0.049408,0.193373,0.500399,52
P2-E3,financial-sim,trimmed-mean,sign-flip-5,0.2,20261818,0.738628,0.723711,0.014917,0.062511,0.420635,56
P2-E3,financial-sim,trimmed-mean,sign-flip-5,0.2,20261919,0.729563,0.642685,0.086878,0.378451,0.385755,56
P2-E3,financial-sim,trimmed-mean,sign-flip-5,0.3,20260000,0.70323,0.420212,0.283018,1.392598,0.21106,51
P2-E3,financial-sim,trimmed-mean,sign-flip-5,0.3,20260101,0.745682,0.351846,0.393836,1.60303,0.162424,52
P2-E3,financial-sim,trimmed-mean,sign-flip-5,0.3,20260202,0.741458,0.545997,0.19546,0.809501,0.392287,47
P2-E3,financial-sim,trimmed-mean,sign-flip-5,0.3,20260303,0.75053,0.297769,0.452761,1.807215,0.098789,50
P2-E3,financial-sim,trimmed-mean,sign-flip-5,0.3,20260404,0.731778,0.49317,0.238608,1.02947,0.263035,63
P2-E3,financial-sim,trimmed-mean,sign-flip-5,0.3,20260505,0.747623,0.461974,0.285649,1.153563,0.250227,49
P2-E3,financial-sim,trimmed-mean,sign-flip-5,0.3,20260606,0.724559,0.506994,0.217565,0.968853,0.331771,53
P2-E3,financial-sim,trimmed-mean,sign-flip-5,0.3,20260707,0.716456,0.546171,0.170285,0.786697,0.308902,51
P2-E3,financial-sim,trimmed-mean,sign-flip-5,0.3,20260808,0.736202,0.31909,0.417112,1.765912,0.114533,51
P2-E3,financial-sim,trimmed-mean,sign-flip-5,0.3,20260909,0.748525,0.362347,0.386178,1.55388,0.19569,53
P2-E3,financial-sim,trimmed-mean,sign-flip-5,0.3,20261010,0.6956,0.413408,0.282193,1.4427,0.187879,52
P2-E3,financial-sim,trimmed-mean,sign-flip-5,0.3,20261111,0.75914,0.579236,0.179904,0.694233,0.402282,48
P2-E3,financial-sim,trimmed-mean,sign-flip-5,0.3,20261212,0.751815,0.488577,0.263238,1.045361,0.247401,52
P2-E3,financial-sim,trimmed-mean,sign-flip-5,0.3,20261313,0.747376,0.285669,0.461707,1.86642,0.075738,52
P2-E3,financial-sim,trimmed-mean,sign-flip-5,0.3,20261414,0.733679,0.263498,0.470181,2.012083,0.112185,51
P2-E3,financial-sim,trimmed-mean,sign-flip-5,0.3,20261515,0.726547,0.470705,0.255842,1.129312,0.234064,49
P2-E3,financial-sim,trimmed-mean,sign-flip-5,0.3,20261616,0.72818,0.410663,0.317517,1.391519,0.325597,52
P2-E3,financial-sim,trimmed-mean,sign-flip-5,0.3,20261717,0.755506,0.312344,0.443161,1.734449,0.10333,52
P2-E3,financial-sim,trimmed-mean,sign-flip-5,0.3,20261818,0.738628,0.349928,0.3887,1.628895,0.130713,53
P2-E3,financial-sim,trimmed-mean,sign-flip-5,0.3,20261919,0.729563,0.322472,0.407091,1.773332,0.133675,53
P2-E3,financial-sim,trimmed-mean,scale-10,0.1,20260000,0.70323,0.702716,0.000515,0.002532,0.544366,54
P2-E3,financial-sim,trimmed-mean,scale-10,0.1,20260101,0.745682,0.744332,0.00135,0.005494,0.510774,53
P2-E3,financial-sim,trimmed-mean,scale-10,0.1,20260202,0.741458,0.741286,0.000172,0.000712,0.465815,55
P2-E3,financial-sim,trimmed-mean,scale-10,0.1,20260303,0.75053,0.749467,0.001063,0.004241,0.483611,55
P2-E3,financial-sim,trimmed-mean,scale-10,0.1,20260404,0.731778,0.730864,0.000914,0.003941,0.592491,54
P2-E3,financial-sim,trimmed-mean,scale-10,0.1,20260505,0.747623,0.746369,0.001255,0.005068,0.478303,54
P2-E3,financial-sim,trimmed-mean,scale-10,0.1,20260606,0.724559,0.725353,-0.000794,-0.003534,0.506629,54
P2-E3,financial-sim,trimmed-mean,scale-10,0.1,20260707,0.716456,0.71743,-0.000974,-0.0045,0.565098,54
P2-E3,financial-sim,trimmed-mean,scale-10,0.1,20260808,0.736202,0.735104,0.001098,0.004649,0.47212,57
P2-E3,financial-sim,trimmed-mean,scale-10,0.1,20260909,0.748525,0.748001,0.000524,0.002109,0.516088,54
P2-E3,financial-sim,trimmed-mean,scale-10,0.1,20261010,0.6956,0.694169,0.001431,0.007318,0.51338,52
P2-E3,financial-sim,trimmed-mean,scale-10,0.1,20261111,0.75914,0.759624,-0.000484,-0.001866,0.436925,54
P2-E3,financial-sim,trimmed-mean,scale-10,0.1,20261212,0.751815,0.748838,0.002977,0.011822,0.504755,53
P2-E3,financial-sim,trimmed-mean,scale-10,0.1,20261313,0.747376,0.745596,0.00178,0.007194,0.502431,53
P2-E3,financial-sim,trimmed-mean,scale-10,0.1,20261414,0.733679,0.734155,-0.000477,-0.00204,0.539771,54
P2-E3,financial-sim,trimmed-mean,scale-10,0.1,20261515,0.726547,0.72628,0.000267,0.00118,0.519375,53
P2-E3,financial-sim,trimmed-mean,scale-10,0.1,20261616,0.72818,0.728524,-0.000343,-0.001504,0.433143,55
P2-E3,financial-sim,trimmed-mean,scale-10,0.1,20261717,0.755506,0.757028,-0.001522,-0.005957,0.424847,55
P2-E3,financial-sim,trimmed-mean,scale-10,0.1,20261818,0.738628,0.737532,0.001097,0.004595,0.456645,58
P2-E3,financial-sim,trimmed-mean,scale-10,0.1,20261919,0.729563,0.72942,0.000143,0.000623,0.549735,55
P2-E3,financial-sim,trimmed-mean,scale-10,0.2,20260000,0.70323,0.704039,-0.000809,-0.003981,0.537706,57
P2-E3,financial-sim,trimmed-mean,scale-10,0.2,20260101,0.745682,0.743413,0.002269,0.009237,0.492684,52
P2-E3,financial-sim,trimmed-mean,scale-10,0.2,20260202,0.741458,0.732596,0.008861,0.036699,0.486034,54
P2-E3,financial-sim,trimmed-mean,scale-10,0.2,20260303,0.75053,0.748642,0.001888,0.007535,0.478889,56
P2-E3,financial-sim,trimmed-mean,scale-10,0.2,20260404,0.731778,0.722229,0.009548,0.041197,0.577008,55
P2-E3,financial-sim,trimmed-mean,scale-10,0.2,20260505,0.747623,0.743594,0.00403,0.016273,0.464007,54
P2-E3,financial-sim,trimmed-mean,scale-10,0.2,20260606,0.724559,0.721833,0.002726,0.012139,0.502367,55
P2-E3,financial-sim,trimmed-mean,scale-10,0.2,20260707,0.716456,0.716296,0.00016,0.00074,0.561569,58
P2-E3,financial-sim,trimmed-mean,scale-10,0.2,20260808,0.736202,0.732369,0.003833,0.016229,0.46647,55
P2-E3,financial-sim,trimmed-mean,scale-10,0.2,20260909,0.748525,0.747404,0.001121,0.00451,0.517875,57
P2-E3,financial-sim,trimmed-mean,scale-10,0.2,20261010,0.6956,0.694869,0.000732,0.003741,0.515521,52
P2-E3,financial-sim,trimmed-mean,scale-10,0.2,20261111,0.75914,0.752979,0.006161,0.023774,0.445352,55
P2-E3,financial-sim,trimmed-mean,scale-10,0.2,20261212,0.751815,0.746937,0.004878,0.019372,0.510168,54
P2-E3,financial-sim,trimmed-mean,scale-10,0.2,20261313,0.747376,0.746231,0.001145,0.004628,0.498232,54
P2-E3,financial-sim,trimmed-mean,scale-10,0.2,20261414,0.733679,0.737498,-0.003819,-0.016343,0.538904,53
P2-E3,financial-sim,trimmed-mean,scale-10,0.2,20261515,0.726547,0.721038,0.005509,0.024319,0.521302,55
P2-E3,financial-sim,trimmed-mean,scale-10,0.2,20261616,0.72818,0.725315,0.002865,0.012557,0.418286,55
P2-E3,financial-sim,trimmed-mean,scale-10,0.2,20261717,0.755506,0.755632,-0.000127,-0.000496,0.425911,56
P2-E3,financial-sim,trimmed-mean,scale-10,0.2,20261818,0.738628,0.7349,0.003728,0.015622,0.438222,55
P2-E3,financial-sim,trimmed-mean,scale-10,0.2,20261919,0.729563,0.729487,0.000076,0.000332,0.550398,55
P2-E3,financial-sim,trimmed-mean,scale-10,0.3,20260000,0.70323,0.70332,-0.00009,-0.000443,0.547531,56
P2-E3,financial-sim,trimmed-mean,scale-10,0.3,20260101,0.745682,0.693923,0.051759,0.210675,0.544584,57
P2-E3,financial-sim,trimmed-mean,scale-10,0.3,20260202,0.741458,0.737486,0.003972,0.01645,0.463155,54
P2-E3,financial-sim,trimmed-mean,scale-10,0.3,20260303,0.75053,0.747401,0.003128,0.012487,0.4775,66
P2-E3,financial-sim,trimmed-mean,scale-10,0.3,20260404,0.731778,0.718284,0.013494,0.058218,0.572587,60
P2-E3,financial-sim,trimmed-mean,scale-10,0.3,20260505,0.747623,0.735547,0.012076,0.048768,0.441382,55
P2-E3,financial-sim,trimmed-mean,scale-10,0.3,20260606,0.724559,0.724515,0.000044,0.000196,0.502367,53
P2-E3,financial-sim,trimmed-mean,scale-10,0.3,20260707,0.716456,0.714336,0.00212,0.009792,0.576275,57
P2-E3,financial-sim,trimmed-mean,scale-10,0.3,20260808,0.736202,0.736249,-0.000047,-0.000198,0.468435,56
P2-E3,financial-sim,trimmed-mean,scale-10,0.3,20260909,0.748525,0.753451,-0.004926,-0.019821,0.520429,57
P2-E3,financial-sim,trimmed-mean,scale-10,0.3,20261010,0.6956,0.690279,0.005322,0.027208,0.517876,55
P2-E3,financial-sim,trimmed-mean,scale-10,0.3,20261111,0.75914,0.575507,0.183633,0.708626,0.1678,55
P2-E3,financial-sim,trimmed-mean,scale-10,0.3,20261212,0.751815,0.746682,0.005134,0.020387,0.506114,54
P2-E3,financial-sim,trimmed-mean,scale-10,0.3,20261313,0.747376,0.748237,-0.000861,-0.003479,0.508842,55
P2-E3,financial-sim,trimmed-mean,scale-10,0.3,20261414,0.733679,0.733307,0.000372,0.00159,0.537643,55
P2-E3,financial-sim,trimmed-mean,scale-10,0.3,20261515,0.726547,0.724663,0.001884,0.008316,0.520873,54
P2-E3,financial-sim,trimmed-mean,scale-10,0.3,20261616,0.72818,0.729115,-0.000935,-0.004096,0.438171,60
P2-E3,financial-sim,trimmed-mean,scale-10,0.3,20261717,0.755506,0.753396,0.002109,0.008255,0.424315,53
P2-E3,financial-sim,trimmed-mean,scale-10,0.3,20261818,0.738628,0.738595,0.000034,0.000141,0.438713,53
P2-E3,financial-sim,trimmed-mean,scale-10,0.3,20261919,0.729563,0.723433,0.00613,0.026702,0.553935,64
P2-E3,financial-sim,trimmed-mean,constant-5,0.1,20260000,0.70323,0.699518,0.003712,0.018265,0.52002,68
P2-E3,financial-sim,trimmed-mean,constant-5,0.1,20260101,0.745682,0.740344,0.005338,0.021726,0.514765,54
P2-E3,financial-sim,trimmed-mean,constant-5,0.1,20260202,0.741458,0.74172,-0.000263,-0.001088,0.487364,53
P2-E3,financial-sim,trimmed-mean,constant-5,0.1,20260303,0.75053,0.736864,0.013666,0.054549,0.500278,54
P2-E3,financial-sim,trimmed-mean,constant-5,0.1,20260404,0.731778,0.730166,0.001612,0.006953,0.584249,52
P2-E3,financial-sim,trimmed-mean,constant-5,0.1,20260505,0.747623,0.745334,0.002289,0.009245,0.453873,53
P2-E3,financial-sim,trimmed-mean,constant-5,0.1,20260606,0.724559,0.725517,-0.000958,-0.004267,0.516369,54
P2-E3,financial-sim,trimmed-mean,constant-5,0.1,20260707,0.716456,0.711678,0.004778,0.022076,0.558824,54
P2-E3,financial-sim,trimmed-mean,constant-5,0.1,20260808,0.736202,0.730371,0.005831,0.024685,0.476541,56
P2-E3,financial-sim,trimmed-mean,constant-5,0.1,20260909,0.748525,0.73906,0.009465,0.038085,0.523749,54
P2-E3,financial-sim,trimmed-mean,constant-5,0.1,20261010,0.6956,0.705979,-0.010378,-0.053059,0.531364,54
P2-E3,financial-sim,trimmed-mean,constant-5,0.1,20261111,0.75914,0.751797,0.007343,0.028337,0.444842,53
P2-E3,financial-sim,trimmed-mean,constant-5,0.1,20261212,0.751815,0.743056,0.008759,0.034785,0.501698,60
P2-E3,financial-sim,trimmed-mean,constant-5,0.1,20261313,0.747376,0.741208,0.006168,0.024933,0.493148,54
P2-E3,financial-sim,trimmed-mean,constant-5,0.1,20261414,0.733679,0.715229,0.01845,0.078953,0.553935,56
P2-E3,financial-sim,trimmed-mean,constant-5,0.1,20261515,0.726547,0.719106,0.007441,0.032845,0.537572,56
P2-E3,financial-sim,trimmed-mean,constant-5,0.1,20261616,0.72818,0.724964,0.003217,0.014096,0.445943,55
P2-E3,financial-sim,trimmed-mean,constant-5,0.1,20261717,0.755506,0.750074,0.005431,0.021257,0.429636,55
P2-E3,financial-sim,trimmed-mean,constant-5,0.1,20261818,0.738628,0.739478,-0.00085,-0.003561,0.442002,53
P2-E3,financial-sim,trimmed-mean,constant-5,0.1,20261919,0.729563,0.72489,0.004672,0.020353,0.558355,66
P2-E3,financial-sim,trimmed-mean,constant-5,0.2,20260000,0.70323,0.465794,0.237436,1.168312,0.30002,51
P2-E3,financial-sim,trimmed-mean,constant-5,0.2,20260101,0.745682,0.468105,0.277577,1.129823,0.295408,51
P2-E3,financial-sim,trimmed-mean,constant-5,0.2,20260202,0.741458,0.479903,0.261554,1.083231,0.342255,51
P2-E3,financial-sim,trimmed-mean,constant-5,0.2,20260303,0.75053,0.452603,0.297927,1.189187,0.369948,50
P2-E3,financial-sim,trimmed-mean,constant-5,0.2,20260404,0.731778,0.47425,0.257527,1.111096,0.362679,50
P2-E3,financial-sim,trimmed-mean,constant-5,0.2,20260505,0.747623,0.505761,0.241862,0.976734,0.374226,50
P2-E3,financial-sim,trimmed-mean,constant-5,0.2,20260606,0.724559,0.459791,0.264768,1.179057,0.251612,50
P2-E3,financial-sim,trimmed-mean,constant-5,0.2,20260707,0.716456,0.483456,0.233,1.076429,0.306296,50
P2-E3,financial-sim,trimmed-mean,constant-5,0.2,20260808,0.736202,0.458652,0.27755,1.175055,0.313557,52
P2-E3,financial-sim,trimmed-mean,constant-5,0.2,20260909,0.748525,0.437916,0.310609,1.249812,0.283784,51
P2-E3,financial-sim,trimmed-mean,constant-5,0.2,20261010,0.6956,0.508766,0.186834,0.955184,0.318464,51
P2-E3,financial-sim,trimmed-mean,constant-5,0.2,20261111,0.75914,0.477756,0.281384,1.085838,0.364369,51
P2-E3,financial-sim,trimmed-mean,constant-5,0.2,20261212,0.751815,0.482916,0.2689,1.067845,0.297931,50
P2-E3,financial-sim,trimmed-mean,constant-5,0.2,20261313,0.747376,0.468825,0.278551,1.126024,0.361351,51
P2-E3,financial-sim,trimmed-mean,constant-5,0.2,20261414,0.733679,0.430599,0.30308,1.296995,0.327708,52
P2-E3,financial-sim,trimmed-mean,constant-5,0.2,20261515,0.726547,0.484072,0.242475,1.070307,0.30112,54
P2-E3,financial-sim,trimmed-mean,constant-5,0.2,20261616,0.72818,0.470099,0.258082,1.131042,0.307533,53
P2-E3,financial-sim,trimmed-mean,constant-5,0.2,20261717,0.755506,0.48387,0.271636,1.063131,0.303536,52
P2-E3,financial-sim,trimmed-mean,constant-5,0.2,20261818,0.738628,0.458172,0.280456,1.175284,0.355354,52
P2-E3,financial-sim,trimmed-mean,constant-5,0.2,20261919,0.729563,0.454066,0.275496,1.200092,0.276011,51
P2-E3,financial-sim,trimmed-mean,constant-5,0.3,20260000,0.70323,0.444036,0.259194,1.275372,0.241947,50
P2-E3,financial-sim,trimmed-mean,constant-5,0.3,20260101,0.745682,0.433987,0.311695,1.268691,0.268963,50
P2-E3,financial-sim,trimmed-mean,constant-5,0.3,20260202,0.741458,0.438498,0.30296,1.254712,0.327109,48
P2-E3,financial-sim,trimmed-mean,constant-5,0.3,20260303,0.75053,0.413074,0.337455,1.346967,0.303421,49
P2-E3,financial-sim,trimmed-mean,constant-5,0.3,20260404,0.731778,0.430517,0.30126,1.299781,0.313766,52
P2-E3,financial-sim,trimmed-mean,constant-5,0.3,20260505,0.747623,0.458555,0.289068,1.167369,0.319405,49
P2-E3,financial-sim,trimmed-mean,constant-5,0.3,20260606,0.724559,0.436262,0.288297,1.283836,0.263331,48
P2-E3,financial-sim,trimmed-mean,constant-5,0.3,20260707,0.716456,0.43714,0.279316,1.290406,0.260685,54
P2-E3,financial-sim,trimmed-mean,constant-5,0.3,20260808,0.736202,0.432779,0.303423,1.284593,0.254026,50
P2-E3,financial-sim,trimmed-mean,constant-5,0.3,20260909,0.748525,0.403935,0.34459,1.386541,0.249088,49
P2-E3,financial-sim,trimmed-mean,constant-5,0.3,20261010,0.6956,0.468501,0.2271,1.161039,0.271332,51
P2-E3,financial-sim,trimmed-mean,constant-5,0.3,20261111,0.75914,0.437924,0.321216,1.239546,0.247097,50
P2-E3,financial-sim,trimmed-mean,constant-5,0.3,20261212,0.751815,0.442394,0.309421,1.228764,0.263699,50
P2-E3,financial-sim,trimmed-mean,constant-5,0.3,20261313,0.747376,0.421839,0.325537,1.315961,0.286787,49
P2-E3,financial-sim,trimmed-mean,constant-5,0.3,20261414,0.733679,0.386294,0.347385,1.486593,0.268333,51
P2-E3,financial-sim,trimmed-mean,constant-5,0.3,20261515,0.726547,0.454331,0.272216,1.201586,0.281101,47
P2-E3,financial-sim,trimmed-mean,constant-5,0.3,20261616,0.72818,0.421154,0.307027,1.345543,0.214733,49
P2-E3,financial-sim,trimmed-mean,constant-5,0.3,20261717,0.755506,0.444388,0.311117,1.217654,0.232973,47
P2-E3,financial-sim,trimmed-mean,constant-5,0.3,20261818,0.738628,0.427466,0.311162,1.30396,0.280556,47
P2-E3,financial-sim,trimmed-mean,constant-5,0.3,20261919,0.729563,0.428554,0.301009,1.311226,0.237208,50
P2-E3,financial-sim,trimmed-mean,gaussian-5,0.1,20260000,0.70323,0.699443,0.003788,0.018637,0.521502,53
P2-E3,financial-sim,trimmed-mean,gaussian-5,0.1,20260101,0.745682,0.737287,0.008395,0.03417,0.5137,55
P2-E3,financial-sim,trimmed-mean,gaussian-5,0.1,20260202,0.741458,0.73744,0.004017,0.016638,0.490024,52
P2-E3,financial-sim,trimmed-mean,gaussian-5,0.1,20260303,0.75053,0.739978,0.010552,0.042119,0.505556,52
P2-E3,financial-sim,trimmed-mean,gaussian-5,0.1,20260404,0.731778,0.732829,-0.001052,-0.004538,0.574176,53
P2-E3,financial-sim,trimmed-mean,gaussian-5,0.1,20260505,0.747623,0.748201,-0.000577,-0.002332,0.4529,53
P2-E3,financial-sim,trimmed-mean,gaussian-5,0.1,20260606,0.724559,0.723486,0.001073,0.004777,0.487926,54
P2-E3,financial-sim,trimmed-mean,gaussian-5,0.1,20260707,0.716456,0.715336,0.00112,0.005174,0.568824,56
P2-E3,financial-sim,trimmed-mean,gaussian-5,0.1,20260808,0.736202,0.728482,0.00772,0.032683,0.451732,55
P2-E3,financial-sim,trimmed-mean,gaussian-5,0.1,20260909,0.748525,0.744855,0.00367,0.014766,0.51762,54
P2-E3,financial-sim,trimmed-mean,gaussian-5,0.1,20261010,0.6956,0.701122,-0.005521,-0.028227,0.516592,53
P2-E3,financial-sim,trimmed-mean,gaussian-5,0.1,20261111,0.75914,0.750149,0.008991,0.034696,0.425434,66
P2-E3,financial-sim,trimmed-mean,gaussian-5,0.1,20261212,0.751815,0.746494,0.005321,0.021132,0.518342,53
P2-E3,financial-sim,trimmed-mean,gaussian-5,0.1,20261313,0.747376,0.743308,0.004068,0.016443,0.50221,54
P2-E3,financial-sim,trimmed-mean,gaussian-5,0.1,20261414,0.733679,0.721777,0.011901,0.050931,0.55121,54
P2-E3,financial-sim,trimmed-mean,gaussian-5,0.1,20261515,0.726547,0.717612,0.008935,0.039439,0.520445,57
P2-E3,financial-sim,trimmed-mean,gaussian-5,0.1,20261616,0.72818,0.732936,-0.004756,-0.020841,0.423314,57
P2-E3,financial-sim,trimmed-mean,gaussian-5,0.1,20261717,0.755506,0.748449,0.007057,0.02762,0.457835,54
P2-E3,financial-sim,trimmed-mean,gaussian-5,0.1,20261818,0.738628,0.738299,0.000329,0.001379,0.455416,52
P2-E3,financial-sim,trimmed-mean,gaussian-5,0.1,20261919,0.729563,0.722198,0.007365,0.032082,0.547745,53
P2-E3,financial-sim,trimmed-mean,gaussian-5,0.2,20260000,0.70323,0.621222,0.082008,0.403522,0.42642,66
P2-E3,financial-sim,trimmed-mean,gaussian-5,0.2,20260101,0.745682,0.649565,0.096117,0.391224,0.479915,65
P2-E3,financial-sim,trimmed-mean,gaussian-5,0.2,20260202,0.741458,0.635,0.106457,0.440894,0.453451,66
P2-E3,financial-sim,trimmed-mean,gaussian-5,0.2,20260303,0.75053,0.650319,0.10021,0.399994,0.521399,53
P2-E3,financial-sim,trimmed-mean,gaussian-5,0.2,20260404,0.731778,0.646742,0.085036,0.366884,0.434829,54
P2-E3,financial-sim,trimmed-mean,gaussian-5,0.2,20260505,0.747623,0.681326,0.066297,0.267734,0.377622,52
P2-E3,financial-sim,trimmed-mean,gaussian-5,0.2,20260606,0.724559,0.653004,0.071555,0.318649,0.432528,53
P2-E3,financial-sim,trimmed-mean,gaussian-5,0.2,20260707,0.716456,0.659875,0.056581,0.261397,0.435294,52
P2-E3,financial-sim,trimmed-mean,gaussian-5,0.2,20260808,0.736202,0.66005,0.076152,0.322404,0.416605,53
P2-E3,financial-sim,trimmed-mean,gaussian-5,0.2,20260909,0.748525,0.657429,0.091096,0.366545,0.511086,51
P2-E3,financial-sim,trimmed-mean,gaussian-5,0.2,20261010,0.6956,0.626921,0.06868,0.351124,0.489403,52
P2-E3,financial-sim,trimmed-mean,gaussian-5,0.2,20261111,0.75914,0.664974,0.094166,0.36338,0.434244,54
P2-E3,financial-sim,trimmed-mean,gaussian-5,0.2,20261212,0.751815,0.653258,0.098557,0.391388,0.460084,56
P2-E3,financial-sim,trimmed-mean,gaussian-5,0.2,20261313,0.747376,0.652225,0.095151,0.384641,0.423036,52
P2-E3,financial-sim,trimmed-mean,gaussian-5,0.2,20261414,0.733679,0.637875,0.095804,0.409982,0.501463,54
P2-E3,financial-sim,trimmed-mean,gaussian-5,0.2,20261515,0.726547,0.63934,0.087207,0.384938,0.506436,52
P2-E3,financial-sim,trimmed-mean,gaussian-5,0.2,20261616,0.72818,0.671114,0.057066,0.250092,0.478171,53
P2-E3,financial-sim,trimmed-mean,gaussian-5,0.2,20261717,0.755506,0.679491,0.076015,0.297507,0.464219,52
P2-E3,financial-sim,trimmed-mean,gaussian-5,0.2,20261818,0.738628,0.647892,0.090736,0.380239,0.430607,52
P2-E3,financial-sim,trimmed-mean,gaussian-5,0.2,20261919,0.729563,0.632748,0.096815,0.421735,0.561828,53
P2-E3,financial-sim,trimmed-mean,gaussian-5,0.3,20260000,0.70323,0.606217,0.097013,0.477357,0.424242,52
P2-E3,financial-sim,trimmed-mean,gaussian-5,0.3,20260101,0.745682,0.633829,0.111853,0.455274,0.462363,53
P2-E3,financial-sim,trimmed-mean,gaussian-5,0.3,20260202,0.741458,0.621904,0.119554,0.495134,0.450995,52
P2-E3,financial-sim,trimmed-mean,gaussian-5,0.3,20260303,0.75053,0.624802,0.125728,0.501848,0.498168,52
P2-E3,financial-sim,trimmed-mean,gaussian-5,0.3,20260404,0.731778,0.630919,0.100859,0.435154,0.405525,53
P2-E3,financial-sim,trimmed-mean,gaussian-5,0.3,20260505,0.747623,0.660234,0.087389,0.352911,0.357466,54
P2-E3,financial-sim,trimmed-mean,gaussian-5,0.3,20260606,0.724559,0.63529,0.089269,0.39753,0.431226,52
P2-E3,financial-sim,trimmed-mean,gaussian-5,0.3,20260707,0.716456,0.643431,0.073025,0.337368,0.432451,51
P2-E3,financial-sim,trimmed-mean,gaussian-5,0.3,20260808,0.736202,0.637738,0.098464,0.416865,0.412429,55
P2-E3,financial-sim,trimmed-mean,gaussian-5,0.3,20260909,0.748525,0.638751,0.109774,0.441701,0.500343,50
P2-E3,financial-sim,trimmed-mean,gaussian-5,0.3,20261010,0.6956,0.606958,0.088642,0.45318,0.486834,51
P2-E3,financial-sim,trimmed-mean,gaussian-5,0.3,20261111,0.75914,0.645704,0.113436,0.43774,0.438766,51
P2-E3,financial-sim,trimmed-mean,gaussian-5,0.3,20261212,0.751815,0.640586,0.111229,0.441709,0.457259,51
P2-E3,financial-sim,trimmed-mean,gaussian-5,0.3,20261313,0.747376,0.640862,0.106514,0.430574,0.405374,52
P2-E3,financial-sim,trimmed-mean,gaussian-5,0.3,20261414,0.733679,0.615561,0.118118,0.50547,0.504591,53
P2-E3,financial-sim,trimmed-mean,gaussian-5,0.3,20261515,0.726547,0.615834,0.110713,0.488697,0.478828,51
P2-E3,financial-sim,trimmed-mean,gaussian-5,0.3,20261616,0.72818,0.65045,0.07773,0.340652,0.487543,52
P2-E3,financial-sim,trimmed-mean,gaussian-5,0.3,20261717,0.755506,0.658363,0.097142,0.380196,0.472998,52
P2-E3,financial-sim,trimmed-mean,gaussian-5,0.3,20261818,0.738628,0.624036,0.114592,0.480212,0.42987,52
P2-E3,financial-sim,trimmed-mean,gaussian-5,0.3,20261919,0.729563,0.619332,0.110231,0.480177,0.552227,53
P2-E3,financial-sim,trust-weighted,sign-flip-5,0.1,20260000,0.702185,0.699044,0.003141,0.015535,0.52622,57
P2-E3,financial-sim,trust-weighted,sign-flip-5,0.1,20260101,0.746787,0.740767,0.00602,0.024395,0.549348,57
P2-E3,financial-sim,trust-weighted,sign-flip-5,0.1,20260202,0.741719,0.742949,-0.00123,-0.00509,0.471136,59
P2-E3,financial-sim,trust-weighted,sign-flip-5,0.1,20260303,0.749064,0.747313,0.001751,0.007031,0.501667,56
P2-E3,financial-sim,trust-weighted,sign-flip-5,0.1,20260404,0.731724,0.732845,-0.001121,-0.004838,0.586691,61
P2-E3,financial-sim,trust-weighted,sign-flip-5,0.1,20260505,0.748065,0.74845,-0.000386,-0.001554,0.46866,59
P2-E3,financial-sim,trust-weighted,sign-flip-5,0.1,20260606,0.724603,0.72548,-0.000877,-0.003903,0.507813,58
P2-E3,financial-sim,trust-weighted,sign-flip-5,0.1,20260707,0.716454,0.713469,0.002986,0.013794,0.573922,57
P2-E3,financial-sim,trust-weighted,sign-flip-5,0.1,20260808,0.737153,0.736845,0.000308,0.0013,0.477033,59
P2-E3,financial-sim,trust-weighted,sign-flip-5,0.1,20260909,0.748758,0.746914,0.001844,0.007411,0.517365,58
P2-E3,financial-sim,trust-weighted,sign-flip-5,0.1,20261010,0.696641,0.698705,-0.002063,-0.010493,0.512738,57
P2-E3,financial-sim,trust-weighted,sign-flip-5,0.1,20261111,0.758414,0.755492,0.002922,0.011306,0.427732,56
P2-E3,financial-sim,trust-weighted,sign-flip-5,0.1,20261212,0.750767,0.749515,0.001252,0.004994,0.50034,57
P2-E3,financial-sim,trust-weighted,sign-flip-5,0.1,20261313,0.746316,0.744864,0.001452,0.005896,0.504421,57
P2-E3,financial-sim,trust-weighted,sign-flip-5,0.1,20261414,0.735406,0.728903,0.006503,0.027626,0.541101,57
P2-E3,financial-sim,trust-weighted,sign-flip-5,0.1,20261515,0.726569,0.723801,0.002768,0.012216,0.534147,57
P2-E3,financial-sim,trust-weighted,sign-flip-5,0.1,20261616,0.728079,0.723575,0.004504,0.019748,0.437714,57
P2-E3,financial-sim,trust-weighted,sign-flip-5,0.1,20261717,0.756012,0.747868,0.008145,0.031814,0.45411,58
P2-E3,financial-sim,trust-weighted,sign-flip-5,0.1,20261818,0.739375,0.735668,0.003708,0.015489,0.465488,57
P2-E3,financial-sim,trust-weighted,sign-flip-5,0.1,20261919,0.72957,0.723728,0.005842,0.025448,0.551945,57
P2-E3,financial-sim,trust-weighted,sign-flip-5,0.2,20260000,0.702185,0.697682,0.004503,0.022273,0.527672,58
P2-E3,financial-sim,trust-weighted,sign-flip-5,0.2,20260101,0.746787,0.723338,0.02345,0.09502,0.557774,60
P2-E3,financial-sim,trust-weighted,sign-flip-5,0.2,20260202,0.741719,0.742057,-0.000339,-0.001402,0.457835,57
P2-E3,financial-sim,trust-weighted,sign-flip-5,0.2,20260303,0.749064,0.742504,0.00656,0.026339,0.5425,55
P2-E3,financial-sim,trust-weighted,sign-flip-5,0.2,20260404,0.731724,0.733603,-0.001878,-0.008107,0.586081,58
P2-E3,financial-sim,trust-weighted,sign-flip-5,0.2,20260505,0.748065,0.746194,0.00187,0.00754,0.46866,57
P2-E3,financial-sim,trust-weighted,sign-flip-5,0.2,20260606,0.724603,0.724686,-0.000083,-0.00037,0.513968,60
P2-E3,financial-sim,trust-weighted,sign-flip-5,0.2,20260707,0.716454,0.707434,0.009021,0.041674,0.558627,57
P2-E3,financial-sim,trust-weighted,sign-flip-5,0.2,20260808,0.737153,0.739816,-0.002663,-0.011228,0.49128,57
P2-E3,financial-sim,trust-weighted,sign-flip-5,0.2,20260909,0.748758,0.740214,0.008544,0.034347,0.506129,59
P2-E3,financial-sim,trust-weighted,sign-flip-5,0.2,20261010,0.696641,0.694201,0.00244,0.012407,0.517448,60
P2-E3,financial-sim,trust-weighted,sign-flip-5,0.2,20261111,0.758414,0.669529,0.088885,0.343964,0.421093,57
P2-E3,financial-sim,trust-weighted,sign-flip-5,0.2,20261212,0.750767,0.748947,0.00182,0.007258,0.503736,58
P2-E3,financial-sim,trust-weighted,sign-flip-5,0.2,20261313,0.746316,0.740357,0.005958,0.02419,0.513042,59
P2-E3,financial-sim,trust-weighted,sign-flip-5,0.2,20261414,0.735406,0.725389,0.010017,0.042554,0.555467,57
P2-E3,financial-sim,trust-weighted,sign-flip-5,0.2,20261515,0.726569,0.726736,-0.000168,-0.000739,0.539285,56
P2-E3,financial-sim,trust-weighted,sign-flip-5,0.2,20261616,0.728079,0.72239,0.005689,0.024941,0.450833,58
P2-E3,financial-sim,trust-weighted,sign-flip-5,0.2,20261717,0.756012,0.749288,0.006725,0.026267,0.457569,59
P2-E3,financial-sim,trust-weighted,sign-flip-5,0.2,20261818,0.739375,0.730291,0.009085,0.037952,0.461943,58
P2-E3,financial-sim,trust-weighted,sign-flip-5,0.2,20261919,0.72957,0.706727,0.022844,0.099506,0.55084,59
P2-E3,financial-sim,trust-weighted,sign-flip-5,0.3,20260000,0.702185,0.69556,0.006625,0.032765,0.514789,57
P2-E3,financial-sim,trust-weighted,sign-flip-5,0.3,20260101,0.746787,0.402517,0.34427,1.395007,0.199899,56
P2-E3,financial-sim,trust-weighted,sign-flip-5,0.3,20260202,0.741719,0.622698,0.119021,0.492393,0.339861,56
P2-E3,financial-sim,trust-weighted,sign-flip-5,0.3,20260303,0.749064,0.730634,0.01843,0.073997,0.536667,56
P2-E3,financial-sim,trust-weighted,sign-flip-5,0.3,20260404,0.731724,0.658288,0.073437,0.316913,0.371838,59
P2-E3,financial-sim,trust-weighted,sign-flip-5,0.3,20260505,0.748065,0.740448,0.007617,0.030704,0.461909,58
P2-E3,financial-sim,trust-weighted,sign-flip-5,0.3,20260606,0.724603,0.711342,0.013261,0.059041,0.476749,60
P2-E3,financial-sim,trust-weighted,sign-flip-5,0.3,20260707,0.716454,0.591963,0.124492,0.57514,0.189873,59
P2-E3,financial-sim,trust-weighted,sign-flip-5,0.3,20260808,0.737153,0.733061,0.004092,0.017253,0.504299,57
P2-E3,financial-sim,trust-weighted,sign-flip-5,0.3,20260909,0.748758,0.704567,0.04419,0.177644,0.481614,57
P2-E3,financial-sim,trust-weighted,sign-flip-5,0.3,20261010,0.696641,0.681697,0.014944,0.075998,0.46978,57
P2-E3,financial-sim,trust-weighted,sign-flip-5,0.3,20261111,0.758414,0.557603,0.200811,0.777092,0.312744,57
P2-E3,financial-sim,trust-weighted,sign-flip-5,0.3,20261212,0.750767,0.726483,0.024283,0.096837,0.44903,58
P2-E3,financial-sim,trust-weighted,sign-flip-5,0.3,20261313,0.746316,0.741527,0.004789,0.019441,0.49779,61
P2-E3,financial-sim,trust-weighted,sign-flip-5,0.3,20261414,0.735406,0.648935,0.086471,0.367326,0.493811,56
P2-E3,financial-sim,trust-weighted,sign-flip-5,0.3,20261515,0.726569,0.719181,0.007387,0.032605,0.533076,61
P2-E3,financial-sim,trust-weighted,sign-flip-5,0.3,20261616,0.728079,0.718101,0.009978,0.04375,0.446374,60
P2-E3,financial-sim,trust-weighted,sign-flip-5,0.3,20261717,0.756012,0.729783,0.02623,0.102455,0.476989,61
P2-E3,financial-sim,trust-weighted,sign-flip-5,0.3,20261818,0.739375,0.716852,0.022524,0.094094,0.472914,71
P2-E3,financial-sim,trust-weighted,sign-flip-5,0.3,20261919,0.72957,0.703588,0.025982,0.113178,0.533599,59
P2-E3,financial-sim,trust-weighted,scale-10,0.1,20260000,0.702185,0.702376,-0.000191,-0.000947,0.545273,56
P2-E3,financial-sim,trust-weighted,scale-10,0.1,20260101,0.746787,0.747382,-0.000594,-0.002409,0.519287,56
P2-E3,financial-sim,trust-weighted,scale-10,0.1,20260202,0.741719,0.740623,0.001096,0.004534,0.474594,57
P2-E3,financial-sim,trust-weighted,scale-10,0.1,20260303,0.749064,0.74926,-0.000196,-0.000786,0.488333,62
P2-E3,financial-sim,trust-weighted,scale-10,0.1,20260404,0.731724,0.731552,0.000172,0.000743,0.592491,58
P2-E3,financial-sim,trust-weighted,scale-10,0.1,20260505,0.748065,0.748157,-0.000092,-0.000371,0.479589,56
P2-E3,financial-sim,trust-weighted,scale-10,0.1,20260606,0.724603,0.724198,0.000405,0.001802,0.50947,56
P2-E3,financial-sim,trust-weighted,scale-10,0.1,20260707,0.716454,0.716359,0.000095,0.00044,0.568039,82
P2-E3,financial-sim,trust-weighted,scale-10,0.1,20260808,0.737153,0.737085,0.000068,0.000286,0.478261,56
P2-E3,financial-sim,trust-weighted,scale-10,0.1,20260909,0.748758,0.7494,-0.000642,-0.002582,0.521706,61
P2-E3,financial-sim,trust-weighted,scale-10,0.1,20261010,0.696641,0.696014,0.000627,0.00319,0.528581,56
P2-E3,financial-sim,trust-weighted,scale-10,0.1,20261111,0.758414,0.759451,-0.001037,-0.004015,0.440245,59
P2-E3,financial-sim,trust-weighted,scale-10,0.1,20261212,0.750767,0.751047,-0.00028,-0.001116,0.506454,58
P2-E3,financial-sim,trust-weighted,scale-10,0.1,20261313,0.746316,0.746645,-0.000329,-0.001336,0.499337,57
P2-E3,financial-sim,trust-weighted,scale-10,0.1,20261414,0.735406,0.736295,-0.000889,-0.003775,0.543496,57
P2-E3,financial-sim,trust-weighted,scale-10,0.1,20261515,0.726569,0.72693,-0.000361,-0.001594,0.515735,57
P2-E3,financial-sim,trust-weighted,scale-10,0.1,20261616,0.728079,0.728387,-0.000308,-0.00135,0.424457,59
P2-E3,financial-sim,trust-weighted,scale-10,0.1,20261717,0.756012,0.756955,-0.000943,-0.003682,0.43469,60
P2-E3,financial-sim,trust-weighted,scale-10,0.1,20261818,0.739375,0.740316,-0.00094,-0.003928,0.459402,58
P2-E3,financial-sim,trust-weighted,scale-10,0.1,20261919,0.72957,0.730476,-0.000906,-0.003946,0.554377,58
P2-E3,financial-sim,trust-weighted,scale-10,0.2,20260000,0.702185,0.702425,-0.00024,-0.001185,0.544366,57
P2-E3,financial-sim,trust-weighted,scale-10,0.2,20260101,0.746787,0.747407,-0.000619,-0.002509,0.518755,58
P2-E3,financial-sim,trust-weighted,scale-10,0.2,20260202,0.741719,0.740676,0.001042,0.004312,0.479383,58
P2-E3,financial-sim,trust-weighted,scale-10,0.2,20260303,0.749064,0.748236,0.000828,0.003325,0.484722,58
P2-E3,financial-sim,trust-weighted,scale-10,0.2,20260404,0.731724,0.731137,0.000587,0.002533,0.592186,57
P2-E3,financial-sim,trust-weighted,scale-10,0.2,20260505,0.748065,0.74865,-0.000585,-0.00236,0.481517,62
P2-E3,financial-sim,trust-weighted,scale-10,0.2,20260606,0.724603,0.724136,0.000467,0.002081,0.50947,56
P2-E3,financial-sim,trust-weighted,scale-10,0.2,20260707,0.716454,0.716467,-0.000013,-0.000059,0.569412,60
P2-E3,financial-sim,trust-weighted,scale-10,0.2,20260808,0.737153,0.736459,0.000694,0.002928,0.471629,60
P2-E3,financial-sim,trust-weighted,scale-10,0.2,20260909,0.748758,0.749471,-0.000713,-0.002867,0.52145,59
P2-E3,financial-sim,trust-weighted,scale-10,0.2,20261010,0.696641,0.696138,0.000503,0.00256,0.528367,62
P2-E3,financial-sim,trust-weighted,scale-10,0.2,20261111,0.758414,0.759036,-0.000622,-0.002409,0.441267,67
P2-E3,financial-sim,trust-weighted,scale-10,0.2,20261212,0.750767,0.751566,-0.000799,-0.003187,0.506454,60
P2-E3,financial-sim,trust-weighted,scale-10,0.2,20261313,0.746316,0.747089,-0.000773,-0.003137,0.496905,58
P2-E3,financial-sim,trust-weighted,scale-10,0.2,20261414,0.735406,0.735736,-0.00033,-0.001401,0.542698,57
P2-E3,financial-sim,trust-weighted,scale-10,0.2,20261515,0.726569,0.726287,0.000281,0.001241,0.514451,57
P2-E3,financial-sim,trust-weighted,scale-10,0.2,20261616,0.728079,0.728496,-0.000417,-0.00183,0.4208,59
P2-E3,financial-sim,trust-weighted,scale-10,0.2,20261717,0.756012,0.756323,-0.000311,-0.001213,0.43336,59
P2-E3,financial-sim,trust-weighted,scale-10,0.2,20261818,0.739375,0.740959,-0.001584,-0.006615,0.461143,57
P2-E3,financial-sim,trust-weighted,scale-10,0.2,20261919,0.72957,0.731454,-0.001883,-0.008203,0.554819,60
P2-E3,financial-sim,trust-weighted,scale-10,0.3,20260000,0.702185,0.70245,-0.000265,-0.001313,0.547632,58
P2-E3,financial-sim,trust-weighted,scale-10,0.3,20260101,0.746787,0.747919,-0.001132,-0.004585,0.516361,61
P2-E3,financial-sim,trust-weighted,scale-10,0.3,20260202,0.741719,0.741325,0.000394,0.00163,0.476457,63
P2-E3,financial-sim,trust-weighted,scale-10,0.3,20260303,0.749064,0.749409,-0.000345,-0.001386,0.486944,61
P2-E3,financial-sim,trust-weighted,scale-10,0.3,20260404,0.731724,0.731039,0.000685,0.002957,0.590354,58
P2-E3,financial-sim,trust-weighted,scale-10,0.3,20260505,0.748065,0.747936,0.000129,0.000518,0.481695,57
P2-E3,financial-sim,trust-weighted,scale-10,0.3,20260606,0.724603,0.724627,-0.000024,-0.000105,0.51018,77
P2-E3,financial-sim,trust-weighted,scale-10,0.3,20260707,0.716454,0.716513,-0.000059,-0.000271,0.568039,59
P2-E3,financial-sim,trust-weighted,scale-10,0.3,20260808,0.737153,0.736612,0.000541,0.002281,0.476787,58
P2-E3,financial-sim,trust-weighted,scale-10,0.3,20260909,0.748758,0.750499,-0.001741,-0.007,0.521706,55
P2-E3,financial-sim,trust-weighted,scale-10,0.3,20261010,0.696641,0.69599,0.000651,0.003312,0.526654,58
P2-E3,financial-sim,trust-weighted,scale-10,0.3,20261111,0.758414,0.759209,-0.000795,-0.003076,0.442288,58
P2-E3,financial-sim,trust-weighted,scale-10,0.3,20261212,0.750767,0.751707,-0.00094,-0.003749,0.504076,58
P2-E3,financial-sim,trust-weighted,scale-10,0.3,20261313,0.746316,0.746758,-0.000442,-0.001794,0.500884,68
P2-E3,financial-sim,trust-weighted,scale-10,0.3,20261414,0.735406,0.734597,0.00081,0.003439,0.541633,60
P2-E3,financial-sim,trust-weighted,scale-10,0.3,20261515,0.726569,0.726373,0.000195,0.000861,0.515735,59
P2-E3,financial-sim,trust-weighted,scale-10,0.3,20261616,0.728079,0.729864,-0.001786,-0.007829,0.424686,58
P2-E3,financial-sim,trust-weighted,scale-10,0.3,20261717,0.756012,0.755827,0.000185,0.000724,0.432828,59
P2-E3,financial-sim,trust-weighted,scale-10,0.3,20261818,0.739375,0.741219,-0.001844,-0.007703,0.458791,60
P2-E3,financial-sim,trust-weighted,scale-10,0.3,20261919,0.72957,0.730451,-0.000881,-0.003838,0.556587,57
P2-E3,financial-sim,trust-weighted,constant-5,0.1,20260000,0.702185,0.629187,0.072997,0.361043,0.46647,57
P2-E3,financial-sim,trust-weighted,constant-5,0.1,20260101,0.746787,0.642373,0.104414,0.423094,0.468742,58
P2-E3,financial-sim,trust-weighted,constant-5,0.1,20260202,0.741719,0.663561,0.078158,0.323343,0.498514,58
P2-E3,financial-sim,trust-weighted,constant-5,0.1,20260303,0.749064,0.637588,0.111476,0.447579,0.485958,59
P2-E3,financial-sim,trust-weighted,constant-5,0.1,20260404,0.731724,0.643866,0.087858,0.379149,0.518926,58
P2-E3,financial-sim,trust-weighted,constant-5,0.1,20260505,0.748065,0.691699,0.056365,0.22722,0.411765,56
P2-E3,financial-sim,trust-weighted,constant-5,0.1,20260606,0.724603,0.665108,0.059495,0.264891,0.457775,56
P2-E3,financial-sim,trust-weighted,constant-5,0.1,20260707,0.716454,0.657272,0.059183,0.273419,0.484706,69
P2-E3,financial-sim,trust-weighted,constant-5,0.1,20260808,0.737153,0.655262,0.081891,0.345309,0.400393,58
P2-E3,financial-sim,trust-weighted,constant-5,0.1,20260909,0.748758,0.659999,0.088759,0.356807,0.504,59
P2-E3,financial-sim,trust-weighted,constant-5,0.1,20261010,0.696641,0.669385,0.027256,0.138607,0.524115,58
P2-E3,financial-sim,trust-weighted,constant-5,0.1,20261111,0.758414,0.666671,0.091743,0.355022,0.469101,61
P2-E3,financial-sim,trust-weighted,constant-5,0.1,20261212,0.750767,0.656898,0.093869,0.374327,0.392533,58
P2-E3,financial-sim,trust-weighted,constant-5,0.1,20261313,0.746316,0.681875,0.064441,0.261619,0.468391,58
P2-E3,financial-sim,trust-weighted,constant-5,0.1,20261414,0.735406,0.610626,0.12478,0.530064,0.498884,60
P2-E3,financial-sim,trust-weighted,constant-5,0.1,20261515,0.726569,0.65837,0.068198,0.301006,0.4944,61
P2-E3,financial-sim,trust-weighted,constant-5,0.1,20261616,0.728079,0.617329,0.11075,0.485576,0.453713,60
P2-E3,financial-sim,trust-weighted,constant-5,0.1,20261717,0.756012,0.68711,0.068902,0.269136,0.41527,63
P2-E3,financial-sim,trust-weighted,constant-5,0.1,20261818,0.739375,0.652064,0.087311,0.364745,0.392552,58
P2-E3,financial-sim,trust-weighted,constant-5,0.1,20261919,0.72957,0.648645,0.080926,0.352509,0.524476,57
P2-E3,financial-sim,trust-weighted,constant-5,0.2,20260000,0.702185,0.574168,0.128017,0.63317,0.453206,57
P2-E3,financial-sim,trust-weighted,constant-5,0.2,20260101,0.746787,0.584654,0.162133,0.656975,0.475165,58
P2-E3,financial-sim,trust-weighted,constant-5,0.2,20260202,0.741719,0.600897,0.140822,0.582586,0.482057,59
P2-E3,financial-sim,trust-weighted,constant-5,0.2,20260303,0.749064,0.577247,0.171817,0.689849,0.465812,58
P2-E3,financial-sim,trust-weighted,constant-5,0.2,20260404,0.731724,0.594782,0.136943,0.590972,0.502825,58
P2-E3,financial-sim,trust-weighted,constant-5,0.2,20260505,0.748065,0.639115,0.10895,0.4392,0.402925,58
P2-E3,financial-sim,trust-weighted,constant-5,0.2,20260606,0.724603,0.578496,0.146107,0.65051,0.439546,58
P2-E3,financial-sim,trust-weighted,constant-5,0.2,20260707,0.716454,0.60752,0.108934,0.503265,0.426667,58
P2-E3,financial-sim,trust-weighted,constant-5,0.2,20260808,0.737153,0.597962,0.139191,0.586925,0.389831,58
P2-E3,financial-sim,trust-weighted,constant-5,0.2,20260909,0.748758,0.573264,0.175494,0.705481,0.452274,58
P2-E3,financial-sim,trust-weighted,constant-5,0.2,20261010,0.696641,0.62376,0.072881,0.370629,0.45757,62
P2-E3,financial-sim,trust-weighted,constant-5,0.2,20261111,0.758414,0.599253,0.159161,0.615915,0.476507,56
P2-E3,financial-sim,trust-weighted,constant-5,0.2,20261212,0.750767,0.590719,0.160048,0.638235,0.342176,58
P2-E3,financial-sim,trust-weighted,constant-5,0.2,20261313,0.746316,0.598621,0.147695,0.599615,0.448726,60
P2-E3,financial-sim,trust-weighted,constant-5,0.2,20261414,0.735406,0.575032,0.160375,0.681268,0.455915,58
P2-E3,financial-sim,trust-weighted,constant-5,0.2,20261515,0.726569,0.609728,0.116841,0.515697,0.460114,61
P2-E3,financial-sim,trust-weighted,constant-5,0.2,20261616,0.728079,0.58201,0.146069,0.64043,0.435388,59
P2-E3,financial-sim,trust-weighted,constant-5,0.2,20261717,0.756012,0.617164,0.138849,0.542352,0.433626,61
P2-E3,financial-sim,trust-weighted,constant-5,0.2,20261818,0.739375,0.580024,0.159352,0.665697,0.389486,58
P2-E3,financial-sim,trust-weighted,constant-5,0.2,20261919,0.72957,0.564118,0.165452,0.720703,0.448433,56
P2-E3,financial-sim,trust-weighted,constant-5,0.3,20260000,0.702185,0.532013,0.170172,0.841664,0.405359,56
P2-E3,financial-sim,trust-weighted,constant-5,0.3,20260101,0.746787,0.52098,0.225808,0.914988,0.364835,55
P2-E3,financial-sim,trust-weighted,constant-5,0.3,20260202,0.741719,0.562544,0.179175,0.741253,0.451657,54
P2-E3,financial-sim,trust-weighted,constant-5,0.3,20260303,0.749064,0.518109,0.230955,0.927292,0.446276,56
P2-E3,financial-sim,trust-weighted,constant-5,0.3,20260404,0.731724,0.544152,0.187573,0.809464,0.425541,54
P2-E3,financial-sim,trust-weighted,constant-5,0.3,20260505,0.748065,0.581204,0.166861,0.672652,0.402282,54
P2-E3,financial-sim,trust-weighted,constant-5,0.3,20260606,0.724603,0.527813,0.19679,0.876168,0.381014,55
P2-E3,financial-sim,trust-weighted,constant-5,0.3,20260707,0.716454,0.560012,0.156442,0.722748,0.417682,57
P2-E3,financial-sim,trust-weighted,constant-5,0.3,20260808,0.737153,0.538405,0.198748,0.838059,0.405306,55
P2-E3,financial-sim,trust-weighted,constant-5,0.3,20260909,0.748758,0.501583,0.247175,0.993636,0.363095,56
P2-E3,financial-sim,trust-weighted,constant-5,0.3,20261010,0.696641,0.579666,0.116975,0.594864,0.423077,56
P2-E3,financial-sim,trust-weighted,constant-5,0.3,20261111,0.758414,0.544212,0.214202,0.82891,0.47289,55
P2-E3,financial-sim,trust-weighted,constant-5,0.3,20261212,0.750767,0.551495,0.199272,0.794649,0.33407,55
P2-E3,financial-sim,trust-weighted,constant-5,0.3,20261313,0.746316,0.54453,0.201786,0.819215,0.41105,55
P2-E3,financial-sim,trust-weighted,constant-5,0.3,20261414,0.735406,0.495213,0.240193,1.020333,0.390346,59
P2-E3,financial-sim,trust-weighted,constant-5,0.3,20261515,0.726569,0.553661,0.172907,0.763156,0.430434,56
P2-E3,financial-sim,trust-weighted,constant-5,0.3,20261616,0.728079,0.534522,0.193557,0.84864,0.405899,57
P2-E3,financial-sim,trust-weighted,constant-5,0.3,20261717,0.756012,0.544135,0.211878,0.827606,0.400641,57
P2-E3,financial-sim,trust-weighted,constant-5,0.3,20261818,0.739375,0.512048,0.227328,0.94967,0.391771,58
P2-E3,financial-sim,trust-weighted,constant-5,0.3,20261919,0.72957,0.51962,0.209951,0.914538,0.383932,57
P2-E3,financial-sim,trust-weighted,gaussian-5,0.1,20260000,0.702185,0.691429,0.010756,0.0532,0.499909,58
P2-E3,financial-sim,trust-weighted,gaussian-5,0.1,20260101,0.746787,0.729833,0.016954,0.0687,0.495877,59
P2-E3,financial-sim,trust-weighted,gaussian-5,0.1,20260202,0.741719,0.723168,0.018551,0.076746,0.497739,58
P2-E3,financial-sim,trust-weighted,gaussian-5,0.1,20260303,0.749064,0.727068,0.021997,0.088317,0.505095,62
P2-E3,financial-sim,trust-weighted,gaussian-5,0.1,20260404,0.731724,0.721505,0.010219,0.0441,0.543651,58
P2-E3,financial-sim,trust-weighted,gaussian-5,0.1,20260505,0.748065,0.743093,0.004972,0.020043,0.408885,59
P2-E3,financial-sim,trust-weighted,gaussian-5,0.1,20260606,0.724603,0.716526,0.008077,0.035962,0.473958,57
P2-E3,financial-sim,trust-weighted,gaussian-5,0.1,20260707,0.716454,0.708532,0.007923,0.036602,0.541765,58
P2-E3,financial-sim,trust-weighted,gaussian-5,0.1,20260808,0.737153,0.720436,0.016717,0.07049,0.445099,60
P2-E3,financial-sim,trust-weighted,gaussian-5,0.1,20260909,0.748758,0.739682,0.009076,0.036486,0.535751,57
P2-E3,financial-sim,trust-weighted,gaussian-5,0.1,20261010,0.696641,0.690444,0.006197,0.031513,0.515307,64
P2-E3,financial-sim,trust-weighted,gaussian-5,0.1,20261111,0.758414,0.740163,0.018251,0.070625,0.434627,63
P2-E3,financial-sim,trust-weighted,gaussian-5,0.1,20261212,0.750767,0.733368,0.017399,0.069384,0.508842,59
P2-E3,financial-sim,trust-weighted,gaussian-5,0.1,20261313,0.746316,0.733379,0.012937,0.052522,0.492042,59
P2-E3,financial-sim,trust-weighted,gaussian-5,0.1,20261414,0.735406,0.711594,0.023812,0.101153,0.556265,59
P2-E3,financial-sim,trust-weighted,gaussian-5,0.1,20261515,0.726569,0.707817,0.018752,0.082763,0.518519,57
P2-E3,financial-sim,trust-weighted,gaussian-5,0.1,20261616,0.728079,0.723515,0.004564,0.020009,0.448457,59
P2-E3,financial-sim,trust-weighted,gaussian-5,0.1,20261717,0.756012,0.741265,0.014747,0.057604,0.449322,58
P2-E3,financial-sim,trust-weighted,gaussian-5,0.1,20261818,0.739375,0.722788,0.016588,0.069295,0.436748,58
P2-E3,financial-sim,trust-weighted,gaussian-5,0.1,20261919,0.72957,0.709413,0.020157,0.087804,0.56145,62
P2-E3,financial-sim,trust-weighted,gaussian-5,0.2,20260000,0.702185,0.663863,0.038322,0.189538,0.449828,60
P2-E3,financial-sim,trust-weighted,gaussian-5,0.2,20260101,0.746787,0.690101,0.056686,0.229697,0.479383,58
P2-E3,financial-sim,trust-weighted,gaussian-5,0.2,20260202,0.741719,0.680356,0.061363,0.253861,0.482682,57
P2-E3,financial-sim,trust-weighted,gaussian-5,0.2,20260303,0.749064,0.695212,0.053852,0.216217,0.527853,61
P2-E3,financial-sim,trust-weighted,gaussian-5,0.2,20260404,0.731724,0.68017,0.051555,0.222483,0.493284,57
P2-E3,financial-sim,trust-weighted,gaussian-5,0.2,20260505,0.748065,0.72062,0.027445,0.110636,0.400247,57
P2-E3,financial-sim,trust-weighted,gaussian-5,0.2,20260606,0.724603,0.686443,0.038161,0.169902,0.446023,61
P2-E3,financial-sim,trust-weighted,gaussian-5,0.2,20260707,0.716454,0.690247,0.026207,0.121076,0.458627,58
P2-E3,financial-sim,trust-weighted,gaussian-5,0.2,20260808,0.737153,0.702557,0.034596,0.145879,0.437239,58
P2-E3,financial-sim,trust-weighted,gaussian-5,0.2,20260909,0.748758,0.699526,0.049232,0.197912,0.524571,61
P2-E3,financial-sim,trust-weighted,gaussian-5,0.2,20261010,0.696641,0.667092,0.029549,0.15027,0.505887,57
P2-E3,financial-sim,trust-weighted,gaussian-5,0.2,20261111,0.758414,0.705925,0.052489,0.20312,0.432584,56
P2-E3,financial-sim,trust-weighted,gaussian-5,0.2,20261212,0.750767,0.697807,0.05296,0.21119,0.46647,58
P2-E3,financial-sim,trust-weighted,gaussian-5,0.2,20261313,0.746316,0.69424,0.052075,0.211417,0.461096,58
P2-E3,financial-sim,trust-weighted,gaussian-5,0.2,20261414,0.735406,0.664999,0.070407,0.299086,0.522745,61
P2-E3,financial-sim,trust-weighted,gaussian-5,0.2,20261515,0.726569,0.679856,0.046713,0.206176,0.527724,66
P2-E3,financial-sim,trust-weighted,gaussian-5,0.2,20261616,0.728079,0.704788,0.023291,0.102118,0.459886,61
P2-E3,financial-sim,trust-weighted,gaussian-5,0.2,20261717,0.756012,0.715071,0.040941,0.159918,0.455706,60
P2-E3,financial-sim,trust-weighted,gaussian-5,0.2,20261818,0.739375,0.689262,0.050114,0.209353,0.415406,60
P2-E3,financial-sim,trust-weighted,gaussian-5,0.2,20261919,0.72957,0.657916,0.071655,0.312126,0.564545,63
P2-E3,financial-sim,trust-weighted,gaussian-5,0.3,20260000,0.702185,0.646186,0.055999,0.276967,0.43885,56
P2-E3,financial-sim,trust-weighted,gaussian-5,0.3,20260101,0.746787,0.668838,0.07795,0.315857,0.481777,61
P2-E3,financial-sim,trust-weighted,gaussian-5,0.3,20260202,0.741719,0.661097,0.080622,0.333535,0.462786,60
P2-E3,financial-sim,trust-weighted,gaussian-5,0.3,20260303,0.749064,0.674126,0.074939,0.30088,0.522418,59
P2-E3,financial-sim,trust-weighted,gaussian-5,0.3,20260404,0.731724,0.670309,0.061415,0.265036,0.476801,59
P2-E3,financial-sim,trust-weighted,gaussian-5,0.3,20260505,0.748065,0.706535,0.041529,0.167414,0.390169,60
P2-E3,financial-sim,trust-weighted,gaussian-5,0.3,20260606,0.724603,0.6757,0.048903,0.217732,0.4433,62
P2-E3,financial-sim,trust-weighted,gaussian-5,0.3,20260707,0.716454,0.678277,0.038177,0.176376,0.449902,57
P2-E3,financial-sim,trust-weighted,gaussian-5,0.3,20260808,0.737153,0.683798,0.053355,0.224982,0.421764,57
P2-E3,financial-sim,trust-weighted,gaussian-5,0.3,20260909,0.748758,0.673544,0.075214,0.302357,0.514286,56
P2-E3,financial-sim,trust-weighted,gaussian-5,0.3,20261010,0.696641,0.643948,0.052693,0.267964,0.499037,56
P2-E3,financial-sim,trust-weighted,gaussian-5,0.3,20261111,0.758414,0.686029,0.072384,0.28011,0.431563,60
P2-E3,financial-sim,trust-weighted,gaussian-5,0.3,20261212,0.750767,0.684537,0.06623,0.264109,0.454311,55
P2-E3,financial-sim,trust-weighted,gaussian-5,0.3,20261313,0.746316,0.676443,0.069873,0.283674,0.440318,58
P2-E3,financial-sim,trust-weighted,gaussian-5,0.3,20261414,0.735406,0.650365,0.085041,0.361253,0.512769,56
P2-E3,financial-sim,trust-weighted,gaussian-5,0.3,20261515,0.726569,0.665034,0.061535,0.271595,0.521516,64
P2-E3,financial-sim,trust-weighted,gaussian-5,0.3,20261616,0.728079,0.690074,0.038005,0.166629,0.4736,58
P2-E3,financial-sim,trust-weighted,gaussian-5,0.3,20261717,0.756012,0.693851,0.062161,0.242805,0.463421,57
P2-E3,financial-sim,trust-weighted,gaussian-5,0.3,20261818,0.739375,0.677164,0.062211,0.25989,0.419843,58
P2-E3,financial-sim,trust-weighted,gaussian-5,0.3,20261919,0.72957,0.648932,0.080638,0.351257,0.566313,56
