condition,learner,seed,estimator,estimate,se,ci_low,ci_high,true_ate,true_sample_ate,treatment_rate,min_propensity,max_propensity,clipped_fraction
linear_low_confounding,linear,0,difference-in-means,1.5368154198207178,0.05086257058343658,1.4371247814771821,1.6365060581642534,1.0,0.9972506372193501,0.5065,0.13321665636277868,0.8800463731185779,0.0
linear_low_confounding,linear,0,outcome-regression,0.9826576754079601,0.010794692554667114,0.9615000780008126,1.0038152728151077,1.0,0.9972506372193501,0.5065,0.13321665636277868,0.8800463731185779,0.0
linear_low_confounding,linear,0,ipw,0.968154088501618,0.056133693825820626,0.8581320486030095,1.0781761284002265,1.0,0.9972506372193501,0.5065,0.13321665636277868,0.8800463731185779,0.0
linear_low_confounding,linear,0,aipw,0.9784042936067907,0.03415317599030843,0.9114640686657862,1.0453445185477952,1.0,0.9972506372193501,0.5065,0.13321665636277868,0.8800463731185779,0.0
linear_low_confounding,linear,1,difference-in-means,1.5646692714032127,0.0499376217034958,1.4667915328643608,1.6625470099420645,1.0,0.9664395959324084,0.504,0.1392753446968399,0.8824530049558655,0.0
linear_low_confounding,linear,1,outcome-regression,0.9668628101646647,0.011126462952121703,0.9450549427785061,0.9886706775508233,1.0,0.9664395959324084,0.504,0.1392753446968399,0.8824530049558655,0.0
linear_low_confounding,linear,1,ipw,0.9701227648115103,0.05488554102912109,0.8625471043944329,1.0776984252285877,1.0,0.9664395959324084,0.504,0.1392753446968399,0.8824530049558655,0.0
linear_low_confounding,linear,1,aipw,0.9686611481157954,0.03474292842277544,0.9005650084071556,1.0367572878244353,1.0,0.9664395959324084,0.504,0.1392753446968399,0.8824530049558655,0.0
linear_low_confounding,linear,2,difference-in-means,1.5827233264298584,0.05175543987067001,1.4812826642833452,1.6841639885763715,1.0,1.012029879596719,0.496,0.10370605428430656,0.83586044521377,0.0
linear_low_confounding,linear,2,outcome-regression,1.0193719008762996,0.011818121325708364,0.9962083830779112,1.042535418674688,1.0,1.012029879596719,0.496,0.10370605428430656,0.83586044521377,0.0
linear_low_confounding,linear,2,ipw,1.0044573324222834,0.05679508655998696,0.8931389627647089,1.1157757020798578,1.0,1.012029879596719,0.496,0.10370605428430656,0.83586044521377,0.0
linear_low_confounding,linear,2,aipw,1.0196013640861223,0.03525670591461438,0.9504982204934782,1.0887045076787665,1.0,1.012029879596719,0.496,0.10370605428430656,0.83586044521377,0.0
linear_low_confounding,linear,3,difference-in-means,1.5323745170764052,0.05030729150174324,1.4337722257329883,1.630976808419822,1.0,1.0123772091166827,0.48525,0.13034692866261197,0.8911558447650527,0.0
linear_low_confounding,linear,3,outcome-regression,0.9850176218159251,0.01122653607536367,0.9630136111082124,1.0070216325236379,1.0,1.0123772091166827,0.48525,0.13034692866261197,0.8911558447650527,0.0
linear_low_confounding,linear,3,ipw,0.9746675254560637,0.054854910403056234,0.8671519010660735,1.082183149846054,1.0,1.0123772091166827,0.48525,0.13034692866261197,0.8911558447650527,0.0
linear_low_confounding,linear,3,aipw,0.9815858849473168,0.03441822050764461,0.9141261727523333,1.0490455971423003,1.0,1.0123772091166827,0.48525,0.13034692866261197,0.8911558447650527,0.0
linear_low_confounding,linear,4,difference-in-means,1.4879222949165882,0.05244837366507192,1.3851234825330472,1.5907211073001293,1.0,0.9963926652213876,0.51275,0.193541818966549,0.8332669969569948,0.0
linear_low_confounding,linear,4,outcome-regression,0.971613828902983,0.011538612245577593,0.9489981489016509,0.994229508904315,1.0,0.9963926652213876,0.51275,0.193541818966549,0.8332669969569948,0.0
linear_low_confounding,linear,4,ipw,0.9638281230533753,0.05610116457560704,0.8538698404851854,1.0737864056215651,1.0,0.9963926652213876,0.51275,0.193541818966549,0.8332669969569948,0.0
linear_low_confounding,linear,4,aipw,0.9723713667345893,0.034884730403622145,0.9039972951434899,1.0407454383256887,1.0,0.9963926652213876,0.51275,0.193541818966549,0.8332669969569948,0.0
linear_low_confounding,linear,5,difference-in-means,1.6333168286974666,0.05061112431402906,1.5341190250419696,1.7325146323529637,1.0,0.9892717525605658,0.50325,0.10192800118939041,0.8512882651763386,0.0
linear_low_confounding,linear,5,outcome-regression,1.0190585873903126,0.011677934553392035,0.9961698356656642,1.041947339114961,1.0,0.9892717525605658,0.50325,0.10192800118939041,0.8512882651763386,0.0
linear_low_confounding,linear,5,ipw,1.0116566123831172,0.05583682277088651,0.9022164397521797,1.1210967850140547,1.0,0.9892717525605658,0.50325,0.10192800118939041,0.8512882651763386,0.0
linear_low_confounding,linear,5,aipw,1.01337119873635,0.034201292999779774,0.9463366644567817,1.0804057330159185,1.0,0.9892717525605658,0.50325,0.10192800118939041,0.8512882651763386,0.0
linear_low_confounding,linear,6,difference-in-means,1.5878958207632943,0.051288080897224905,1.4873711822047335,1.688420459321855,1.0,0.9973975001548524,0.4935,0.07094403887174358,0.845455785228599,0.0
linear_low_confounding,linear,6,outcome-regression,0.9805418430160624,0.011831666410962512,0.9573517768505759,1.0037319091815489,1.0,0.9973975001548524,0.4935,0.07094403887174358,0.845455785228599,0.0
linear_low_confounding,linear,6,ipw,0.9799030580691608,0.056038176031652696,0.8700682330471214,1.0897378830912001,1.0,0.9973975001548524,0.4935,0.07094403887174358,0.845455785228599,0.0
linear_low_confounding,linear,6,aipw,0.9801784589719624,0.03418872031487048,0.9131685671548163,1.0471883507891087,1.0,0.9973975001548524,0.4935,0.07094403887174358,0.845455785228599,0.0
linear_low_confounding,linear,7,difference-in-means,1.5883106768974595,0.05066999494245236,1.488997486810253,1.6876238669846662,1.0,0.9924406130423729,0.498,0.13440451709569903,0.8866336103501281,0.0
linear_low_confounding,linear,7,outcome-regression,0.9819896084839369,0.011076348691574043,0.9602799650484518,1.003699251919422,1.0,0.9924406130423729,0.498,0.13440451709569903,0.8866336103501281,0.0
linear_low_confounding,linear,7,ipw,0.9801534369128817,0.05629590225887328,0.8698134684854901,1.0904934053402733,1.0,0.9924406130423729,0.498,0.13440451709569903,0.8866336103501281,0.0
linear_low_confounding,linear,7,aipw,0.9886913731997695,0.035131799341451775,0.919833046490524,1.057549699909015,1.0,0.9924406130423729,0.498,0.13440451709569903,0.8866336103501281,0.0
linear_low_confounding,linear,8,difference-in-means,1.5133251103496024,0.051167030453644305,1.4130377306604596,1.6136124900387452,1.0,1.0104501641417873,0.49575,0.09327619458244199,0.8421119198899402,0.0
linear_low_confounding,linear,8,outcome-regression,0.990748754003165,0.011166029142683342,0.9688633368835057,1.0126341711228244,1.0,1.0104501641417873,0.49575,0.09327619458244199,0.8421119198899402,0.0
linear_low_confounding,linear,8,ipw,1.003487147577049,0.05373289261961773,0.8981706780425983,1.1088036171114999,1.0,1.0104501641417873,0.49575,0.09327619458244199,0.8421119198899402,0.0
linear_low_confounding,linear,8,aipw,0.9952186542333814,0.034262091811644114,0.928064954282559,1.0623723541842038,1.0,1.0104501641417873,0.49575,0.09327619458244199,0.8421119198899402,0.0
linear_low_confounding,linear,9,difference-in-means,1.624824535915941,0.05018100014952188,1.5264697756228782,1.7231792962090038,1.0,0.9937818719901618,0.50675,0.13899378932286868,0.8708282367939782,0.0
linear_low_confounding,linear,9,outcome-regression,1.0153666389036617,0.010958481581746362,0.9938880150034388,1.0368452628038847,1.0,0.9937818719901618,0.50675,0.13899378932286868,0.8708282367939782,0.0
linear_low_confounding,linear,9,ipw,0.9981813120175141,0.05602690122170395,0.8883685856229744,1.107994038412054,1.0,0.9937818719901618,0.50675,0.13899378932286868,0.8708282367939782,0.0
linear_low_confounding,linear,9,aipw,1.0131505138638004,0.03396141919869081,0.9465861322343664,1.0797148954932343,1.0,0.9937818719901618,0.50675,0.13899378932286868,0.8708282367939782,0.0
linear_low_confounding,linear,10,difference-in-means,1.4988222843305965,0.04998189227946502,1.400857775462845,1.596786793198348,1.0,0.9936334618302427,0.5135,0.14831566753027542,0.8446311314003269,0.0
linear_low_confounding,linear,10,outcome-regression,0.9673701961142779,0.010630679656308166,0.9465340639879138,0.9882063282406419,1.0,0.9936334618302427,0.5135,0.14831566753027542,0.8446311314003269,0.0
linear_low_confounding,linear,10,ipw,0.9693798175047489,0.05353168556050929,0.8644577138061507,1.074301921203347,1.0,0.9936334618302427,0.5135,0.14831566753027542,0.8446311314003269,0.0
linear_low_confounding,linear,10,aipw,0.967888961749218,0.034287644256050756,0.9006851790073586,1.0350927444910776,1.0,0.9936334618302427,0.5135,0.14831566753027542,0.8446311314003269,0.0
linear_low_confounding,linear,11,difference-in-means,1.7181110980007346,0.05069278482435298,1.6187532397450028,1.8174689562564663,1.0,0.9940986521526687,0.5015,0.12295786405952837,0.8880332217197634,0.0
linear_low_confounding,linear,11,outcome-regression,1.020629565358336,0.010985309238047377,0.999098359251763,1.0421607714649088,1.0,0.9940986521526687,0.5015,0.12295786405952837,0.8880332217197634,0.0
linear_low_confounding,linear,11,ipw,1.012796313040643,0.0581413275740168,0.8988393109955701,1.1267533150857159,1.0,0.9940986521526687,0.5015,0.12295786405952837,0.8880332217197634,0.0
linear_low_confounding,linear,11,aipw,1.018663015227633,0.035437479486104664,0.9492055554348678,1.088120475020398,1.0,0.9940986521526687,0.5015,0.12295786405952837,0.8880332217197634,0.0
linear_low_confounding,linear,12,difference-in-means,1.621630719665777,0.05221234104214,1.5192945312231827,1.7239669081083715,1.0,1.0268194934658863,0.5125,0.1448079974937566,0.8667905936348965,0.0
linear_low_confounding,linear,12,outcome-regression,1.0349948795591328,0.010597382649431423,1.0142240095662471,1.0557657495520185,1.0,1.0268194934658863,0.5125,0.1448079974937566,0.8667905936348965,0.0
linear_low_confounding,linear,12,ipw,1.0319543502865685,0.05642200728880835,0.9213672160005041,1.1425414845726327,1.0,1.0268194934658863,0.5125,0.1448079974937566,0.8667905936348965,0.0
linear_low_confounding,linear,12,aipw,1.0319517261488702,0.035144524357422595,0.9630684584083219,1.1008349938894184,1.0,1.0268194934658863,0.5125,0.1448079974937566,0.8667905936348965,0.0
linear_low_confounding,linear,13,difference-in-means,1.5765703108733848,0.05207479504626138,1.4745037125827125,1.6786369091640572,1.0,1.0098517452612052,0.50075,0.13786711583739505,0.8532310321890701,0.0
linear_low_confounding,linear,13,outcome-regression,1.0131411034872517,0.011767389088490562,0.9900770208738102,1.0362051861006931,1.0,1.0098517452612052,0.50075,0.13786711583739505,0.8532310321890701,0.0
linear_low_confounding,linear,13,ipw,1.0038090910898072,0.05681982536862893,0.8924422333672946,1.1151759488123199,1.0,1.0098517452612052,0.50075,0.13786711583739505,0.8532310321890701,0.0
linear_low_confounding,linear,13,aipw,1.0094915894463337,0.034444104118325616,0.9419811453744155,1.077002033518252,1.0,1.0098517452612052,0.50075,0.13786711583739505,0.8532310321890701,0.0
linear_low_confounding,linear,14,difference-in-means,1.5387213914368592,0.05042088555846606,1.4398964557422658,1.6375463271314525,1.0,1.0198127970320667,0.5115,0.1435656445766502,0.8630997416371178,0.0
linear_low_confounding,linear,14,outcome-regression,1.0299898308611837,0.011160396129643877,1.0081154544470816,1.0518642072752857,1.0,1.0198127970320667,0.5115,0.1435656445766502,0.8630997416371178,0.0
linear_low_confounding,linear,14,ipw,1.0224009609767166,0.05453677319750457,0.9155088855096076,1.1292930364438256,1.0,1.0198127970320667,0.5115,0.1435656445766502,0.8630997416371178,0.0
linear_low_confounding,linear,14,aipw,1.0301002611169574,0.03452104952618357,0.9624390040456376,1.0977615181882772,1.0,1.0198127970320667,0.5115,0.1435656445766502,0.8630997416371178,0.0
linear_low_confounding,linear,15,difference-in-means,1.5393859289903202,0.05136708896256149,1.4387064346236997,1.6400654233569407,1.0,1.0082381301699959,0.496,0.1475212588063549,0.8817414599952156,0.0
linear_low_confounding,linear,15,outcome-regression,0.9626771965936192,0.011338549267257006,0.9404536400297955,0.9849007531574429,1.0,1.0082381301699959,0.496,0.1475212588063549,0.8817414599952156,0.0
linear_low_confounding,linear,15,ipw,0.958269152022311,0.05599422642709895,0.8485204682251971,1.068017835819425,1.0,1.0082381301699959,0.496,0.1475212588063549,0.8817414599952156,0.0
linear_low_confounding,linear,15,aipw,0.9634510560189388,0.03527094816037135,0.8943199976246109,1.0325821144132665,1.0,1.0082381301699959,0.496,0.1475212588063549,0.8817414599952156,0.0
linear_low_confounding,linear,16,difference-in-means,1.5374138723204527,0.050632078958429555,1.4381749975619307,1.6366527470789747,1.0,1.0182879148631516,0.51175,0.14347176546363977,0.8446329755542764,0.0
linear_low_confounding,linear,16,outcome-regression,0.9574283679846233,0.011093152397161986,0.9356857892861857,0.9791709466830608,1.0,1.0182879148631516,0.51175,0.14347176546363977,0.8446329755542764,0.0
linear_low_confounding,linear,16,ipw,0.953017512954543,0.05543429141343475,0.8443663017842109,1.061668724124875,1.0,1.0182879148631516,0.51175,0.14347176546363977,0.8446329755542764,0.0
linear_low_confounding,linear,16,aipw,0.9638025720092939,0.03464830180620833,0.8958919004691256,1.0317132435494623,1.0,1.0182879148631516,0.51175,0.14347176546363977,0.8446329755542764,0.0
linear_low_confounding,linear,17,difference-in-means,1.5233809683695356,0.05075391911333986,1.4239032869073895,1.6228586498316817,1.0,1.004474647893656,0.50575,0.13816067985002362,0.8921818786847213,0.0
linear_low_confounding,linear,17,outcome-regression,0.9371837150310396,0.010574309811018331,0.9164580678014437,0.9579093622606355,1.0,1.004474647893656,0.50575,0.13816067985002362,0.8921818786847213,0.0
linear_low_confounding,linear,17,ipw,0.9353172312997933,0.05592116639944054,0.8257117451568898,1.0449227174426967,1.0,1.004474647893656,0.50575,0.13816067985002362,0.8921818786847213,0.0
linear_low_confounding,linear,17,aipw,0.93369603592977,0.034434695380447994,0.866204032984092,1.0011880388754482,1.0,1.004474647893656,0.50575,0.13816067985002362,0.8921818786847213,0.0
linear_low_confounding,linear,18,difference-in-means,1.6212415654449093,0.05100474279034259,1.5212722695758378,1.7212108613139807,1.0,0.9989268596807399,0.4945,0.12207662393147707,0.8431352118528452,0.0
linear_low_confounding,linear,18,outcome-regression,1.0498387047889883,0.010653414147646808,1.0289580130596006,1.070719396518376,1.0,0.9989268596807399,0.4945,0.12207662393147707,0.8431352118528452,0.0
linear_low_confounding,linear,18,ipw,1.053780791013552,0.054801921927747174,0.9463690240351674,1.1611925579919364,1.0,0.9989268596807399,0.4945,0.12207662393147707,0.8431352118528452,0.0
linear_low_confounding,linear,18,aipw,1.0530001646020493,0.03391523787184462,0.9865262983732338,1.1194740308308646,1.0,0.9989268596807399,0.4945,0.12207662393147707,0.8431352118528452,0.0
linear_low_confounding,linear,19,difference-in-means,1.566719476885964,0.05063403218693842,1.4674767737995646,1.6659621799723634,1.0,0.9937085342950533,0.50125,0.11783809938710975,0.862146313846317,0.0
linear_low_confounding,linear,19,outcome-regression,0.95163196816333,0.010409027843589692,0.9312302735898942,0.9720336627367657,1.0,0.9937085342950533,0.50125,0.11783809938710975,0.862146313846317,0.0
linear_low_confounding,linear,19,ipw,0.9466867315701797,0.05636200872247421,0.8362171944741302,1.0571562686662292,1.0,0.9937085342950533,0.50125,0.11783809938710975,0.862146313846317,0.0
linear_low_confounding,linear,19,aipw,0.9468047420017001,0.03506874610158053,0.8780699996426022,1.0155394843607979,1.0,0.9937085342950533,0.50125,0.11783809938710975,0.862146313846317,0.0
linear_low_confounding,linear,20,difference-in-means,1.5626809328217903,0.051848887943523894,1.4610571124524836,1.664304753191097,1.0,0.9903578896561027,0.491,0.1588606351378836,0.8602193083109393,0.0
linear_low_confounding,linear,20,outcome-regression,0.9639785845851236,0.011338480762079358,0.9417551622914481,0.9862020068787992,1.0,0.9903578896561027,0.491,0.1588606351378836,0.8602193083109393,0.0
linear_low_confounding,linear,20,ipw,0.9637256533534229,0.05610136497774182,0.8537669779970489,1.0736843287097968,1.0,0.9903578896561027,0.491,0.1588606351378836,0.8602193083109393,0.0
linear_low_confounding,linear,20,aipw,0.9671899635351549,0.035251389144159546,0.8980972408126021,1.0362826862577075,1.0,0.9903578896561027,0.491,0.1588606351378836,0.8602193083109393,0.0
linear_low_confounding,linear,21,difference-in-means,1.6934762773855665,0.05026855655463415,1.5949499065384836,1.7920026482326494,1.0,1.0194351158760802,0.49225,0.09206395420315287,0.8710301395742307,0.0
linear_low_confounding,linear,21,outcome-regression,1.0702610714607872,0.010385999778000954,1.0499045118959054,1.090617631025669,1.0,1.0194351158760802,0.49225,0.09206395420315287,0.8710301395742307,0.0
linear_low_confounding,linear,21,ipw,1.0678185109471494,0.05518074035646222,0.9596642598484835,1.1759727620458154,1.0,1.0194351158760802,0.49225,0.09206395420315287,0.8710301395742307,0.0
linear_low_confounding,linear,21,aipw,1.071701818858525,0.03378936546081211,1.0054746625553332,1.1379289751617168,1.0,1.0194351158760802,0.49225,0.09206395420315287,0.8710301395742307,0.0
linear_low_confounding,linear,22,difference-in-means,1.5236865386266796,0.05063627070207103,1.4244394480506204,1.6229336292027388,1.0,1.0095360211518019,0.51175,0.13467809289507898,0.8524942981598106,0.0
linear_low_confounding,linear,22,outcome-regression,1.0061765802605604,0.011564018003271965,0.9835111049741474,1.0288420555469735,1.0,1.0095360211518019,0.51175,0.13467809289507898,0.8524942981598106,0.0
linear_low_confounding,linear,22,ipw,1.0099208743565666,0.05390144155205327,0.9042740489145422,1.115567699798591,1.0,1.0095360211518019,0.51175,0.13467809289507898,0.8524942981598106,0.0
linear_low_confounding,linear,22,aipw,1.0083715675058822,0.033914433552236736,0.9418992777434982,1.0748438572682661,1.0,1.0095360211518019,0.51175,0.13467809289507898,0.8524942981598106,0.0
linear_low_confounding,linear,23,difference-in-means,1.638656958272346,0.05077643128200433,1.5391351529596176,1.7381787635850745,1.0,0.9985869737922344,0.49425,0.11364302772153527,0.879498965957032,0.0
linear_low_confounding,linear,23,outcome-regression,1.0074936533276906,0.012234330588647023,0.9835143653739424,1.0314729412814387,1.0,0.9985869737922344,0.49425,0.11364302772153527,0.879498965957032,0.0
linear_low_confounding,linear,23,ipw,1.0016180220292235,0.057010351537299,0.8898777330161174,1.1133583110423295,1.0,0.9985869737922344,0.49425,0.11364302772153527,0.879498965957032,0.0
linear_low_confounding,linear,23,aipw,1.002160360709273,0.0352581314646648,0.93305442303853,1.071266298380016,1.0,0.9985869737922344,0.49425,0.11364302772153527,0.879498965957032,0.0
linear_low_confounding,linear,24,difference-in-means,1.6113374049168834,0.050896093299240705,1.5115810620503716,1.7110937477833952,1.0,1.007892108106809,0.4995,0.13853612377712682,0.8446737968842278,0.0
linear_low_confounding,linear,24,outcome-regression,1.0238515039639804,0.010672414766636816,1.0029335710213723,1.0447694369065885,1.0,1.007892108106809,0.4995,0.13853612377712682,0.8446737968842278,0.0
linear_low_confounding,linear,24,ipw,1.0369304865319477,0.054530115885524505,0.9300514593963197,1.1438095136675757,1.0,1.007892108106809,0.4995,0.13853612377712682,0.8446737968842278,0.0
linear_low_confounding,linear,24,aipw,1.0222685892501653,0.034324899338987074,0.9549917865457507,1.08954539195458,1.0,1.007892108106809,0.4995,0.13853612377712682,0.8446737968842278,0.0
linear_low_confounding,linear,25,difference-in-means,1.5499557092913385,0.05004482628316918,1.4518678497763269,1.6480435688063502,1.0,0.9898219083260726,0.5035,0.10686144799429274,0.8624606099400961,0.0
linear_low_confounding,linear,25,outcome-regression,0.993438058076329,0.010468762786165263,0.9729192830154451,1.0139568331372129,1.0,0.9898219083260726,0.5035,0.10686144799429274,0.8624606099400961,0.0
linear_low_confounding,linear,25,ipw,0.9905368120778196,0.05440124321329373,0.8839103753797639,1.0971632487758753,1.0,0.9898219083260726,0.5035,0.10686144799429274,0.8624606099400961,0.0
linear_low_confounding,linear,25,aipw,0.9937678339304014,0.0338110783991679,0.9274981202680322,1.0600375475927704,1.0,0.9898219083260726,0.5035,0.10686144799429274,0.8624606099400961,0.0
linear_low_confounding,linear,26,difference-in-means,1.5813667692500448,0.05164673197280471,1.4801391745833476,1.682594363916742,1.0,1.0068855985763165,0.50775,0.13926001099757318,0.8437331953980381,0.0
linear_low_confounding,linear,26,outcome-regression,1.0145672177202623,0.010979639773526187,0.9930471237641509,1.0360873116763736,1.0,1.0068855985763165,0.50775,0.13926001099757318,0.8437331953980381,0.0
linear_low_confounding,linear,26,ipw,1.0217973457825686,0.055406876244485294,0.9131998683433775,1.1303948232217598,1.0,1.0068855985763165,0.50775,0.13926001099757318,0.8437331953980381,0.0
linear_low_confounding,linear,26,aipw,1.0142954340056551,0.03431912728515059,0.94702994452676,1.0815609234845502,1.0,1.0068855985763165,0.50775,0.13926001099757318,0.8437331953980381,0.0
linear_low_confounding,linear,27,difference-in-means,1.6480930945975878,0.05149295494483385,1.5471669029057133,1.7490192862894622,1.0,0.9999594774412089,0.50075,0.10914383767761562,0.8741978898752478,0.0
linear_low_confounding,linear,27,outcome-regression,1.0034653316637858,0.010583545009911158,0.98272158344436,1.0242090798832117,1.0,0.9999594774412089,0.50075,0.10914383767761562,0.8741978898752478,0.0
linear_low_confounding,linear,27,ipw,1.0042281049064254,0.05686243303892429,0.8927777361501339,1.115678473662717,1.0,0.9999594774412089,0.50075,0.10914383767761562,0.8741978898752478,0.0
linear_low_confounding,linear,27,aipw,1.007473246100241,0.03485906133846053,0.9391494858768583,1.0757970063236235,1.0,0.9999594774412089,0.50075,0.10914383767761562,0.8741978898752478,0.0
linear_low_confounding,linear,28,difference-in-means,1.6650153835865966,0.05085156668358031,1.5653463128867793,1.764684454286414,1.0,1.0007293349667827,0.49075,0.09754234095349053,0.8624990030931398,0.0
linear_low_confounding,linear,28,outcome-regression,1.0900102198872397,0.010887484867038505,1.0686707495478442,1.111349690226635,1.0,1.0007293349667827,0.49075,0.09754234095349053,0.8624990030931398,0.0
linear_low_confounding,linear,28,ipw,1.0776416727736862,0.05715958168321171,0.9656088926745912,1.1896744528727812,1.0,1.0007293349667827,0.49075,0.09754234095349053,0.8624990030931398,0.0
linear_low_confounding,linear,28,aipw,1.0863257127891732,0.035182438360381645,1.0173681336028253,1.1552832919755212,1.0,1.0007293349667827,0.49075,0.09754234095349053,0.8624990030931398,0.0
linear_low_confounding,linear,29,difference-in-means,1.584579434831547,0.050477895061260644,1.4856427605114761,1.6835161091516178,1.0,1.0170598292334951,0.49625,0.11324808773980766,0.8636639042617447,0.0
linear_low_confounding,linear,29,outcome-regression,0.9955434700583351,0.011040738441333131,0.9739036227133222,1.017183317403348,1.0,1.0170598292334951,0.49625,0.11324808773980766,0.8636639042617447,0.0
linear_low_confounding,linear,29,ipw,0.996984563296141,0.05502986983136289,0.8891260184266698,1.1048431081656123,1.0,1.0170598292334951,0.49625,0.11324808773980766,0.8636639042617447,0.0
linear_low_confounding,linear,29,aipw,0.9932020082487144,0.0347964923579264,0.9250008832271787,1.0614031332702503,1.0,1.0170598292334951,0.49625,0.11324808773980766,0.8636639042617447,0.0
linear_low_confounding,linear,30,difference-in-means,1.5898530678523377,0.0512776286887485,1.4893489156223907,1.6903572200822847,1.0,1.0125448413979836,0.5195,0.15044041679063253,0.8644526998403335,0.0
linear_low_confounding,linear,30,outcome-regression,1.0175493154302382,0.011500924005218821,0.9950075043800093,1.040091126480467,1.0,1.0125448413979836,0.5195,0.15044041679063253,0.8644526998403335,0.0
linear_low_confounding,linear,30,ipw,1.0244765126301076,0.05477074571970494,0.917125851019486,1.1318271742407293,1.0,1.0125448413979836,0.5195,0.15044041679063253,0.8644526998403335,0.0
linear_low_confounding,linear,30,aipw,1.0235055724661568,0.03488988922265995,0.9551213895897432,1.0918897553425704,1.0,1.0125448413979836,0.5195,0.15044041679063253,0.8644526998403335,0.0
linear_low_confounding,linear,31,difference-in-means,1.5294543671217629,0.05138044394205679,1.4287486969953316,1.6301600372481941,1.0,0.9775132554892807,0.50225,0.17190623062179775,0.8486657486931217,0.0
linear_low_confounding,linear,31,outcome-regression,0.9716721703880874,0.012032950104304194,0.9480875881836511,0.9952567525925237,1.0,0.9775132554892807,0.50225,0.17190623062179775,0.8486657486931217,0.0
linear_low_confounding,linear,31,ipw,0.9624308278442962,0.05633696287215536,0.8520103806148718,1.0728512750737207,1.0,0.9775132554892807,0.50225,0.17190623062179775,0.8486657486931217,0.0
linear_low_confounding,linear,31,aipw,0.970252295941632,0.0352946916658932,0.9010747002764813,1.0394298916067826,1.0,0.9775132554892807,0.50225,0.17190623062179775,0.8486657486931217,0.0
linear_low_confounding,linear,32,difference-in-means,1.61465620474763,0.05142278832633489,1.5138675396280137,1.7154448698672464,1.0,1.0182260160415904,0.505,0.12250607068077841,0.8638565013493289,0.0
linear_low_confounding,linear,32,outcome-regression,1.065091899759433,0.011189242579198027,1.043160984304205,1.087022815214661,1.0,1.0182260160415904,0.505,0.12250607068077841,0.8638565013493289,0.0
linear_low_confounding,linear,32,ipw,1.0594832800075518,0.055463072946527074,0.9507756570323587,1.1681909029827449,1.0,1.0182260160415904,0.505,0.12250607068077841,0.8638565013493289,0.0
linear_low_confounding,linear,32,aipw,1.0667382186403813,0.034675421612091195,0.9987743922806825,1.13470204500008,1.0,1.0182260160415904,0.505,0.12250607068077841,0.8638565013493289,0.0
linear_low_confounding,linear,33,difference-in-means,1.5408742310169035,0.04932621876728547,1.444194842233024,1.637553619800783,1.0,0.9978384332714922,0.5025,0.11540295288426167,0.8482263374865737,0.0
linear_low_confounding,linear,33,outcome-regression,1.0296899607136685,0.009988473687452318,1.010112552286262,1.049267369141075,1.0,0.9978384332714922,0.5025,0.11540295288426167,0.8482263374865737,0.0
linear_low_confounding,linear,33,ipw,1.0263349840622702,0.05315313484345637,0.9221548397690957,1.1305151283554447,1.0,0.9978384332714922,0.5025,0.11540295288426167,0.8482263374865737,0.0
linear_low_confounding,linear,33,aipw,1.0323702182030838,0.03357469910308546,0.9665638079610364,1.0981766284451313,1.0,0.9978384332714922,0.5025,0.11540295288426167,0.8482263374865737,0.0
linear_low_confounding,linear,34,difference-in-means,1.558892680092325,0.0509539249927273,1.4590229871065796,1.6587623730780705,1.0,0.9922994144404058,0.50625,0.1653826072271732,0.8602151992592788,0.0
linear_low_confounding,linear,34,outcome-regression,0.9957080680751688,0.010105793665202848,0.9759007124913712,1.0155154236589663,1.0,0.9922994144404058,0.50625,0.1653826072271732,0.8602151992592788,0.0
linear_low_confounding,linear,34,ipw,0.9856617823920699,0.05680421598431253,0.8743255190628174,1.0969980457213224,1.0,0.9922994144404058,0.50625,0.1653826072271732,0.8602151992592788,0.0
linear_low_confounding,linear,34,aipw,0.9902158632814765,0.035120362594941376,0.9213799525953914,1.0590517739675616,1.0,0.9922994144404058,0.50625,0.1653826072271732,0.8602151992592788,0.0
linear_low_confounding,linear,35,difference-in-means,1.6027904315159085,0.050305522531449244,1.504191607354268,1.701389255677549,1.0,1.0090529398929518,0.499,0.11367610145604401,0.8672305685158478,0.0
linear_low_confounding,linear,35,outcome-regression,1.0075188200245937,0.010939013517370135,0.9860783535305482,1.0289592865186392,1.0,1.0090529398929518,0.499,0.11367610145604401,0.8672305685158478,0.0
linear_low_confounding,linear,35,ipw,1.0012376261158245,0.0557018613877895,0.892061977795757,1.1104132744358919,1.0,1.0090529398929518,0.499,0.11367610145604401,0.8672305685158478,0.0
linear_low_confounding,linear,35,aipw,1.008181557076342,0.03409185623598034,0.9413615188538205,1.0750015952988634,1.0,1.0090529398929518,0.499,0.11367610145604401,0.8672305685158478,0.0
linear_low_confounding,linear,36,difference-in-means,1.5642831733326379,0.04952056248165821,1.4672228708685877,1.661343475796688,1.0,1.0017698321740356,0.51675,0.19073514044355383,0.8694135781366513,0.0
linear_low_confounding,linear,36,outcome-regression,1.0142664733614122,0.01152591354307467,0.9916756828169858,1.0368572639058384,1.0,1.0017698321740356,0.51675,0.19073514044355383,0.8694135781366513,0.0
linear_low_confounding,linear,36,ipw,1.0087644698884612,0.05405768426262387,0.9028114087337185,1.114717531043204,1.0,1.0017698321740356,0.51675,0.19073514044355383,0.8694135781366513,0.0
linear_low_confounding,linear,36,aipw,1.0168918783814929,0.03407560747478722,0.9501036877309099,1.0836800690320758,1.0,1.0017698321740356,0.51675,0.19073514044355383,0.8694135781366513,0.0
linear_low_confounding,linear,37,difference-in-means,1.5884603350155033,0.051389228886285165,1.4877374463983843,1.6891832236326223,1.0,1.0013074624217184,0.49475,0.11337879492964174,0.9154731569717959,0.0
linear_low_confounding,linear,37,outcome-regression,0.9642412741278518,0.01183081683755935,0.9410528731262354,0.9874296751294681,1.0,1.0013074624217184,0.49475,0.11337879492964174,0.9154731569717959,0.0
linear_low_confounding,linear,37,ipw,0.950420383074328,0.05840627846291444,0.8359440772870157,1.0648966888616402,1.0,1.0013074624217184,0.49475,0.11337879492964174,0.9154731569717959,0.0
linear_low_confounding,linear,37,aipw,0.9662138902771995,0.035476484283622954,0.8966799810812985,1.0357477994731006,1.0,1.0013074624217184,0.49475,0.11337879492964174,0.9154731569717959,0.0
linear_low_confounding,linear,38,difference-in-means,1.6994651711769542,0.05153950146816229,1.598447748299356,1.8004825940545524,1.0,1.0126107823296784,0.49925,0.14545214547439722,0.862969716970455,0.0
linear_low_confounding,linear,38,outcome-regression,1.061079117812682,0.01124540469464209,1.0390381246111835,1.0831201110141804,1.0,1.0126107823296784,0.49925,0.14545214547439722,0.862969716970455,0.0
linear_low_confounding,linear,38,ipw,1.0625774470891167,0.056607165228026016,0.9516274032421858,1.1735274909360478,1.0,1.0126107823296784,0.49925,0.14545214547439722,0.862969716970455,0.0
linear_low_confounding,linear,38,aipw,1.0617346514194104,0.035230350091023134,0.9926831652410051,1.1307861375978157,1.0,1.0126107823296784,0.49925,0.14545214547439722,0.862969716970455,0.0
linear_low_confounding,linear,39,difference-in-means,1.5916151243246635,0.04994295486210924,1.4937269327949294,1.6895033158543975,1.0,1.0177369339671902,0.4975,0.1046445700814552,0.8550993655323694,0.0
linear_low_confounding,linear,39,outcome-regression,1.0230053961236962,0.011210009274349864,1.0010337779459706,1.0449770143014219,1.0,1.0177369339671902,0.4975,0.1046445700814552,0.8550993655323694,0.0
linear_low_confounding,linear,39,ipw,0.998901525711758,0.05590502870437203,0.8893276694511889,1.1084753819723272,1.0,1.0177369339671902,0.4975,0.1046445700814552,0.8550993655323694,0.0
linear_low_confounding,linear,39,aipw,1.0200356085332065,0.03462704643451047,0.952166597521566,1.087904619544847,1.0,1.0177369339671902,0.4975,0.1046445700814552,0.8550993655323694,0.0
linear_low_confounding,linear,40,difference-in-means,1.5035088619613137,0.05223365001709454,1.4011309079278085,1.605886815994819,1.0,0.9943228746110563,0.48925,0.15288887705580884,0.8665401721147293,0.0
linear_low_confounding,linear,40,outcome-regression,0.9284395989373085,0.011728163288753982,0.9054523988913508,0.9514267989832663,1.0,0.9943228746110563,0.48925,0.15288887705580884,0.8665401721147293,0.0
linear_low_confounding,linear,40,ipw,0.9342898530060109,0.05527764276137144,0.8259456731937228,1.0426340328182988,1.0,0.9943228746110563,0.48925,0.15288887705580884,0.8665401721147293,0.0
linear_low_confounding,linear,40,aipw,0.937301557733626,0.035717506261998676,0.8672952454601086,1.0073078700071434,1.0,0.9943228746110563,0.48925,0.15288887705580884,0.8665401721147293,0.0
linear_low_confounding,linear,41,difference-in-means,1.6651188619628972,0.05095603829438897,1.5652450269058948,1.7649926970198995,1.0,1.0195959007872437,0.49225,0.13249991013817142,0.8692928003578088,0.0
linear_low_confounding,linear,41,outcome-regression,1.0800295893033467,0.010938203474394963,1.0585907104935326,1.1014684681131608,1.0,1.0195959007872437,0.49225,0.13249991013817142,0.8692928003578088,0.0
linear_low_confounding,linear,41,ipw,1.083609999188692,0.0558515153209334,0.9741410291596626,1.1930789692177215,1.0,1.0195959007872437,0.49225,0.13249991013817142,0.8692928003578088,0.0
linear_low_confounding,linear,41,aipw,1.0816480444143448,0.03537850812204313,1.0123061684951402,1.1509899203335494,1.0,1.0195959007872437,0.49225,0.13249991013817142,0.8692928003578088,0.0
linear_low_confounding,linear,42,difference-in-means,1.5675041739020166,0.05169821879851183,1.4661756650569333,1.6688326827470998,1.0,0.9890492316227072,0.5015,0.18618172188684853,0.8452387352122546,0.0
linear_low_confounding,linear,42,outcome-regression,0.9767639846278104,0.01085058367426754,0.9554968406262461,0.9980311286293748,1.0,0.9890492316227072,0.5015,0.18618172188684853,0.8452387352122546,0.0
linear_low_confounding,linear,42,ipw,0.9637378518473022,0.056905087998888375,0.852203879369481,1.0752718243251234,1.0,0.9890492316227072,0.5015,0.18618172188684853,0.8452387352122546,0.0
linear_low_confounding,linear,42,aipw,0.9736143703402604,0.03522095644488786,0.9045812957082803,1.0426474449722407,1.0,0.9890492316227072,0.5015,0.18618172188684853,0.8452387352122546,0.0
linear_low_confounding,linear,43,difference-in-means,1.5142035991680163,0.0506413497630326,1.4149465536324723,1.6134606447035602,1.0,0.985054375393815,0.493,0.134483645125567,0.8668752247032959,0.0
linear_low_confounding,linear,43,outcome-regression,0.9309288093507396,0.010704486625463487,0.9099480155648312,0.9519096031366481,1.0,0.985054375393815,0.493,0.134483645125567,0.8668752247032959,0.0
linear_low_confounding,linear,43,ipw,0.9249233677781988,0.05454270053561197,0.8180196747283994,1.0318270608279982,1.0,0.985054375393815,0.493,0.134483645125567,0.8668752247032959,0.0
linear_low_confounding,linear,43,aipw,0.9351459405917577,0.03403294528343689,0.8684413678362214,1.001850513347294,1.0,0.985054375393815,0.493,0.134483645125567,0.8668752247032959,0.0
linear_low_confounding,linear,44,difference-in-means,1.6331294769129403,0.05139661715056287,1.532392107297837,1.7338668465280436,1.0,1.0028999900262066,0.503,0.14958509132570447,0.879235436528235,0.0
linear_low_confounding,linear,44,outcome-regression,1.0515192648182277,0.011424749627400699,1.0291267555485224,1.073911774087933,1.0,1.0028999900262066,0.503,0.14958509132570447,0.879235436528235,0.0
linear_low_confounding,linear,44,ipw,1.0563607082822237,0.055830584240326574,0.9469327631711837,1.1657886533932638,1.0,1.0028999900262066,0.503,0.14958509132570447,0.879235436528235,0.0
linear_low_confounding,linear,44,aipw,1.0588599829829524,0.03545196085374987,0.9893741397096026,1.1283458262563022,1.0,1.0028999900262066,0.503,0.14958509132570447,0.879235436528235,0.0
linear_low_confounding,linear,45,difference-in-means,1.4962130037116388,0.050309392148182655,1.3976065951012009,1.5948194123220767,1.0,1.0037947292745297,0.49925,0.16031953364943904,0.8234376854935981,0.0
linear_low_confounding,linear,45,outcome-regression,0.9867415536870097,0.010649200532208095,0.9658691206438818,1.0076139867301375,1.0,1.0037947292745297,0.49925,0.16031953364943904,0.8234376854935981,0.0
linear_low_confounding,linear,45,ipw,0.9928855672891123,0.0534869068317973,0.8880512298987896,1.097719904679435,1.0,1.0037947292745297,0.49925,0.16031953364943904,0.8234376854935981,0.0
linear_low_confounding,linear,45,aipw,0.9877200164356924,0.03417377752586387,0.9207394124849992,1.0547006203863856,1.0,1.0037947292745297,0.49925,0.16031953364943904,0.8234376854935981,0.0
linear_low_confounding,linear,46,difference-in-means,1.521678395741168,0.049875255109080176,1.4239228957273709,1.619433895754965,1.0,0.9835860185329747,0.4945,0.1394458157405723,0.8868754321165672,0.0
linear_low_confounding,linear,46,outcome-regression,0.9622573868625234,0.010900376509804514,0.9408926489033065,0.9836221248217403,1.0,0.9835860185329747,0.4945,0.1394458157405723,0.8868754321165672,0.0
linear_low_confounding,linear,46,ipw,0.971602410190861,0.05334693905528742,0.8670424096424977,1.0761624107392245,1.0,0.9835860185329747,0.4945,0.1394458157405723,0.8868754321165672,0.0
linear_low_confounding,linear,46,aipw,0.9634833910671277,0.03447260296782367,0.8959170892501933,1.031049692884062,1.0,0.9835860185329747,0.4945,0.1394458157405723,0.8868754321165672,0.0
linear_low_confounding,linear,47,difference-in-means,1.5154675808706122,0.050961100902882805,1.4155838231009619,1.6153513386402625,1.0,0.9895409478706213,0.51225,0.17951589495182244,0.8308281276714353,0.0
linear_low_confounding,linear,47,outcome-regression,0.9959505914168908,0.011596135656875861,0.9732221655294141,1.0186790173043674,1.0,0.9895409478706213,0.51225,0.17951589495182244,0.8308281276714353,0.0
linear_low_confounding,linear,47,ipw,0.9954219165137419,0.0540950123285625,0.8893956923497595,1.1014481406777243,1.0,0.9895409478706213,0.51225,0.17951589495182244,0.8308281276714353,0.0
linear_low_confounding,linear,47,aipw,0.9964906940514576,0.034617157719087716,0.9286410649220457,1.0643403231808695,1.0,0.9895409478706213,0.51225,0.17951589495182244,0.8308281276714353,0.0
linear_low_confounding,linear,48,difference-in-means,1.5528494651929738,0.05240314051848236,1.4501393097767483,1.6555596206091994,1.0,0.9940084598462047,0.48575,0.1551603165971334,0.8923538615827815,0.0
linear_low_confounding,linear,48,outcome-regression,0.9493173742228432,0.012355734269433143,0.9251001350547543,0.9735346133909322,1.0,0.9940084598462047,0.48575,0.1551603165971334,0.8923538615827815,0.0
linear_low_confounding,linear,48,ipw,0.9492980389874698,0.05704168859192916,0.8374963293472887,1.061099748627651,1.0,0.9940084598462047,0.48575,0.1551603165971334,0.8923538615827815,0.0
linear_low_confounding,linear,48,aipw,0.9507853991276527,0.03559708935905097,0.8810151039839128,1.0205556942713927,1.0,0.9940084598462047,0.48575,0.1551603165971334,0.8923538615827815,0.0
linear_low_confounding,linear,49,difference-in-means,1.5724500635710377,0.049628013277101916,1.4751791575479178,1.6697209695941575,1.0,1.0031053120547742,0.4965,0.11489299019627702,0.8476104851909554,0.0
linear_low_confounding,linear,49,outcome-regression,1.0197836731795007,0.011422133886527921,0.997396290761906,1.0421710555970953,1.0,1.0031053120547742,0.4965,0.11489299019627702,0.8476104851909554,0.0
linear_low_confounding,linear,49,ipw,1.0214117820006368,0.05340739204416311,0.9167332935940771,1.1260902704071964,1.0,1.0031053120547742,0.4965,0.11489299019627702,0.8476104851909554,0.0
linear_low_confounding,linear,49,aipw,1.0233541452729014,0.034130511710529755,0.956458342320263,1.0902499482255397,1.0,1.0031053120547742,0.4965,0.11489299019627702,0.8476104851909554,0.0
linear_low_confounding,linear,50,difference-in-means,1.5139308402544818,0.05118383962464598,1.4136105145901756,1.614251165918788,1.0,0.9919581974936541,0.4945,0.15543424149290103,0.8513552957854887,0.0
linear_low_confounding,linear,50,outcome-regression,0.9722743111475822,0.011592400711270386,0.9495532057534922,0.9949954165416722,1.0,0.9919581974936541,0.4945,0.15543424149290103,0.8513552957854887,0.0
linear_low_confounding,linear,50,ipw,0.9652213602248022,0.055504650655145274,0.8564322449407175,1.0740104755088868,1.0,0.9919581974936541,0.4945,0.15543424149290103,0.8513552957854887,0.0
linear_low_confounding,linear,50,aipw,0.9712234348007364,0.03485221737538981,0.9029130887449723,1.0395337808565004,1.0,0.9919581974936541,0.4945,0.15543424149290103,0.8513552957854887,0.0
linear_low_confounding,linear,51,difference-in-means,1.6726675847722614,0.04955172076855202,1.5755462120658994,1.7697889574786234,1.0,0.9926211304259397,0.50325,0.1204963012914724,0.882153460288043,0.0
linear_low_confounding,linear,51,outcome-regression,1.0420305261673717,0.011178474659905279,1.0201207158339574,1.063940336500786,1.0,0.9926211304259397,0.50325,0.1204963012914724,0.882153460288043,0.0
linear_low_confounding,linear,51,ipw,1.0322163232026411,0.0559608041873439,0.9225331469954471,1.1418994994098353,1.0,0.9926211304259397,0.50325,0.1204963012914724,0.882153460288043,0.0
linear_low_confounding,linear,51,aipw,1.0358042827903842,0.035076695531289635,0.9670539595490565,1.1045546060317117,1.0,0.9926211304259397,0.50325,0.1204963012914724,0.882153460288043,0.0
linear_low_confounding,linear,52,difference-in-means,1.5408847014281593,0.051087565645270706,1.4407530727634286,1.64101633009289,1.0,1.0102356846453073,0.509,0.1485151665629524,0.8595008013383642,0.0
linear_low_confounding,linear,52,outcome-regression,0.9695134351059014,0.011489761645732887,0.9469935022802649,0.9920333679315378,1.0,1.0102356846453073,0.509,0.1485151665629524,0.8595008013383642,0.0
linear_low_confounding,linear,52,ipw,0.9554645485449036,0.05618226865945962,0.8453473019723627,1.0655817951174444,1.0,1.0102356846453073,0.509,0.1485151665629524,0.8595008013383642,0.0
linear_low_confounding,linear,52,aipw,0.9744600663970012,0.03444910200162123,0.9069398264738237,1.041980306320179,1.0,1.0102356846453073,0.509,0.1485151665629524,0.8595008013383642,0.0
linear_low_confounding,linear,53,difference-in-means,1.61055746069212,0.05071398549711593,1.5111580491177727,1.7099568722664673,1.0,1.0085155372873615,0.49925,0.1476692116775662,0.8796305730952385,0.0
linear_low_confounding,linear,53,outcome-regression,1.0412865475864264,0.010567326244912538,1.0205745881463977,1.061998507026455,1.0,1.0085155372873615,0.49925,0.1476692116775662,0.8796305730952385,0.0
linear_low_confounding,linear,53,ipw,1.0284914556179998,0.05720007382711665,0.9163793109168512,1.1406036003191484,1.0,1.0085155372873615,0.49925,0.1476692116775662,0.8796305730952385,0.0
linear_low_confounding,linear,53,aipw,1.035188387076526,0.03440414370902461,0.9677562654068377,1.1026205087462142,1.0,1.0085155372873615,0.49925,0.1476692116775662,0.8796305730952385,0.0
linear_low_confounding,linear,54,difference-in-means,1.5887695959754096,0.05198493866105809,1.4868791161997357,1.6906600757510835,1.0,0.9942181137932894,0.4875,0.1476447359854952,0.8503852193990159,0.0
linear_low_confounding,linear,54,outcome-regression,1.0011884183943764,0.011999779689009388,0.977668850203918,1.0247079865848348,1.0,0.9942181137932894,0.4875,0.1476447359854952,0.8503852193990159,0.0
linear_low_confounding,linear,54,ipw,1.010144189617821,0.05701569832031435,0.8983934209100048,1.121894958325637,1.0,0.9942181137932894,0.4875,0.1476447359854952,0.8503852193990159,0.0
linear_low_confounding,linear,54,aipw,0.9999557874951689,0.03523845102913958,0.9308884234780553,1.0690231515122826,1.0,0.9942181137932894,0.4875,0.1476447359854952,0.8503852193990159,0.0
linear_low_confounding,linear,55,difference-in-means,1.583456259016183,0.05147375244895699,1.4825677042162273,1.6843448138161385,1.0,0.9996840482621959,0.4825,0.1387804153487196,0.8811287835409342,0.0
linear_low_confounding,linear,55,outcome-regression,1.0153888941686853,0.01153019333905491,0.9927897152241376,1.037988073113233,1.0,0.9996840482621959,0.4825,0.1387804153487196,0.8811287835409342,0.0
linear_low_confounding,linear,55,ipw,1.0128352761936166,0.05566559097615627,0.9037307178803503,1.121939834506883,1.0,0.9996840482621959,0.4825,0.1387804153487196,0.8811287835409342,0.0
linear_low_confounding,linear,55,aipw,1.0169573836035843,0.034543921415472544,0.9492512976292582,1.0846634695779105,1.0,0.9996840482621959,0.4825,0.1387804153487196,0.8811287835409342,0.0
linear_low_confounding,linear,56,difference-in-means,1.5522937518618125,0.05039889052391946,1.4535119264349303,1.6510755772886947,1.0,0.99546905454288,0.4985,0.14195799220580763,0.8362942621715083,0.0
linear_low_confounding,linear,56,outcome-regression,1.0119816574854341,0.011072279568897421,0.9902799895303952,1.0336833254404731,1.0,0.99546905454288,0.4985,0.14195799220580763,0.8362942621715083,0.0
linear_low_confounding,linear,56,ipw,1.0221400249017267,0.05325571434049423,0.917758824794358,1.1265212250090955,1.0,0.99546905454288,0.4985,0.14195799220580763,0.8362942621715083,0.0
linear_low_confounding,linear,56,aipw,1.017835820293183,0.03447220881028891,0.9502702910250167,1.0854013495613493,1.0,0.99546905454288,0.4985,0.14195799220580763,0.8362942621715083,0.0
linear_low_confounding,linear,57,difference-in-means,1.4965052618348902,0.05136250243108229,1.395834757069969,1.5971757665998114,1.0,0.9811538546857992,0.49325,0.15040904018675894,0.8342103522664512,0.0
linear_low_confounding,linear,57,outcome-regression,0.9677439307518125,0.010998135232207006,0.9461875856966868,0.9893002758069382,1.0,0.9811538546857992,0.49325,0.15040904018675894,0.8342103522664512,0.0
linear_low_confounding,linear,57,ipw,0.9692023902117871,0.05468199534226373,0.8620256793409502,1.076379101082624,1.0,0.9811538546857992,0.49325,0.15040904018675894,0.8342103522664512,0.0
linear_low_confounding,linear,57,aipw,0.9699783400778876,0.03419543675207331,0.902955284043824,1.0370013961119513,1.0,0.9811538546857992,0.49325,0.15040904018675894,0.8342103522664512,0.0
linear_low_confounding,linear,58,difference-in-means,1.5950000813717287,0.04999738783736606,1.497005201210491,1.6929949615329662,1.0,1.0280796446746772,0.50875,0.1311714807326953,0.8604365321343344,0.0
linear_low_confounding,linear,58,outcome-regression,1.0129956084638654,0.011236554765650237,0.990971961123191,1.03501925580454,1.0,1.0280796446746772,0.50875,0.1311714807326953,0.8604365321343344,0.0
linear_low_confounding,linear,58,ipw,1.015643436152383,0.05401139229483256,0.9097811072545111,1.1215057650502547,1.0,1.0280796446746772,0.50875,0.1311714807326953,0.8604365321343344,0.0
linear_low_confounding,linear,58,aipw,1.0115707653647907,0.03370919574558724,0.9455007417034398,1.0776407890261417,1.0,1.0280796446746772,0.50875,0.1311714807326953,0.8604365321343344,0.0
linear_low_confounding,linear,59,difference-in-means,1.5953039656333998,0.04942594995198469,1.49842910372751,1.6921788275392897,1.0,0.9973932602849581,0.51675,0.1067937250580095,0.8749157550336991,0.0
linear_low_confounding,linear,59,outcome-regression,1.0199507212342374,0.011168699625187416,0.99806006996887,1.0418413724996047,1.0,0.9973932602849581,0.51675,0.1067937250580095,0.8749157550336991,0.0
linear_low_confounding,linear,59,ipw,1.014939631635396,0.053988433991002026,0.909122301013032,1.12075696225776,1.0,0.9973932602849581,0.51675,0.1067937250580095,0.8749157550336991,0.0
linear_low_confounding,linear,59,aipw,1.0216437347953953,0.034654692903631434,0.9537205367042777,1.089566932886513,1.0,0.9973932602849581,0.51675,0.1067937250580095,0.8749157550336991,0.0
linear_low_confounding,linear,60,difference-in-means,1.4658367192767339,0.05071247541596354,1.3664402674614453,1.5652331710920224,1.0,0.9852757248698374,0.509,0.18788277556544308,0.8254898336699157,0.0
linear_low_confounding,linear,60,outcome-regression,0.9672251455711481,0.010957957140720183,0.9457475495753366,0.9887027415669597,1.0,0.9852757248698374,0.509,0.18788277556544308,0.8254898336699157,0.0
linear_low_confounding,linear,60,ipw,0.9612551564739389,0.05412593733617006,0.8551683192950456,1.067341993652832,1.0,0.9852757248698374,0.509,0.18788277556544308,0.8254898336699157,0.0
linear_low_confounding,linear,60,aipw,0.9659628991047159,0.034602707946825885,0.8981415915289371,1.0337842066804945,1.0,0.9852757248698374,0.509,0.18788277556544308,0.8254898336699157,0.0
linear_low_confounding,linear,61,difference-in-means,1.646562692285456,0.049923166318044325,1.5487132863020892,1.7444120982688227,1.0,1.0090208987944516,0.50775,0.12769073439617745,0.8407857462649501,0.0
linear_low_confounding,linear,61,outcome-regression,1.0564439810913724,0.01031483285430761,1.0362269086969296,1.0766610534858152,1.0,1.0090208987944516,0.50775,0.12769073439617745,0.8407857462649501,0.0
linear_low_confounding,linear,61,ipw,1.047064132310354,0.05651174047189306,0.9363011209854436,1.1578271436352643,1.0,1.0090208987944516,0.50775,0.12769073439617745,0.8407857462649501,0.0
linear_low_confounding,linear,61,aipw,1.0459179521737705,0.03482569579992558,0.9776595884059164,1.1141763159416247,1.0,1.0090208987944516,0.50775,0.12769073439617745,0.8407857462649501,0.0
linear_low_confounding,linear,62,difference-in-means,1.6553099690909192,0.05023136239956821,1.5568564987877656,1.7537634393940729,1.0,0.9789626119289355,0.50525,0.13732589892653196,0.8761894484524052,0.0
linear_low_confounding,linear,62,outcome-regression,1.0461028967926151,0.011819870481708471,1.0229359506484665,1.0692698429367637,1.0,0.9789626119289355,0.50525,0.13732589892653196,0.8761894484524052,0.0
linear_low_confounding,linear,62,ipw,1.0504882428763058,0.05500474441743819,0.942678943818127,1.1582975419344848,1.0,0.9789626119289355,0.50525,0.13732589892653196,0.8761894484524052,0.0
linear_low_confounding,linear,62,aipw,1.0379917638530787,0.034992375631575846,0.96940670761519,1.1065768200909674,1.0,0.9789626119289355,0.50525,0.13732589892653196,0.8761894484524052,0.0
linear_low_confounding,linear,63,difference-in-means,1.430463393827325,0.050204400709232835,1.3320627684372286,1.5288640192174214,1.0,0.9908852073304208,0.50975,0.20198745035834556,0.7975213996116964,0.0
linear_low_confounding,linear,63,outcome-regression,0.956271695786082,0.010813764974405874,0.9350767164362465,0.9774666751359175,1.0,0.9908852073304208,0.50975,0.20198745035834556,0.7975213996116964,0.0
linear_low_confounding,linear,63,ipw,0.9551487284957917,0.05307920614818381,0.8511134844453514,1.059183972546232,1.0,0.9908852073304208,0.50975,0.20198745035834556,0.7975213996116964,0.0
linear_low_confounding,linear,63,aipw,0.9569609496655684,0.033744793940064584,0.8908211535430418,1.023100745788095,1.0,0.9908852073304208,0.50975,0.20198745035834556,0.7975213996116964,0.0
linear_low_confounding,linear,64,difference-in-means,1.5923012142667639,0.05197332106993289,1.4904335049696953,1.6941689235638324,1.0,0.9902133918515843,0.497,0.10920504536984259,0.8748935312096167,0.0
linear_low_confounding,linear,64,outcome-regression,0.9781714204295269,0.010945949263959972,0.9567173598721653,0.9996254809868884,1.0,0.9902133918515843,0.497,0.10920504536984259,0.8748935312096167,0.0
linear_low_confounding,linear,64,ipw,0.9751121897173222,0.058169770670152894,0.8610994392038225,1.0891249402308218,1.0,0.9902133918515843,0.497,0.10920504536984259,0.8748935312096167,0.0
linear_low_confounding,linear,64,aipw,0.9787946257998924,0.03477434968928032,0.910636900408903,1.0469523511908818,1.0,0.9902133918515843,0.497,0.10920504536984259,0.8748935312096167,0.0
linear_low_confounding,linear,65,difference-in-means,1.5777898122932035,0.05088638542879373,1.4780524968527677,1.6775271277336392,1.0,0.9804654449442209,0.4925,0.13035592432325338,0.8717582631293174,0.0
linear_low_confounding,linear,65,outcome-regression,0.9764169832218331,0.011173834018639745,0.9545162685452993,0.998317697898367,1.0,0.9804654449442209,0.4925,0.13035592432325338,0.8717582631293174,0.0
linear_low_confounding,linear,65,ipw,0.9766854731373917,0.05620758195724753,0.8665186125011866,1.086852333773597,1.0,0.9804654449442209,0.4925,0.13035592432325338,0.8717582631293174,0.0
linear_low_confounding,linear,65,aipw,0.9784701585237349,0.034906805132616,0.9100528204638075,1.0468874965836623,1.0,0.9804654449442209,0.4925,0.13035592432325338,0.8717582631293174,0.0
linear_low_confounding,linear,66,difference-in-means,1.4942597687867956,0.05110401692986414,1.394095895604262,1.5944236419693292,1.0,0.9973334154467675,0.48725,0.13759622832925233,0.8418110132417022,0.0
linear_low_confounding,linear,66,outcome-regression,0.93809246912468,0.011697376289940015,0.9151656115963976,0.9610193266529624,1.0,0.9973334154467675,0.48725,0.13759622832925233,0.8418110132417022,0.0
linear_low_confounding,linear,66,ipw,0.947157242669976,0.054630269181479674,0.8400819150742759,1.0542325702656763,1.0,0.9973334154467675,0.48725,0.13759622832925233,0.8418110132417022,0.0
linear_low_confounding,linear,66,aipw,0.9382077443107976,0.034016864359996644,0.8715346901652041,1.004880798456391,1.0,0.9973334154467675,0.48725,0.13759622832925233,0.8418110132417022,0.0
linear_low_confounding,linear,67,difference-in-means,1.577681701301488,0.05012505850371973,1.4794365866341974,1.6759268159687788,1.0,0.9870571785985244,0.50075,0.1637562255092419,0.8470480090361355,0.0
linear_low_confounding,linear,67,outcome-regression,1.0389059421476703,0.01132404415903769,1.0167108155959563,1.0611010686993843,1.0,0.9870571785985244,0.50075,0.1637562255092419,0.8470480090361355,0.0
linear_low_confounding,linear,67,ipw,1.039510228198344,0.05397131147670724,0.9337264577039978,1.1452939986926902,1.0,0.9870571785985244,0.50075,0.1637562255092419,0.8470480090361355,0.0
linear_low_confounding,linear,67,aipw,1.0403674841457504,0.03494508086221615,0.9718751256558068,1.1088598426356941,1.0,0.9870571785985244,0.50075,0.1637562255092419,0.8470480090361355,0.0
linear_low_confounding,linear,68,difference-in-means,1.6641273506386076,0.050499852836081605,1.5651476390798877,1.7631070621973275,1.0,1.0020162059998703,0.501,0.1193602345488814,0.8745333891799676,0.0
linear_low_confounding,linear,68,outcome-regression,1.0334582425708472,0.01128005291011306,1.0113493388670256,1.0555671462746687,1.0,1.0020162059998703,0.501,0.1193602345488814,0.8745333891799676,0.0
linear_low_confounding,linear,68,ipw,1.0059130660130529,0.059970303881890875,0.8883712704045468,1.123454861621559,1.0,1.0020162059998703,0.501,0.1193602345488814,0.8745333891799676,0.0
linear_low_confounding,linear,68,aipw,1.023425916147356,0.035366065625588305,0.954108427521203,1.0927434047735092,1.0,1.0020162059998703,0.501,0.1193602345488814,0.8745333891799676,0.0
linear_low_confounding,linear,69,difference-in-means,1.655961895671792,0.05092436612655263,1.556150138063749,1.7557736532798351,1.0,0.9936694144599455,0.47925,0.10031802228735734,0.8901998777613493,0.0
linear_low_confounding,linear,69,outcome-regression,1.0152914419320302,0.010705486225851275,0.9943086889293618,1.0362741949346987,1.0,0.9936694144599455,0.47925,0.10031802228735734,0.8901998777613493,0.0
linear_low_confounding,linear,69,ipw,1.0083891234565505,0.057585006202332326,0.8955225112999792,1.1212557356131219,1.0,0.9936694144599455,0.47925,0.10031802228735734,0.8901998777613493,0.0
linear_low_confounding,linear,69,aipw,1.0166561680983233,0.03414876930341834,0.9497245802636233,1.0835877559330231,1.0,0.9936694144599455,0.47925,0.10031802228735734,0.8901998777613493,0.0
linear_low_confounding,linear,70,difference-in-means,1.544603424981511,0.05098239005708378,1.4446779404696268,1.6445289094933953,1.0,0.987503536440723,0.4875,0.15663194258046342,0.8440829324085157,0.0
linear_low_confounding,linear,70,outcome-regression,0.994955513782986,0.011574942063434481,0.9722686273386544,1.0176424002273174,1.0,0.987503536440723,0.4875,0.15663194258046342,0.8440829324085157,0.0
linear_low_confounding,linear,70,ipw,0.9964449460990911,0.054949797717620666,0.8887433425725546,1.1041465496256275,1.0,0.987503536440723,0.4875,0.15663194258046342,0.8440829324085157,0.0
linear_low_confounding,linear,70,aipw,0.9925548740264478,0.03466156173871985,0.924618213018557,1.0604915350343387,1.0,0.987503536440723,0.4875,0.15663194258046342,0.8440829324085157,0.0
linear_low_confounding,linear,71,difference-in-means,1.543442253563187,0.05051209277945721,1.444438551715451,1.6424459554109232,1.0,0.9826904831513886,0.50825,0.16203029752493978,0.8634828273163931,0.0
linear_low_confounding,linear,71,outcome-regression,0.9934214525600541,0.01061094880102771,0.9726239929100398,1.0142189122100684,1.0,0.9826904831513886,0.50825,0.16203029752493978,0.8634828273163931,0.0
linear_low_confounding,linear,71,ipw,0.9906131587283866,0.05491437554286034,0.8829809826643804,1.0982453347923928,1.0,0.9826904831513886,0.50825,0.16203029752493978,0.8634828273163931,0.0
linear_low_confounding,linear,71,aipw,0.9893529832967589,0.034383474969782384,0.9219613723559854,1.0567445942375324,1.0,0.9826904831513886,0.50825,0.16203029752493978,0.8634828273163931,0.0
linear_low_confounding,linear,72,difference-in-means,1.5783038128019293,0.051065554993459994,1.4782153250147478,1.6783923005891108,1.0,0.9990749614355009,0.49325,0.12530392640994278,0.8606240625527618,0.0
linear_low_confounding,linear,72,outcome-regression,1.014411832439695,0.010759355459882212,0.9933234957383258,1.0355001691410641,1.0,0.9990749614355009,0.49325,0.12530392640994278,0.8606240625527618,0.0
linear_low_confounding,linear,72,ipw,1.0108330132927998,0.054935671368637196,0.9031590974102709,1.1185069291753287,1.0,0.9990749614355009,0.49325,0.12530392640994278,0.8606240625527618,0.0
linear_low_confounding,linear,72,aipw,1.0175653717686985,0.03511582944698129,0.9487383460526152,1.0863923974847818,1.0,0.9990749614355009,0.49325,0.12530392640994278,0.8606240625527618,0.0
linear_low_confounding,linear,73,difference-in-means,1.532259168774539,0.050474409046009756,1.43332932704436,1.6311890105047182,1.0,1.0055110549344808,0.50125,0.16610915903582174,0.8600868566207486,0.0
linear_low_confounding,linear,73,outcome-regression,0.9476548102664395,0.011116046680092025,0.9258673587734592,0.9694422617594198,1.0,1.0055110549344808,0.50125,0.16610915903582174,0.8600868566207486,0.0
linear_low_confounding,linear,73,ipw,0.9432407624916096,0.055291354340088396,0.8348697079850363,1.0516118169981827,1.0,1.0055110549344808,0.50125,0.16610915903582174,0.8600868566207486,0.0
linear_low_confounding,linear,73,aipw,0.9425394744460535,0.03437335393088011,0.8751677007415284,1.0099112481505785,1.0,1.0055110549344808,0.50125,0.16610915903582174,0.8600868566207486,0.0
linear_low_confounding,linear,74,difference-in-means,1.5695223618476541,0.051492983972174056,1.468596113262193,1.6704486104331153,1.0,1.0030424551066115,0.504,0.14427380359065511,0.8649594492046883,0.0
linear_low_confounding,linear,74,outcome-regression,0.9785051249721932,0.01154184450536781,0.9558831097416723,1.0011271402027142,1.0,1.0030424551066115,0.504,0.14427380359065511,0.8649594492046883,0.0
linear_low_confounding,linear,74,ipw,0.9829056929788615,0.05572113973354023,0.8736922591011227,1.0921191268566004,1.0,1.0030424551066115,0.504,0.14427380359065511,0.8649594492046883,0.0
linear_low_confounding,linear,74,aipw,0.9782217063684859,0.03524788045925613,0.909135860668344,1.047307552068628,1.0,1.0030424551066115,0.504,0.14427380359065511,0.8649594492046883,0.0
linear_low_confounding,linear,75,difference-in-means,1.54236167732659,0.050740928677703565,1.442909457118291,1.641813897534889,1.0,1.010355341198077,0.50625,0.159297014065932,0.8505049817291968,0.0
linear_low_confounding,linear,75,outcome-regression,1.0111215174550143,0.01164265584435194,0.9883019120000845,1.0339411229099442,1.0,1.010355341198077,0.50625,0.159297014065932,0.8505049817291968,0.0
linear_low_confounding,linear,75,ipw,1.0029310934837818,0.05557084211592987,0.8940122429365593,1.1118499440310043,1.0,1.010355341198077,0.50625,0.159297014065932,0.8505049817291968,0.0
linear_low_confounding,linear,75,aipw,1.0150019146398577,0.034794607990082195,0.9468044829792965,1.0831993463004188,1.0,1.010355341198077,0.50625,0.159297014065932,0.8505049817291968,0.0
linear_low_confounding,linear,76,difference-in-means,1.5783924780062994,0.05025471630287422,1.479893234052666,1.6768917219599329,1.0,0.9971978083284861,0.4995,0.1457103959403404,0.8419308879067934,0.0
linear_low_confounding,linear,76,outcome-regression,1.0151819607876278,0.010893986445751971,0.9938297473539539,1.0365341742213017,1.0,0.9971978083284861,0.4995,0.1457103959403404,0.8419308879067934,0.0
linear_low_confounding,linear,76,ipw,1.0243278852779452,0.053993787605762705,0.9185000615706502,1.13015570898524,1.0,0.9971978083284861,0.4995,0.1457103959403404,0.8419308879067934,0.0
linear_low_confounding,linear,76,aipw,1.0174144949730393,0.034376267581769065,0.9500370105127719,1.0847919794333065,1.0,0.9971978083284861,0.4995,0.1457103959403404,0.8419308879067934,0.0
linear_low_confounding,linear,77,difference-in-means,1.5453104188665023,0.05124176477032236,1.4448765599166706,1.645744277816334,1.0,0.9976651747764559,0.4995,0.1557156691505177,0.835874177250252,0.0
linear_low_confounding,linear,77,outcome-regression,0.976117879399409,0.0110631719958209,0.9544340622876,0.997801696511218,1.0,0.9976651747764559,0.4995,0.1557156691505177,0.835874177250252,0.0
linear_low_confounding,linear,77,ipw,0.9640852408547443,0.05592651287043479,0.8544692756286921,1.0737012060807964,1.0,0.9976651747764559,0.4995,0.1557156691505177,0.835874177250252,0.0
linear_low_confounding,linear,77,aipw,0.9744364877102651,0.034462277173068157,0.9068904244510516,1.0419825509694787,1.0,0.9976651747764559,0.4995,0.1557156691505177,0.835874177250252,0.0
linear_low_confounding,linear,78,difference-in-means,1.5873969634415985,0.049128923620665774,1.4911042731450936,1.6836896537381034,1.0,0.9789975679846126,0.499,0.08336442260349657,0.8574978609261446,0.0
linear_low_confounding,linear,78,outcome-regression,0.9940051551107881,0.010825313268817393,0.9727875411039061,1.0152227691176703,1.0,0.9789975679846126,0.499,0.08336442260349657,0.8574978609261446,0.0
linear_low_confounding,linear,78,ipw,0.9811390459852112,0.05611039246053135,0.8711626767625698,1.0911154152078526,1.0,0.9789975679846126,0.499,0.08336442260349657,0.8574978609261446,0.0
linear_low_confounding,linear,78,aipw,0.9898196328047758,0.03387738251235092,0.923419963080568,1.0562193025289837,1.0,0.9789975679846126,0.499,0.08336442260349657,0.8574978609261446,0.0
linear_low_confounding,linear,79,difference-in-means,1.5841114481759018,0.05037699248500109,1.4853725429052997,1.6828503534465038,1.0,0.9819776678615875,0.49675,0.07918771805315725,0.8679823228066312,0.0
linear_low_confounding,linear,79,outcome-regression,1.0002248538180383,0.010925688716268466,0.978810503934152,1.0216392037019244,1.0,0.9819776678615875,0.49675,0.07918771805315725,0.8679823228066312,0.0
linear_low_confounding,linear,79,ipw,0.9954835389493375,0.05481357720315237,0.8880489276311588,1.102918150267516,1.0,0.9819776678615875,0.49675,0.07918771805315725,0.8679823228066312,0.0
linear_low_confounding,linear,79,aipw,0.998911059291209,0.03426594710087149,0.931749802973501,1.0660723156089171,1.0,0.9819776678615875,0.49675,0.07918771805315725,0.8679823228066312,0.0
linear_low_confounding,linear,80,difference-in-means,1.612743021898299,0.0520834150728152,1.5106595283555813,1.7148265154410167,1.0,1.014724716291344,0.49375,0.0895695563479868,0.938248110820869,0.0
linear_low_confounding,linear,80,outcome-regression,1.0152136567456482,0.011491830621048629,0.9926896687283929,1.0377376447629036,1.0,1.014724716291344,0.49375,0.0895695563479868,0.938248110820869,0.0
linear_low_confounding,linear,80,ipw,1.012349618133432,0.05650689057479716,0.9015961126068295,1.1231031236600344,1.0,1.014724716291344,0.49375,0.0895695563479868,0.938248110820869,0.0
linear_low_confounding,linear,80,aipw,1.01723598467153,0.03463682930878215,0.949347799226317,1.085124170116743,1.0,1.014724716291344,0.49375,0.0895695563479868,0.938248110820869,0.0
linear_low_confounding,linear,81,difference-in-means,1.6356969586543448,0.05188861313036991,1.5339952769188199,1.7373986403898698,1.0,1.0041826220666077,0.47825,0.15638532210155137,0.8436177216399093,0.0
linear_low_confounding,linear,81,outcome-regression,1.0332934208338724,0.011967515152627844,1.0098370911347219,1.056749750533023,1.0,1.0041826220666077,0.47825,0.15638532210155137,0.8436177216399093,0.0
linear_low_confounding,linear,81,ipw,1.0236666434677393,0.05683658532726375,0.9122669362263023,1.1350663507091763,1.0,1.0041826220666077,0.47825,0.15638532210155137,0.8436177216399093,0.0
linear_low_confounding,linear,81,aipw,1.0328573777111534,0.03487708487192593,0.9644982913621786,1.1012164640601283,1.0,1.0041826220666077,0.47825,0.15638532210155137,0.8436177216399093,0.0
linear_low_confounding,linear,82,difference-in-means,1.6374581835615487,0.05160901256753831,1.5363045189291735,1.738611848193924,1.0,1.0094872318711952,0.50175,0.09846910889866735,0.8796731628313588,0.0
linear_low_confounding,linear,82,outcome-regression,1.01396167037874,0.010750627863297278,0.9928904397666773,1.0350329009908026,1.0,1.0094872318711952,0.50175,0.09846910889866735,0.8796731628313588,0.0
linear_low_confounding,linear,82,ipw,0.9889838542423735,0.060762604008608376,0.8698891503855011,1.1080785580992458,1.0,1.0094872318711952,0.50175,0.09846910889866735,0.8796731628313588,0.0
linear_low_confounding,linear,82,aipw,1.0040202768569657,0.03606340020861157,0.9333360124480871,1.0747045412658445,1.0,1.0094872318711952,0.50175,0.09846910889866735,0.8796731628313588,0.0
linear_low_confounding,linear,83,difference-in-means,1.671418687479976,0.05183157288524248,1.5698288046249007,1.773008570335051,1.0,0.9922191739580339,0.50525,0.1265114025448554,0.9021826156364471,0.0
linear_low_confounding,linear,83,outcome-regression,1.019539370460046,0.01113878459154337,0.9977073526606209,1.0413713882594708,1.0,0.9922191739580339,0.50525,0.1265114025448554,0.9021826156364471,0.0
linear_low_confounding,linear,83,ipw,1.0144392325655411,0.05832314178689307,0.9001258746632307,1.1287525904678515,1.0,0.9922191739580339,0.50525,0.1265114025448554,0.9021826156364471,0.0
linear_low_confounding,linear,83,aipw,1.0151939710480438,0.03587502420072546,0.9448789236146219,1.0855090184814657,1.0,0.9922191739580339,0.50525,0.1265114025448554,0.9021826156364471,0.0
linear_low_confounding,linear,84,difference-in-means,1.5811336835996008,0.0503830876542367,1.482382831797297,1.6798845354019047,1.0,1.016159552796883,0.499,0.1176226341322746,0.8699275304083894,0.0
linear_low_confounding,linear,84,outcome-regression,1.050773623505068,0.011415031000803214,1.0284001627434938,1.0731470842666422,1.0,1.016159552796883,0.499,0.1176226341322746,0.8699275304083894,0.0
linear_low_confounding,linear,84,ipw,1.0454076687713358,0.05484718531217196,0.9379071855594788,1.152908151983193,1.0,1.016159552796883,0.499,0.1176226341322746,0.8699275304083894,0.0
linear_low_confounding,linear,84,aipw,1.0509611634467937,0.034073550819554814,0.9841770038404662,1.1177453230531211,1.0,1.016159552796883,0.499,0.1176226341322746,0.8699275304083894,0.0
linear_low_confounding,linear,85,difference-in-means,1.6392046749194205,0.05176696465170686,1.537741424202075,1.7406679256367659,1.0,1.0128991814507873,0.494,0.12356186414899004,0.8541390810351971,0.0
linear_low_confounding,linear,85,outcome-regression,1.0769716826179097,0.01112986438155512,1.0551571484300617,1.0987862168057576,1.0,1.0128991814507873,0.494,0.12356186414899004,0.8541390810351971,0.0
linear_low_confounding,linear,85,ipw,1.0806643226159889,0.05513400275425225,0.9726016772176544,1.1887269680143233,1.0,1.0128991814507873,0.494,0.12356186414899004,0.8541390810351971,0.0
linear_low_confounding,linear,85,aipw,1.0831571367311081,0.034637898194381116,1.0152668562701213,1.151047417192095,1.0,1.0128991814507873,0.494,0.12356186414899004,0.8541390810351971,0.0
linear_low_confounding,linear,86,difference-in-means,1.6288542456160864,0.05172732255446149,1.5274686934093418,1.730239797822831,1.0,1.0102202243455267,0.503,0.13457257358668173,0.8381351011432058,0.0
linear_low_confounding,linear,86,outcome-regression,1.0628778222029192,0.011293939928911008,1.0407416999422536,1.0850139444635847,1.0,1.0102202243455267,0.503,0.13457257358668173,0.8381351011432058,0.0
linear_low_confounding,linear,86,ipw,1.054791393209308,0.056453098020020104,0.9441433210900686,1.1654394653285474,1.0,1.0102202243455267,0.503,0.13457257358668173,0.8381351011432058,0.0
linear_low_confounding,linear,86,aipw,1.0584567995941612,0.03453361829724737,0.9907709077315563,1.126142691456766,1.0,1.0102202243455267,0.503,0.13457257358668173,0.8381351011432058,0.0
linear_low_confounding,linear,87,difference-in-means,1.4746304199438065,0.05065723100017018,1.3753422471834729,1.5739185927041401,1.0,1.0074043103609336,0.5205,0.1898068597791318,0.8590990230829049,0.0
linear_low_confounding,linear,87,outcome-regression,0.9360426566914979,0.010990823138646324,0.9145006433397511,0.9575846700432447,1.0,1.0074043103609336,0.5205,0.1898068597791318,0.8590990230829049,0.0
linear_low_confounding,linear,87,ipw,0.9291933199103578,0.0552539640730142,0.8208955503272499,1.0374910894934657,1.0,1.0074043103609336,0.5205,0.1898068597791318,0.8590990230829049,0.0
linear_low_confounding,linear,87,aipw,0.934531686404866,0.03427758415268937,0.8673476214655947,1.001715751344137,1.0,1.0074043103609336,0.5205,0.1898068597791318,0.8590990230829049,0.0
linear_low_confounding,linear,88,difference-in-means,1.6538448447642624,0.05031841782528055,1.5552207458267124,1.7524689437018124,1.0,1.0051310769415085,0.5,0.1483021548176857,0.8487453071031947,0.0
linear_low_confounding,linear,88,outcome-regression,1.0204242019487528,0.01068507058780481,0.9994814635966554,1.0413669403008503,1.0,1.0051310769415085,0.5,0.1483021548176857,0.8487453071031947,0.0
linear_low_confounding,linear,88,ipw,1.017799026891276,0.05598440370270366,0.9080695956339768,1.1275284581485752,1.0,1.0051310769415085,0.5,0.1483021548176857,0.8487453071031947,0.0
linear_low_confounding,linear,88,aipw,1.0156878109984389,0.034250741188790505,0.9485563582684094,1.0828192637284682,1.0,1.0051310769415085,0.5,0.1483021548176857,0.8487453071031947,0.0
linear_low_confounding,linear,89,difference-in-means,1.568914518376061,0.04939622390735308,1.4720979195176491,1.665731117234473,1.0,0.9968092231456265,0.51425,0.08003521591836091,0.8732321938111226,0.0
linear_low_confounding,linear,89,outcome-regression,1.0363763027267263,0.010965478825530046,1.0148839642286873,1.0578686412247653,1.0,0.9968092231456265,0.51425,0.08003521591836091,0.8732321938111226,0.0
linear_low_confounding,linear,89,ipw,1.0301491636263027,0.053238364989543575,0.9258019682467973,1.1344963590058081,1.0,0.9968092231456265,0.51425,0.08003521591836091,0.8732321938111226,0.0
linear_low_confounding,linear,89,aipw,1.0362096789018633,0.03367972583894447,0.9701974162575322,1.1022219415461945,1.0,0.9968092231456265,0.51425,0.08003521591836091,0.8732321938111226,0.0
linear_low_confounding,linear,90,difference-in-means,1.5276341384752838,0.05108428757208912,1.427508934833989,1.6277593421165786,1.0,0.9933369171461589,0.499,0.14468972457233314,0.8385049132832408,0.0
linear_low_confounding,linear,90,outcome-regression,1.0000390617790171,0.011338568429083143,0.9778154676580142,1.02226265590002,1.0,0.9933369171461589,0.499,0.14468972457233314,0.8385049132832408,0.0
linear_low_confounding,linear,90,ipw,0.9985038970796516,0.05474771431816449,0.8911983770160492,1.105809417143254,1.0,0.9933369171461589,0.499,0.14468972457233314,0.8385049132832408,0.0
linear_low_confounding,linear,90,aipw,0.9988711152600834,0.03470479757225261,0.9308497120184683,1.0668925185016986,1.0,0.9933369171461589,0.499,0.14468972457233314,0.8385049132832408,0.0
linear_low_confounding,linear,91,difference-in-means,1.5687653704065494,0.05035171491485112,1.4700760091734413,1.6674547316396575,1.0,1.0024538095671276,0.5015,0.1225971916406218,0.8605645540260887,0.0
linear_low_confounding,linear,91,outcome-regression,0.9978568793896819,0.01085910703521925,0.9765730296006522,1.0191407291787116,1.0,1.0024538095671276,0.5015,0.1225971916406218,0.8605645540260887,0.0
linear_low_confounding,linear,91,ipw,1.0012580080244973,0.05460259140955614,0.8942369288617672,1.1082790871872272,1.0,1.0024538095671276,0.5015,0.1225971916406218,0.8605645540260887,0.0
linear_low_confounding,linear,91,aipw,1.0015213678047379,0.03468849156132954,0.933531924344532,1.0695108112649439,1.0,1.0024538095671276,0.5015,0.1225971916406218,0.8605645540260887,0.0
linear_low_confounding,linear,92,difference-in-means,1.6993221057353787,0.050250731019607364,1.6008306729369481,1.7978135385338092,1.0,1.0171809040387971,0.51025,0.10233418943721617,0.9194490727314264,0.0
linear_low_confounding,linear,92,outcome-regression,1.0778544165899147,0.011603368307073378,1.055111814708051,1.1005970184717784,1.0,1.0171809040387971,0.51025,0.10233418943721617,0.9194490727314264,0.0
linear_low_confounding,linear,92,ipw,1.0763359341147263,0.05596127646916125,0.9666518322351703,1.1860200359942823,1.0,1.0171809040387971,0.51025,0.10233418943721617,0.9194490727314264,0.0
linear_low_confounding,linear,92,aipw,1.0735293340273688,0.03490334890836572,1.005118770166972,1.1419398978877657,1.0,1.0171809040387971,0.51025,0.10233418943721617,0.9194490727314264,0.0
linear_low_confounding,linear,93,difference-in-means,1.590670353320989,0.05027367744033186,1.4921339455379385,1.6892067611040393,1.0,0.9941291133108054,0.504,0.12710724422948882,0.86453181585858,0.0
linear_low_confounding,linear,93,outcome-regression,1.0000524933056887,0.011149553693776668,0.9781993680658864,1.021905618545491,1.0,0.9941291133108054,0.504,0.12710724422948882,0.86453181585858,0.0
linear_low_confounding,linear,93,ipw,0.9983582459919623,0.05599763383719157,0.8886028836710669,1.1081136083128578,1.0,0.9941291133108054,0.504,0.12710724422948882,0.86453181585858,0.0
linear_low_confounding,linear,93,aipw,0.9991444070384156,0.03491780540957239,0.9307055084356537,1.0675833056411774,1.0,0.9941291133108054,0.504,0.12710724422948882,0.86453181585858,0.0
linear_low_confounding,linear,94,difference-in-means,1.560546124870558,0.0509445233200376,1.4606948591632845,1.6603973905778318,1.0,0.9891356133095239,0.496,0.13990227679716674,0.8839420021918536,0.0
linear_low_confounding,linear,94,outcome-regression,1.0227087874164618,0.011501248188197036,1.0001663409675956,1.045251233865328,1.0,0.9891356133095239,0.496,0.13990227679716674,0.8839420021918536,0.0
linear_low_confounding,linear,94,ipw,1.0212672756537078,0.05487559459459298,0.9137111102483055,1.12882344105911,1.0,0.9891356133095239,0.496,0.13990227679716674,0.8839420021918536,0.0
linear_low_confounding,linear,94,aipw,1.018187408883711,0.03502148618260778,0.9495452959657998,1.0868295218016224,1.0,0.9891356133095239,0.496,0.13990227679716674,0.8839420021918536,0.0
linear_low_confounding,linear,95,difference-in-means,1.5937886204924168,0.05120639864517859,1.4934240791478668,1.6941531618369667,1.0,1.0204302193564547,0.49975,0.1218852827276952,0.8572693167099241,0.0
linear_low_confounding,linear,95,outcome-regression,1.0334321170319993,0.012640504569418799,1.0086567280759384,1.0582075059880602,1.0,1.0204302193564547,0.49975,0.1218852827276952,0.8572693167099241,0.0
linear_low_confounding,linear,95,ipw,1.039187737602999,0.055372465036737845,0.9306577061309929,1.1477177690750051,1.0,1.0204302193564547,0.49975,0.1218852827276952,0.8572693167099241,0.0
linear_low_confounding,linear,95,aipw,1.03556201804371,0.03607610585699971,0.9648528505639905,1.1062711855234293,1.0,1.0204302193564547,0.49975,0.1218852827276952,0.8572693167099241,0.0
linear_low_confounding,linear,96,difference-in-means,1.5831203739045592,0.0508117656319568,1.4835293132659237,1.6827114345431946,1.0,0.9860095791313174,0.49825,0.12902972206379693,0.9016357599280349,0.0
linear_low_confounding,linear,96,outcome-regression,0.992833025401413,0.010746472776556442,0.9717699387593625,1.0138961120434637,1.0,0.9860095791313174,0.49825,0.12902972206379693,0.9016357599280349,0.0
linear_low_confounding,linear,96,ipw,0.984528988571283,0.05693623742331479,0.872933963221586,1.09612401392098,1.0,0.9860095791313174,0.49825,0.12902972206379693,0.9016357599280349,0.0
linear_low_confounding,linear,96,aipw,0.9906461900872322,0.03536715879324868,0.9213265588524648,1.0599658213219996,1.0,0.9860095791313174,0.49825,0.12902972206379693,0.9016357599280349,0.0
linear_low_confounding,linear,97,difference-in-means,1.6365861722725774,0.0508346977408079,1.5369501647005939,1.736222179844561,1.0,0.9980051849642069,0.50375,0.13163154385966364,0.8997045772103173,0.0
linear_low_confounding,linear,97,outcome-regression,1.04352575692025,0.011065295970418906,1.021837776818229,1.0652137370222712,1.0,0.9980051849642069,0.50375,0.13163154385966364,0.8997045772103173,0.0
linear_low_confounding,linear,97,ipw,1.0203591319612142,0.05698916493130404,0.9086603686958583,1.13205789522657,1.0,0.9980051849642069,0.50375,0.13163154385966364,0.8997045772103173,0.0
linear_low_confounding,linear,97,aipw,1.0423041460099698,0.03532052366037901,0.9730759196356269,1.1115323723843127,1.0,0.9980051849642069,0.50375,0.13163154385966364,0.8997045772103173,0.0
linear_low_confounding,linear,98,difference-in-means,1.5830659872468844,0.051417655929028104,1.4822873816259894,1.6838445928677794,1.0,0.9994821628245187,0.51125,0.10764252971690352,0.8969533918509798,0.0
linear_low_confounding,linear,98,outcome-regression,0.9301270704326748,0.010751655925721852,0.90905382481826,0.9512003160470897,1.0,0.9994821628245187,0.51125,0.10764252971690352,0.8969533918509798,0.0
linear_low_confounding,linear,98,ipw,0.9219794076752126,0.05892097195846663,0.806494302636618,1.0374645127138071,1.0,0.9994821628245187,0.51125,0.10764252971690352,0.8969533918509798,0.0
linear_low_confounding,linear,98,aipw,0.9209355392833358,0.035072351590303565,0.8521937301663408,0.9896773484003308,1.0,0.9994821628245187,0.51125,0.10764252971690352,0.8969533918509798,0.0
linear_low_confounding,linear,99,difference-in-means,1.5560589323183793,0.05077772813354962,1.456534585176622,1.6555832794601366,1.0,0.9925114528351103,0.5055,0.1259443953372628,0.8632588428616061,0.0
linear_low_confounding,linear,99,outcome-regression,0.9737860094277375,0.011566373874101607,0.9511159166344983,0.9964561022209767,1.0,0.9925114528351103,0.5055,0.1259443953372628,0.8632588428616061,0.0
linear_low_confounding,linear,99,ipw,0.9763581239213636,0.05430510439744651,0.8699201193023685,1.0827961285403587,1.0,0.9925114528351103,0.5055,0.1259443953372628,0.8632588428616061,0.0
linear_low_confounding,linear,99,aipw,0.9757623233720057,0.0343592907506789,0.9084181135006751,1.0431065332433365,1.0,0.9925114528351103,0.5055,0.1259443953372628,0.8632588428616061,0.0
linear_moderate_confounding,linear,0,difference-in-means,2.048967255106868,0.04871917150892054,1.9534776789493835,2.144456831264352,1.0,0.9972506372193501,0.5005,0.017656227207111422,0.9887179517713627,0.0
linear_moderate_confounding,linear,0,outcome-regression,0.9909546532213785,0.010513737471130047,0.9703477277779636,1.0115615786647933,1.0,0.9972506372193501,0.5005,0.017656227207111422,0.9887179517713627,0.0
linear_moderate_confounding,linear,0,ipw,0.9638352952581295,0.07171457245798053,0.8232747332404877,1.1043958572757713,1.0,0.9972506372193501,0.5005,0.017656227207111422,0.9887179517713627,0.0
linear_moderate_confounding,linear,0,aipw,0.9711524100899237,0.03807910274174831,0.896517368716097,1.0457874514637504,1.0,0.9972506372193501,0.5005,0.017656227207111422,0.9887179517713627,0.0
linear_moderate_confounding,linear,1,difference-in-means,1.9699168694379885,0.04830046505364347,1.8752479579328474,2.06458578094313,1.0,0.9664395959324084,0.49625,0.03164837925954429,0.9734090528382172,0.0
linear_moderate_confounding,linear,1,outcome-regression,0.9554269593514852,0.011250934842548577,0.9333751270600901,0.9774787916428804,1.0,0.9664395959324084,0.49625,0.03164837925954429,0.9734090528382172,0.0
linear_moderate_confounding,linear,1,ipw,0.9990665018535445,0.06416451770635813,0.8733040471490826,1.1248289565580065,1.0,0.9664395959324084,0.49625,0.03164837925954429,0.9734090528382172,0.0
linear_moderate_confounding,linear,1,aipw,0.9711771674583048,0.038344473571009084,0.8960219992591271,1.0463323356574827,1.0,0.9664395959324084,0.49625,0.03164837925954429,0.9734090528382172,0.0
linear_moderate_confounding,linear,2,difference-in-means,2.0117595378656086,0.049686678759479505,1.9143736474970288,2.1091454282341884,1.0,1.012029879596719,0.508,0.0165297442021481,0.9643086600866041,0.0
linear_moderate_confounding,linear,2,outcome-regression,1.0096888933957133,0.011973171547228458,0.9862214771631456,1.0331563096282812,1.0,1.012029879596719,0.508,0.0165297442021481,0.9643086600866041,0.0
linear_moderate_confounding,linear,2,ipw,0.9789028494400235,0.07038945237799087,0.8409395227791614,1.1168661761008856,1.0,1.012029879596719,0.508,0.0165297442021481,0.9643086600866041,0.0
linear_moderate_confounding,linear,2,aipw,1.0124030001694955,0.03771689105825001,0.9384778936953254,1.0863281066436654,1.0,1.012029879596719,0.508,0.0165297442021481,0.9643086600866041,0.0
linear_moderate_confounding,linear,3,difference-in-means,1.958192453130926,0.04861459221990748,1.8629078523799074,2.0534770538819447,1.0,1.0123772091166827,0.4885,0.02690221257271941,0.9840021770465123,0.0
linear_moderate_confounding,linear,3,outcome-regression,1.0006674524258887,0.011527482754595374,0.9780735862268818,1.0232613186248956,1.0,1.0123772091166827,0.4885,0.02690221257271941,0.9840021770465123,0.0
linear_moderate_confounding,linear,3,ipw,0.9696889687402814,0.06667062873945394,0.8390145364109517,1.100363401069611,1.0,1.0123772091166827,0.4885,0.02690221257271941,0.9840021770465123,0.0
linear_moderate_confounding,linear,3,aipw,1.0037920803276124,0.04043829892608793,0.92453301443248,1.0830511462227448,1.0,1.0123772091166827,0.4885,0.02690221257271941,0.9840021770465123,0.0
linear_moderate_confounding,linear,4,difference-in-means,1.979507511010421,0.05045508431035726,1.8806155457621208,2.078399476258721,1.0,0.9963926652213876,0.51525,0.0354703744324505,0.9740255171705214,0.0
linear_moderate_confounding,linear,4,outcome-regression,0.9944899572699808,0.011536816935474129,0.9718777960764515,1.01710211846351,1.0,0.9963926652213876,0.51525,0.0354703744324505,0.9740255171705214,0.0
linear_moderate_confounding,linear,4,ipw,1.0226649284624314,0.06440640223612343,0.8964283800796295,1.1489014768452332,1.0,0.9963926652213876,0.51525,0.0354703744324505,0.9740255171705214,0.0
linear_moderate_confounding,linear,4,aipw,1.0207847046892418,0.03919455430772081,0.943963378246109,1.0976060311323745,1.0,0.9963926652213876,0.51525,0.0354703744324505,0.9740255171705214,0.0
linear_moderate_confounding,linear,5,difference-in-means,2.0675073082771998,0.04878244328211261,1.971893719444259,2.1631208971101406,1.0,0.9892717525605658,0.50425,0.015219201393908055,0.9756424753522622,0.0
linear_moderate_confounding,linear,5,outcome-regression,1.0467056573964646,0.0118209290883326,1.0235366363833327,1.0698746784095965,1.0,0.9892717525605658,0.50425,0.015219201393908055,0.9756424753522622,0.0
linear_moderate_confounding,linear,5,ipw,1.0363478523796885,0.06775430894048252,0.9035494068563428,1.1691462979030343,1.0,0.9892717525605658,0.50425,0.015219201393908055,0.9756424753522622,0.0
linear_moderate_confounding,linear,5,aipw,1.0307878590485906,0.03790160982259731,0.9565007037962998,1.1050750143008814,1.0,0.9892717525605658,0.50425,0.015219201393908055,0.9756424753522622,0.0
linear_moderate_confounding,linear,6,difference-in-means,2.0389899563120295,0.04926756617646203,1.9424255266061639,2.135554386017895,1.0,0.9973975001548524,0.496,0.01,0.9680717648661781,0.00025
linear_moderate_confounding,linear,6,outcome-regression,0.9814678151699865,0.011993725853838903,0.9579601124964623,1.0049755178435107,1.0,0.9973975001548524,0.496,0.01,0.9680717648661781,0.00025
linear_moderate_confounding,linear,6,ipw,0.9715827237602358,0.07203715018759581,0.830389909392548,1.1127755381279236,1.0,0.9973975001548524,0.496,0.01,0.9680717648661781,0.00025
linear_moderate_confounding,linear,6,aipw,0.9788914406886902,0.037732947383635404,0.9049348638167648,1.0528480175606156,1.0,0.9973975001548524,0.496,0.01,0.9680717648661781,0.00025
linear_moderate_confounding,linear,7,difference-in-means,2.022466165308705,0.04892215893073631,1.926578733804462,2.1183535968129483,1.0,0.9924406130423729,0.4925,0.021415235170902557,0.9783189197854282,0.0
linear_moderate_confounding,linear,7,outcome-regression,0.9783758829856017,0.010934618023424153,0.9569440316596904,0.999807734311513,1.0,0.9924406130423729,0.4925,0.021415235170902557,0.9783189197854282,0.0
linear_moderate_confounding,linear,7,ipw,0.9726066586759303,0.06953557399692152,0.8363169336419641,1.1088963837098964,1.0,0.9924406130423729,0.4925,0.021415235170902557,0.9783189197854282,0.0
linear_moderate_confounding,linear,7,aipw,0.9710875080657788,0.0394185084620741,0.8938272314801136,1.048347784651444,1.0,0.9924406130423729,0.4925,0.021415235170902557,0.9783189197854282,0.0
linear_moderate_confounding,linear,8,difference-in-means,1.9482122221281997,0.04971784901475088,1.8507652380592878,2.0456592061971115,1.0,1.0104501641417873,0.493,0.01,0.9756564112922119,0.00025
linear_moderate_confounding,linear,8,outcome-regression,0.9762895140321044,0.011377654094792244,0.9539893120063117,0.9985897160578971,1.0,1.0104501641417873,0.493,0.01,0.9756564112922119,0.00025
linear_moderate_confounding,linear,8,ipw,1.0037105726017101,0.06439221400142446,0.8775018331589182,1.1299193120445021,1.0,1.0104501641417873,0.493,0.01,0.9756564112922119,0.00025
linear_moderate_confounding,linear,8,aipw,0.9767908081032974,0.03812777633749657,0.9020603664818042,1.0515212497247908,1.0,1.0104501641417873,0.493,0.01,0.9756564112922119,0.00025
linear_moderate_confounding,linear,9,difference-in-means,1.9885545306358539,0.048687925305884554,1.8931261970363202,2.0839828642353875,1.0,0.9937818719901618,0.50425,0.03364410397606243,0.9715105251885648,0.0
linear_moderate_confounding,linear,9,outcome-regression,0.9814548881152553,0.010926865369863847,0.9600382319903221,1.0028715442401883,1.0,0.9937818719901618,0.50425,0.03364410397606243,0.9715105251885648,0.0
linear_moderate_confounding,linear,9,ipw,0.9330182604388337,0.06890509722000175,0.7979642698876304,1.068072250990037,1.0,0.9937818719901618,0.50425,0.03364410397606243,0.9715105251885648,0.0
linear_moderate_confounding,linear,9,aipw,0.973527050223569,0.036889926137212065,0.9012227949946333,1.0458313054525046,1.0,0.9937818719901618,0.50425,0.03364410397606243,0.9715105251885648,0.0
linear_moderate_confounding,linear,10,difference-in-means,1.880077236754739,0.04870304882910406,1.784619261049695,1.975535212459783,1.0,0.9936334618302427,0.4975,0.026630693148289156,0.9580541131454864,0.0
linear_moderate_confounding,linear,10,outcome-regression,0.977676177379327,0.010819826140918332,0.9564693181431271,0.9988830366155269,1.0,0.9936334618302427,0.4975,0.026630693148289156,0.9580541131454864,0.0
linear_moderate_confounding,linear,10,ipw,0.9467386159061786,0.0683765251598545,0.8127206265928637,1.0807566052194935,1.0,0.9936334618302427,0.4975,0.026630693148289156,0.9580541131454864,0.0
linear_moderate_confounding,linear,10,aipw,0.9695840079232834,0.03659037726285056,0.8978668684880963,1.0413011473584706,1.0,0.9936334618302427,0.4975,0.026630693148289156,0.9580541131454864,0.0
linear_moderate_confounding,linear,11,difference-in-means,2.1279410347234173,0.04871464034351302,2.032460339650132,2.2234217297967027,1.0,0.9940986521526687,0.50075,0.026878198818831658,0.9766175778859292,0.0
linear_moderate_confounding,linear,11,outcome-regression,1.0438960733211469,0.01097631716844231,1.022382491671,1.0654096549712937,1.0,0.9940986521526687,0.50075,0.026878198818831658,0.9766175778859292,0.0
linear_moderate_confounding,linear,11,ipw,1.0331207606108002,0.0749104151894223,0.8862963468395324,1.179945174382068,1.0,0.9940986521526687,0.50075,0.026878198818831658,0.9766175778859292,0.0
linear_moderate_confounding,linear,11,aipw,1.0424750536266596,0.041277193653318264,0.9615717540661558,1.1233783531871633,1.0,0.9940986521526687,0.50075,0.026878198818831658,0.9766175778859292,0.0
linear_moderate_confounding,linear,12,difference-in-means,2.0744212033522658,0.05035671893213881,1.9757220342452737,2.173120372459258,1.0,1.0268194934658863,0.5115,0.030559253807289976,0.9787353971098864,0.0
linear_moderate_confounding,linear,12,outcome-regression,1.04520737795358,0.010914846481943892,1.02381427884897,1.06660047705819,1.0,1.0268194934658863,0.5115,0.030559253807289976,0.9787353971098864,0.0
linear_moderate_confounding,linear,12,ipw,1.0542177555893464,0.06735866607318512,0.9221947700859036,1.186240741092789,1.0,1.0268194934658863,0.5115,0.030559253807289976,0.9787353971098864,0.0
linear_moderate_confounding,linear,12,aipw,1.0349474563647372,0.0382282452952916,0.9600200955859657,1.1098748171435087,1.0,1.0268194934658863,0.5115,0.030559253807289976,0.9787353971098864,0.0
linear_moderate_confounding,linear,13,difference-in-means,2.069403090993776,0.0498877037387962,1.9716231916657354,2.1671829903218165,1.0,1.0098517452612052,0.5055,0.022313607236194667,0.9748866295280375,0.0
linear_moderate_confounding,linear,13,outcome-regression,1.0244177868663347,0.011593944098014421,1.0016936564342265,1.0471419172984429,1.0,1.0098517452612052,0.5055,0.022313607236194667,0.9748866295280375,0.0
linear_moderate_confounding,linear,13,ipw,0.9720309254894381,0.07543944914376875,0.8241696051676514,1.1198922458112248,1.0,1.0098517452612052,0.5055,0.022313607236194667,0.9748866295280375,0.0
linear_moderate_confounding,linear,13,aipw,1.004396814836642,0.03728138201347921,0.9313253060902228,1.0774683235830613,1.0,1.0098517452612052,0.5055,0.022313607236194667,0.9748866295280375,0.0
linear_moderate_confounding,linear,14,difference-in-means,2.0075335751769163,0.04850475681785738,1.9124642518139159,2.1026028985399168,1.0,1.0198127970320667,0.509,0.031601216924239804,0.9798921766811374,0.0
linear_moderate_confounding,linear,14,outcome-regression,1.0387979799952076,0.010690031652356663,1.0178455179565886,1.0597504420338266,1.0,1.0198127970320667,0.509,0.031601216924239804,0.9798921766811374,0.0
linear_moderate_confounding,linear,14,ipw,0.9829975026796535,0.07543577706453747,0.83514337963316,1.130851625726147,1.0,1.0198127970320667,0.509,0.031601216924239804,0.9798921766811374,0.0
linear_moderate_confounding,linear,14,aipw,1.0413648103744744,0.04013345231793317,0.9627032438313253,1.1200263769176233,1.0,1.0198127970320667,0.509,0.031601216924239804,0.9798921766811374,0.0
linear_moderate_confounding,linear,15,difference-in-means,1.9614928791756467,0.049704620991924575,1.8640718220314745,2.058913936319819,1.0,1.0082381301699959,0.50175,0.035722772485535424,0.9802955007498064,0.0
linear_moderate_confounding,linear,15,outcome-regression,0.9640530836146851,0.011222167795314377,0.9420576347358689,0.9860485324935013,1.0,1.0082381301699959,0.50175,0.035722772485535424,0.9802955007498064,0.0
linear_moderate_confounding,linear,15,ipw,0.9315733679078848,0.07426163087627242,0.7860205713903908,1.0771261644253787,1.0,1.0082381301699959,0.50175,0.035722772485535424,0.9802955007498064,0.0
linear_moderate_confounding,linear,15,aipw,0.9647390065188142,0.03780230022223743,0.8906464980832288,1.0388315149543996,1.0,1.0082381301699959,0.50175,0.035722772485535424,0.9802955007498064,0.0
linear_moderate_confounding,linear,16,difference-in-means,1.968953005635023,0.048911188122893856,1.873087076914151,2.064818934355895,1.0,1.0182879148631516,0.51075,0.034149638206917354,0.9620776166371564,0.0
linear_moderate_confounding,linear,16,outcome-regression,0.9899880437383294,0.010948724134716696,0.9685285444342847,1.0114475430423742,1.0,1.0182879148631516,0.51075,0.034149638206917354,0.9620776166371564,0.0
linear_moderate_confounding,linear,16,ipw,0.9582630358571147,0.06918207914572519,0.8226661607314933,1.093859910982736,1.0,1.0182879148631516,0.51075,0.034149638206917354,0.9620776166371564,0.0
linear_moderate_confounding,linear,16,aipw,1.0042014791666043,0.03884934258871115,0.9280567676927305,1.080346190640478,1.0,1.0182879148631516,0.51075,0.034149638206917354,0.9620776166371564,0.0
linear_moderate_confounding,linear,17,difference-in-means,1.958626942262687,0.04902641784521941,1.862535163286057,2.054718721239317,1.0,1.004474647893656,0.51175,0.027022808752441573,0.9893673176976333,0.0
linear_moderate_confounding,linear,17,outcome-regression,0.9483168085040834,0.010258096579143183,0.9282109392089628,0.968422677799204,1.0,1.004474647893656,0.51175,0.027022808752441573,0.9893673176976333,0.0
linear_moderate_confounding,linear,17,ipw,0.9789429919672649,0.06412042155720497,0.8532669657151432,1.1046190182193867,1.0,1.004474647893656,0.51175,0.027022808752441573,0.9893673176976333,0.0
linear_moderate_confounding,linear,17,aipw,0.9484258127925016,0.03744389724808023,0.8750357741862643,1.0218158513987388,1.0,1.004474647893656,0.51175,0.027022808752441573,0.9893673176976333,0.0
linear_moderate_confounding,linear,18,difference-in-means,2.054841466225479,0.04913882931715128,1.9585293607638623,2.1511535716870953,1.0,0.9989268596807399,0.4935,0.015312108126076253,0.9775583992659342,0.0
linear_moderate_confounding,linear,18,outcome-regression,1.0234026738403654,0.010525429222838573,1.0027728325636018,1.044032515117129,1.0,0.9989268596807399,0.4935,0.015312108126076253,0.9775583992659342,0.0
linear_moderate_confounding,linear,18,ipw,1.0219694731650022,0.07305904845997495,0.8787737381834513,1.165165208146553,1.0,0.9989268596807399,0.4935,0.015312108126076253,0.9775583992659342,0.0
linear_moderate_confounding,linear,18,aipw,1.031466992275691,0.03967412058534243,0.9537057159284198,1.1092282686229622,1.0,0.9989268596807399,0.4935,0.015312108126076253,0.9775583992659342,0.0
linear_moderate_confounding,linear,19,difference-in-means,1.9980881786897002,0.04888821010932486,1.9022672868754236,2.093909070503977,1.0,0.9937085342950533,0.5005,0.016570873088703753,0.9725144089449386,0.0
linear_moderate_confounding,linear,19,outcome-regression,0.9424374636028947,0.01037369642694358,0.9221050186060853,0.9627699085997041,1.0,0.9937085342950533,0.5005,0.016570873088703753,0.9725144089449386,0.0
linear_moderate_confounding,linear,19,ipw,0.9643507491498683,0.06684783607073566,0.8333289904512264,1.0953725078485101,1.0,0.9937085342950533,0.5005,0.016570873088703753,0.9725144089449386,0.0
linear_moderate_confounding,linear,19,aipw,0.9249035978313637,0.038395728447449644,0.8496479700743623,1.000159225588365,1.0,0.9937085342950533,0.5005,0.016570873088703753,0.9725144089449386,0.0
linear_moderate_confounding,linear,20,difference-in-means,2.0629952328177033,0.049860473362144636,1.9652687050278999,2.160721760607507,1.0,0.9903578896561027,0.48825,0.03434766903472652,0.9774762911209574,0.0
linear_moderate_confounding,linear,20,outcome-regression,1.0080841802332257,0.011201952900029415,0.986128352549168,1.0300400079172833,1.0,0.9903578896561027,0.48825,0.03434766903472652,0.9774762911209574,0.0
linear_moderate_confounding,linear,20,ipw,1.0558313503213548,0.06641836262942673,0.9256513595676784,1.1860113410750313,1.0,0.9903578896561027,0.48825,0.03434766903472652,0.9774762911209574,0.0
linear_moderate_confounding,linear,20,aipw,1.0014227833971043,0.03869548295428969,0.9255796368066965,1.077265929987512,1.0,0.9903578896561027,0.48825,0.03434766903472652,0.9774762911209574,0.0
linear_moderate_confounding,linear,21,difference-in-means,2.060813669961103,0.04865868512422467,1.9654426471176227,2.1561846928045836,1.0,1.0194351158760802,0.497,0.01370237893485042,0.9747517108392888,0.0
linear_moderate_confounding,linear,21,outcome-regression,1.0615978942906614,0.010480214611188745,1.0410566736527316,1.0821391149285913,1.0,1.0194351158760802,0.497,0.01370237893485042,0.9747517108392888,0.0
linear_moderate_confounding,linear,21,ipw,1.0083351870631272,0.07028628875629685,0.8705740611007854,1.146096313025469,1.0,1.0194351158760802,0.497,0.01370237893485042,0.9747517108392888,0.0
linear_moderate_confounding,linear,21,aipw,1.048477868473623,0.03591719988885479,0.9780801566914675,1.1188755802557784,1.0,1.0194351158760802,0.497,0.01370237893485042,0.9747517108392888,0.0
linear_moderate_confounding,linear,22,difference-in-means,1.983905775921326,0.0487842969135988,1.8882885539706724,2.0795229978719796,1.0,1.0095360211518019,0.51575,0.02137214898424689,0.9766409183563965,0.0
linear_moderate_confounding,linear,22,outcome-regression,1.0257898120257556,0.0110559612870505,1.0041201279031367,1.0474594961483745,1.0,1.0095360211518019,0.51575,0.02137214898424689,0.9766409183563965,0.0
linear_moderate_confounding,linear,22,ipw,1.0583711728378866,0.06137551656253953,0.9380751603753091,1.178667185300464,1.0,1.0095360211518019,0.51575,0.02137214898424689,0.9766409183563965,0.0
linear_moderate_confounding,linear,22,aipw,1.0357564096667793,0.037598759042043746,0.9620628419443735,1.109449977389185,1.0,1.0095360211518019,0.51575,0.02137214898424689,0.9766409183563965,0.0
linear_moderate_confounding,linear,23,difference-in-means,2.0161224628691112,0.048873992520851214,1.920329437528243,2.1119154882099798,1.0,0.9985869737922344,0.49375,0.020885191578131772,0.9734392703902603,0.0
linear_moderate_confounding,linear,23,outcome-regression,0.9865862155489018,0.011431752991133134,0.9641799796862809,1.0089924514115227,1.0,0.9985869737922344,0.49375,0.020885191578131772,0.9734392703902603,0.0
linear_moderate_confounding,linear,23,ipw,0.9463671539061176,0.07479900898193856,0.799761096301518,1.0929732115107171,1.0,0.9985869737922344,0.49375,0.020885191578131772,0.9734392703902603,0.0
linear_moderate_confounding,linear,23,aipw,0.9688696518891329,0.03840917344995639,0.8935876719272183,1.0441516318510473,1.0,0.9985869737922344,0.49375,0.020885191578131772,0.9734392703902603,0.0
linear_moderate_confounding,linear,24,difference-in-means,2.0527639628232057,0.04918944127817972,1.9563526579179735,2.149175267728438,1.0,1.007892108106809,0.5075,0.02758664244095865,0.9719837881763782,0.0
linear_moderate_confounding,linear,24,outcome-regression,1.0289255616368231,0.0105364056350572,1.008274206592111,1.0495769166815352,1.0,1.007892108106809,0.5075,0.02758664244095865,0.9719837881763782,0.0
linear_moderate_confounding,linear,24,ipw,1.035053825550317,0.06749911051396705,0.9027555689429416,1.1673520821576924,1.0,1.007892108106809,0.5075,0.02758664244095865,0.9719837881763782,0.0
linear_moderate_confounding,linear,24,aipw,1.0263562190558515,0.03828865995633163,0.9513104455414415,1.1014019925702614,1.0,1.007892108106809,0.5075,0.02758664244095865,0.9719837881763782,0.0
linear_moderate_confounding,linear,25,difference-in-means,1.9836547558312558,0.04848261575824226,1.888628828945101,2.0786806827174105,1.0,0.9898219083260726,0.4985,0.011967569258926001,0.9769165705349976,0.0
linear_moderate_confounding,linear,25,outcome-regression,0.9963410004080161,0.010898475000041739,0.9749799894079343,1.017702011408098,1.0,0.9898219083260726,0.4985,0.011967569258926001,0.9769165705349976,0.0
linear_moderate_confounding,linear,25,ipw,1.042862699361488,0.06278493979956991,0.919804217354331,1.165921181368645,1.0,0.9898219083260726,0.4985,0.011967569258926001,0.9769165705349976,0.0
linear_moderate_confounding,linear,25,aipw,0.9928818516143435,0.0365713700325292,0.9212019663505863,1.0645617368781006,1.0,0.9898219083260726,0.4985,0.011967569258926001,0.9769165705349976,0.0
linear_moderate_confounding,linear,26,difference-in-means,1.997395851140601,0.05014187270371518,1.899117780641319,2.0956739216398828,1.0,1.0068855985763165,0.5065,0.024724637062765984,0.9634251406793096,0.0
linear_moderate_confounding,linear,26,outcome-regression,1.0156919059033302,0.011243254263530204,0.9936551275468111,1.0377286842598494,1.0,1.0068855985763165,0.5065,0.024724637062765984,0.9634251406793096,0.0
linear_moderate_confounding,linear,26,ipw,1.0592320963259607,0.062134009015364124,0.9374494386558471,1.1810147539960745,1.0,1.0068855985763165,0.5065,0.024724637062765984,0.9634251406793096,0.0
linear_moderate_confounding,linear,26,aipw,1.0199423514740045,0.03604869515509797,0.9492869089700124,1.0905977939779965,1.0,1.0068855985763165,0.5065,0.024724637062765984,0.9634251406793096,0.0
linear_moderate_confounding,linear,27,difference-in-means,2.0611034299301267,0.04993764822890824,1.9632256394014667,2.158981220458787,1.0,0.9999594774412089,0.5015,0.02075373630978055,0.977522849158518,0.0
linear_moderate_confounding,linear,27,outcome-regression,0.9988570026807098,0.010522045589224566,0.9782337933258296,1.01948021203559,1.0,0.9999594774412089,0.5015,0.02075373630978055,0.977522849158518,0.0
linear_moderate_confounding,linear,27,ipw,0.9782056630425104,0.07098985268007806,0.8390655517895574,1.1173457742954633,1.0,0.9999594774412089,0.5015,0.02075373630978055,0.977522849158518,0.0
linear_moderate_confounding,linear,27,aipw,0.9950030706791525,0.03842529026893647,0.919689501752037,1.070316639606268,1.0,0.9999594774412089,0.5015,0.02075373630978055,0.977522849158518,0.0
linear_moderate_confounding,linear,28,difference-in-means,2.0807482780690694,0.04922451476980878,1.9842682291202443,2.1772283270178945,1.0,1.0007293349667827,0.49375,0.01084844259826875,0.9759005960247155,0.0
linear_moderate_confounding,linear,28,outcome-regression,1.0576962714271931,0.011482794002034738,1.035189995183205,1.0802025476711812,1.0,1.0007293349667827,0.49375,0.01084844259826875,0.9759005960247155,0.0
linear_moderate_confounding,linear,28,ipw,1.031303989695165,0.07537584667419356,0.8835673302137457,1.1790406491765844,1.0,1.0007293349667827,0.49375,0.01084844259826875,0.9759005960247155,0.0
linear_moderate_confounding,linear,28,aipw,1.0434827608779376,0.04104239312652015,0.9630396703499581,1.1239258514059172,1.0,1.0007293349667827,0.49375,0.01084844259826875,0.9759005960247155,0.0
linear_moderate_confounding,linear,29,difference-in-means,1.9846223916526713,0.048966736509782435,1.8886475880934976,2.080597195211845,1.0,1.0170598292334951,0.4965,0.017643273654058645,0.9628130818487515,0.0
linear_moderate_confounding,linear,29,outcome-regression,1.0060303749915782,0.010500614525296614,0.9854491705219969,1.0266115794611597,1.0,1.0170598292334951,0.4965,0.017643273654058645,0.9628130818487515,0.0
linear_moderate_confounding,linear,29,ipw,0.975895452049388,0.06802609987833758,0.8425642962878463,1.1092266078109296,1.0,1.0170598292334951,0.4965,0.017643273654058645,0.9628130818487515,0.0
linear_moderate_confounding,linear,29,aipw,0.9933883220297339,0.03741763317381241,0.9200497610090617,1.0667268830504062,1.0,1.0170598292334951,0.4965,0.017643273654058645,0.9628130818487515,0.0
linear_moderate_confounding,linear,30,difference-in-means,2.0209861623833523,0.049620789055215,1.9237294158351308,2.1182429089315735,1.0,1.0125448413979836,0.513,0.03268785793275187,0.9746546999166028,0.0
linear_moderate_confounding,linear,30,outcome-regression,1.0089825343216903,0.011214975695414867,0.9870011819586771,1.0309638866847035,1.0,1.0125448413979836,0.513,0.03268785793275187,0.9746546999166028,0.0
linear_moderate_confounding,linear,30,ipw,1.0455203610960668,0.06628920550226987,0.915593518311618,1.1754472038805157,1.0,1.0125448413979836,0.513,0.03268785793275187,0.9746546999166028,0.0
linear_moderate_confounding,linear,30,aipw,1.0287391627133555,0.03689654705914126,0.9564219304774386,1.1010563949492724,1.0,1.0125448413979836,0.513,0.03268785793275187,0.9746546999166028,0.0
linear_moderate_confounding,linear,31,difference-in-means,1.945782241469636,0.04974886298413605,1.8482744700207294,2.0432900129185425,1.0,0.9775132554892807,0.5,0.04114683092067262,0.9693248653215221,0.0
linear_moderate_confounding,linear,31,outcome-regression,0.960510275018149,0.011682567702363951,0.9376124423215156,0.9834081077147824,1.0,0.9775132554892807,0.5,0.04114683092067262,0.9693248653215221,0.0
linear_moderate_confounding,linear,31,ipw,0.9326986077243713,0.07332831976073569,0.7889751009933293,1.0764221144554131,1.0,0.9775132554892807,0.5,0.04114683092067262,0.9693248653215221,0.0
linear_moderate_confounding,linear,31,aipw,0.9602949686437718,0.040370082131366954,0.8811696076662926,1.039420329621251,1.0,0.9775132554892807,0.5,0.04114683092067262,0.9693248653215221,0.0
linear_moderate_confounding,linear,32,difference-in-means,2.0327236078720756,0.049521864696580285,1.9356607530667782,2.129786462677373,1.0,1.0182260160415904,0.5035,0.010651575989439619,0.9782736577783773,0.0
linear_moderate_confounding,linear,32,outcome-regression,1.0232429582688902,0.010660252572496146,1.0023488632267978,1.0441370533109826,1.0,1.0182260160415904,0.5035,0.010651575989439619,0.9782736577783773,0.0
linear_moderate_confounding,linear,32,ipw,0.991147652701331,0.07688065758742126,0.8404615638299853,1.1418337415726767,1.0,1.0182260160415904,0.5035,0.010651575989439619,0.9782736577783773,0.0
linear_moderate_confounding,linear,32,aipw,1.0243511555986966,0.0385510656275774,0.9487910669686449,1.0999112442287484,1.0,1.0182260160415904,0.5035,0.010651575989439619,0.9782736577783773,0.0
linear_moderate_confounding,linear,33,difference-in-means,1.9319097527841382,0.047803109795518696,1.8382156575849216,2.025603847983355,1.0,0.9978384332714922,0.50575,0.025063796345823574,0.9718602562033949,0.0
linear_moderate_confounding,linear,33,outcome-regression,1.0332376936310825,0.009940590102207818,1.0137541370307552,1.0527212502314098,1.0,0.9978384332714922,0.50575,0.025063796345823574,0.9718602562033949,0.0
linear_moderate_confounding,linear,33,ipw,1.0326924834266045,0.06859903430284811,0.8982383761930222,1.1671465906601868,1.0,0.9978384332714922,0.50575,0.025063796345823574,0.9718602562033949,0.0
linear_moderate_confounding,linear,33,aipw,1.024033590158347,0.03592298458040938,0.9536245403807446,1.0944426399359495,1.0,0.9978384332714922,0.50575,0.025063796345823574,0.9718602562033949,0.0
linear_moderate_confounding,linear,34,difference-in-means,2.014223817627918,0.04933885885375881,1.917519654274551,2.1109279809812853,1.0,0.9922994144404058,0.49975,0.03080233459060617,0.9744189950343378,0.0
linear_moderate_confounding,linear,34,outcome-regression,1.0089509724528463,0.009757828291402917,0.9898256290016966,1.028076315903996,1.0,0.9922994144404058,0.49975,0.03080233459060617,0.9744189950343378,0.0
linear_moderate_confounding,linear,34,ipw,0.993454496976229,0.07117418632969431,0.8539530917700282,1.1329559021824298,1.0,0.9922994144404058,0.49975,0.03080233459060617,0.9744189950343378,0.0
linear_moderate_confounding,linear,34,aipw,1.0100494047568027,0.03691467185979843,0.9376966479115978,1.0824021616020076,1.0,0.9922994144404058,0.49975,0.03080233459060617,0.9744189950343378,0.0
linear_moderate_confounding,linear,35,difference-in-means,2.0457165978792857,0.048579673175762554,1.950500438454791,2.1409327573037804,1.0,1.0090529398929518,0.497,0.017387901003591437,0.9683031841897317,0.0
linear_moderate_confounding,linear,35,outcome-regression,1.0137754891824138,0.011202287719507887,0.9918190052521784,1.0357319731126493,1.0,1.0090529398929518,0.497,0.017387901003591437,0.9683031841897317,0.0
linear_moderate_confounding,linear,35,ipw,1.0418851068178003,0.06546966813669043,0.9135645572698871,1.1702056563657135,1.0,1.0090529398929518,0.497,0.017387901003591437,0.9683031841897317,0.0
linear_moderate_confounding,linear,35,aipw,1.0250536383934667,0.03910394669976271,0.9484099028619318,1.1016973739250016,1.0,1.0090529398929518,0.497,0.017387901003591437,0.9683031841897317,0.0
linear_moderate_confounding,linear,36,difference-in-means,1.9780012572679795,0.04789355443533732,1.8841298905747184,2.071872623961241,1.0,1.0017698321740356,0.5175,0.04856430195592883,0.9812873129069903,0.0
linear_moderate_confounding,linear,36,outcome-regression,1.0190601216824953,0.011717853156987134,0.9960931294948004,1.04202711387019,1.0,1.0017698321740356,0.5175,0.04856430195592883,0.9812873129069903,0.0
linear_moderate_confounding,linear,36,ipw,0.9969878048870323,0.06774834406809944,0.8642010505135574,1.1297745592605073,1.0,1.0017698321740356,0.5175,0.04856430195592883,0.9812873129069903,0.0
linear_moderate_confounding,linear,36,aipw,1.0244780903865593,0.04124652540707254,0.9436349005886971,1.1053212801844214,1.0,1.0017698321740356,0.5175,0.04856430195592883,0.9812873129069903,0.0
linear_moderate_confounding,linear,37,difference-in-means,2.025502040764636,0.0496108706823846,1.9282647342271622,2.12273934730211,1.0,1.0013074624217184,0.4955,0.02300952548720502,0.9878655263358052,0.0
linear_moderate_confounding,linear,37,outcome-regression,0.9746555078275899,0.012059489098666639,0.9510189091942033,0.9982921064609765,1.0,1.0013074624217184,0.4955,0.02300952548720502,0.9878655263358052,0.0
linear_moderate_confounding,linear,37,ipw,0.9244697707386461,0.08331899942630171,0.7611645318630947,1.0877750096141974,1.0,1.0013074624217184,0.4955,0.02300952548720502,0.9878655263358052,0.0
linear_moderate_confounding,linear,37,aipw,0.9861097315080528,0.045331995594664595,0.8972590201425102,1.0749604428735955,1.0,1.0013074624217184,0.4955,0.02300952548720502,0.9878655263358052,0.0
linear_moderate_confounding,linear,38,difference-in-means,2.090779874623124,0.04953536725701762,1.9936905547993695,2.1878691944468787,1.0,1.0126107823296784,0.50725,0.03393854750374879,0.9754509038776302,0.0
linear_moderate_confounding,linear,38,outcome-regression,1.0645031511061838,0.011648315882139082,1.0416724519771912,1.0873338502351764,1.0,1.0126107823296784,0.50725,0.03393854750374879,0.9754509038776302,0.0
linear_moderate_confounding,linear,38,ipw,1.0849958033524252,0.06452513483936428,0.9585265390672713,1.211465067637579,1.0,1.0126107823296784,0.50725,0.03393854750374879,0.9754509038776302,0.0
linear_moderate_confounding,linear,38,aipw,1.080674016215507,0.03830318708422578,1.0055997695304246,1.1557482629005895,1.0,1.0126107823296784,0.50725,0.03393854750374879,0.9754509038776302,0.0
linear_moderate_confounding,linear,39,difference-in-means,1.998415074140926,0.048269966349544134,1.9038059400958194,2.093024208186032,1.0,1.0177369339671902,0.5025,0.015221309509198613,0.9690744367796708,0.0
linear_moderate_confounding,linear,39,outcome-regression,1.0198609083281238,0.011213885322725513,0.9978816930955818,1.0418401235606658,1.0,1.0177369339671902,0.5025,0.015221309509198613,0.9690744367796708,0.0
linear_moderate_confounding,linear,39,ipw,0.9388816071530267,0.07816041238801191,0.7856871988725234,1.09207601543353,1.0,1.0177369339671902,0.5025,0.015221309509198613,0.9690744367796708,0.0
linear_moderate_confounding,linear,39,aipw,1.0148878909982417,0.03993192655391884,0.9366213149525608,1.0931544670439226,1.0,1.0177369339671902,0.5025,0.015221309509198613,0.9690744367796708,0.0
linear_moderate_confounding,linear,40,difference-in-means,1.9485351068461902,0.05047219968080174,1.8496095954718188,2.0474606182205615,1.0,0.9943228746110563,0.49125,0.029374545538380415,0.9728618153244508,0.0
linear_moderate_confounding,linear,40,outcome-regression,0.9121814125018742,0.011187617093360849,0.890253682998887,0.9341091420048615,1.0,0.9943228746110563,0.49125,0.029374545538380415,0.9728618153244508,0.0
linear_moderate_confounding,linear,40,ipw,0.9108594820756495,0.06834765741346073,0.7768980735452664,1.0448208906060326,1.0,0.9943228746110563,0.49125,0.029374545538380415,0.9728618153244508,0.0
linear_moderate_confounding,linear,40,aipw,0.923572587701705,0.03947731325371224,0.846197053724429,1.000948121678981,1.0,0.9943228746110563,0.49125,0.029374545538380415,0.9728618153244508,0.0
linear_moderate_confounding,linear,41,difference-in-means,2.0778410293629475,0.0491267103900553,1.981552676998439,2.1741293817274556,1.0,1.0195959007872437,0.494,0.0284353047602306,0.9782105484216185,0.0
linear_moderate_confounding,linear,41,outcome-regression,1.074692315723871,0.010824832084543785,1.0534756448381652,1.0959089866095768,1.0,1.0195959007872437,0.494,0.0284353047602306,0.9782105484216185,0.0
linear_moderate_confounding,linear,41,ipw,1.097830897588274,0.06777801024572003,0.9649859975066628,1.2306757976698852,1.0,1.0195959007872437,0.494,0.0284353047602306,0.9782105484216185,0.0
linear_moderate_confounding,linear,41,aipw,1.0749252455792329,0.03982101498162002,0.9968760562152577,1.152974434943208,1.0,1.0195959007872437,0.494,0.0284353047602306,0.9782105484216185,0.0
linear_moderate_confounding,linear,42,difference-in-means,2.0373344027496856,0.0497562442622916,1.939812163995594,2.1348566415037773,1.0,0.9890492316227072,0.50375,0.04379270392216667,0.9677848966061274,0.0
linear_moderate_confounding,linear,42,outcome-regression,0.9989911018909013,0.011001238017363293,0.9774286753768693,1.0205535284049334,1.0,0.9890492316227072,0.50375,0.04379270392216667,0.9677848966061274,0.0
linear_moderate_confounding,linear,42,ipw,0.9529334232381889,0.07527874617733216,0.8053870807306178,1.10047976574576,1.0,0.9890492316227072,0.50375,0.04379270392216667,0.9677848966061274,0.0
linear_moderate_confounding,linear,42,aipw,1.0003638413507259,0.03971027266567733,0.9225317069259983,1.0781959757754533,1.0,0.9890492316227072,0.50375,0.04379270392216667,0.9677848966061274,0.0
linear_moderate_confounding,linear,43,difference-in-means,1.9429505341892714,0.049077230636965063,1.84675916214082,2.039141906237723,1.0,0.985054375393815,0.49225,0.02915653161822864,0.9756233157203669,0.0
linear_moderate_confounding,linear,43,outcome-regression,0.9514372831478506,0.010357767091794012,0.9311360596479343,0.9717385066477668,1.0,0.985054375393815,0.49225,0.02915653161822864,0.9756233157203669,0.0
linear_moderate_confounding,linear,43,ipw,0.9165907468099507,0.06749016340015308,0.7843100265456506,1.0488714670742507,1.0,0.985054375393815,0.49225,0.02915653161822864,0.9756233157203669,0.0
linear_moderate_confounding,linear,43,aipw,0.9572447230839828,0.037222870458310735,0.8842878969856938,1.0302015491822718,1.0,0.985054375393815,0.49225,0.02915653161822864,0.9756233157203669,0.0
linear_moderate_confounding,linear,44,difference-in-means,2.0592505199014406,0.0495434042444857,1.9621454475822486,2.1563555922206326,1.0,1.0028999900262066,0.50675,0.02699698294068099,0.9833856801729374,0.0
linear_moderate_confounding,linear,44,outcome-regression,1.063976183776334,0.011490140841122931,1.041455507727733,1.086496859824935,1.0,1.0028999900262066,0.50675,0.02699698294068099,0.9833856801729374,0.0
linear_moderate_confounding,linear,44,ipw,1.0774290344941166,0.07108000548525077,0.9381122237430252,1.2167458452452082,1.0,1.0028999900262066,0.50675,0.02699698294068099,0.9833856801729374,0.0
linear_moderate_confounding,linear,44,aipw,1.0667571212490403,0.04033874480255133,0.9876931814360397,1.145821061062041,1.0,1.0028999900262066,0.50675,0.02699698294068099,0.9833856801729374,0.0
linear_moderate_confounding,linear,45,difference-in-means,1.95609423437501,0.048765574056257165,1.8605137092247461,2.051674759525274,1.0,1.0037947292745297,0.507,0.03438048538827705,0.9683658751589833,0.0
linear_moderate_confounding,linear,45,outcome-regression,0.991867444469524,0.010765442023625909,0.9707671781032172,1.0129677108358308,1.0,1.0037947292745297,0.507,0.03438048538827705,0.9683658751589833,0.0
linear_moderate_confounding,linear,45,ipw,0.9622299978873325,0.07005584174332372,0.824920548070418,1.099539447704247,1.0,1.0037947292745297,0.507,0.03438048538827705,0.9683658751589833,0.0
linear_moderate_confounding,linear,45,aipw,0.9887798379366669,0.03777737059897312,0.9147361915626796,1.0628234843106543,1.0,1.0037947292745297,0.507,0.03438048538827705,0.9683658751589833,0.0
linear_moderate_confounding,linear,46,difference-in-means,1.9246968739373667,0.048463879967674685,1.8297076692007244,2.019686078674009,1.0,0.9835860185329747,0.49525,0.03198211927604029,0.9738015526853628,0.0
linear_moderate_confounding,linear,46,outcome-regression,0.9361089391216654,0.011304930512755605,0.9139512753166644,0.9582666029266663,1.0,0.9835860185329747,0.49525,0.03198211927604029,0.9738015526853628,0.0
linear_moderate_confounding,linear,46,ipw,0.9207493928117327,0.06637921335672371,0.7906461346325543,1.0508526509909113,1.0,0.9835860185329747,0.49525,0.03198211927604029,0.9738015526853628,0.0
linear_moderate_confounding,linear,46,aipw,0.9412154664881079,0.038940847978719016,0.8648914044498187,1.0175395285263973,1.0,0.9835860185329747,0.49525,0.03198211927604029,0.9738015526853628,0.0
linear_moderate_confounding,linear,47,difference-in-means,1.9664516930539584,0.04906265335345103,1.8702888924811945,2.0626144936267226,1.0,0.9895409478706213,0.50375,0.041267459218597397,0.9728028028689877,0.0
linear_moderate_confounding,linear,47,outcome-regression,0.996496714216783,0.011227546838703827,0.9744907224129234,1.0185027060206424,1.0,0.9895409478706213,0.50375,0.041267459218597397,0.9728028028689877,0.0
linear_moderate_confounding,linear,47,ipw,0.9874787622257639,0.0672357513122377,0.855696689653778,1.1192608347977497,1.0,0.9895409478706213,0.50375,0.041267459218597397,0.9728028028689877,0.0
linear_moderate_confounding,linear,47,aipw,0.9979565042118375,0.039274306925495404,0.9209788626378664,1.0749341457858084,1.0,0.9895409478706213,0.50375,0.041267459218597397,0.9728028028689877,0.0
linear_moderate_confounding,linear,48,difference-in-means,2.015975864430239,0.05025115026486489,1.917483609911104,2.1144681189493744,1.0,0.9940084598462047,0.49125,0.033126223509034186,0.9889497236312491,0.0
linear_moderate_confounding,linear,48,outcome-regression,0.9713898485584862,0.01178498401546965,0.9482912798881656,0.9944884172288068,1.0,0.9940084598462047,0.49125,0.033126223509034186,0.9889497236312491,0.0
linear_moderate_confounding,linear,48,ipw,0.967753140543505,0.06896790124796623,0.8325760540974912,1.102930226989519,1.0,0.9940084598462047,0.49125,0.033126223509034186,0.9889497236312491,0.0
linear_moderate_confounding,linear,48,aipw,0.9863129037535292,0.040617061973204256,0.9067034622860488,1.0659223452210096,1.0,0.9940084598462047,0.49125,0.033126223509034186,0.9889497236312491,0.0
linear_moderate_confounding,linear,49,difference-in-means,1.965766544331814,0.04796138722266904,1.8717622253753827,2.059770863288245,1.0,1.0031053120547742,0.49425,0.02304642971032712,0.9682730562923819,0.0
linear_moderate_confounding,linear,49,outcome-regression,1.0284904835468078,0.011094366726628264,1.0067455247626165,1.0502354423309992,1.0,1.0031053120547742,0.49425,0.02304642971032712,0.9682730562923819,0.0
linear_moderate_confounding,linear,49,ipw,1.0045112822444529,0.06815450348893813,0.8709284554061341,1.1380941090827716,1.0,1.0031053120547742,0.49425,0.02304642971032712,0.9682730562923819,0.0
linear_moderate_confounding,linear,49,aipw,1.0383588737585312,0.03681413748012034,0.9662031642974953,1.110514583219567,1.0,1.0031053120547742,0.49425,0.02304642971032712,0.9682730562923819,0.0
linear_moderate_confounding,linear,50,difference-in-means,1.977519152423612,0.04931656759112691,1.8808586799450033,2.0741796249022206,1.0,0.9919581974936541,0.49875,0.022727182848280316,0.9648234348883415,0.0
linear_moderate_confounding,linear,50,outcome-regression,0.9837670447856992,0.011464861042715957,0.9612959171419759,1.0062381724294225,1.0,0.9919581974936541,0.49875,0.022727182848280316,0.9648234348883415,0.0
linear_moderate_confounding,linear,50,ipw,0.935404750654186,0.07035572572066669,0.7975075282416794,1.0733019730666928,1.0,0.9919581974936541,0.49875,0.022727182848280316,0.9648234348883415,0.0
linear_moderate_confounding,linear,50,aipw,0.9795872252602078,0.03949964372855272,0.9021679235522445,1.0570065269681712,1.0,0.9919581974936541,0.49875,0.022727182848280316,0.9648234348883415,0.0
linear_moderate_confounding,linear,51,difference-in-means,2.037280099263252,0.04792257930673277,1.9433518438220556,2.131208354704448,1.0,0.9926211304259397,0.50175,0.01610486718958648,0.9730691363909283,0.0
linear_moderate_confounding,linear,51,outcome-regression,1.0184228170062632,0.01059008051008292,0.9976662592065008,1.0391793748060258,1.0,0.9926211304259397,0.50175,0.01610486718958648,0.9730691363909283,0.0
linear_moderate_confounding,linear,51,ipw,0.9868651174298181,0.07721592314960618,0.83552190805659,1.1382083268030463,1.0,0.9926211304259397,0.50175,0.01610486718958648,0.9730691363909283,0.0
linear_moderate_confounding,linear,51,aipw,0.9921583718627414,0.041646743409001374,0.9105307547810987,1.0737859889443842,1.0,0.9926211304259397,0.50175,0.01610486718958648,0.9730691363909283,0.0
linear_moderate_confounding,linear,52,difference-in-means,2.009199566425661,0.04936428791955699,1.9124455621033296,2.105953570747993,1.0,1.0102356846453073,0.49725,0.030152328530011464,0.9613349013450896,0.0
linear_moderate_confounding,linear,52,outcome-regression,0.9895611472354692,0.012065809985632265,0.96591215966363,1.0132101348073084,1.0,1.0102356846453073,0.49725,0.030152328530011464,0.9613349013450896,0.0
linear_moderate_confounding,linear,52,ipw,0.9616702537830277,0.07260321244441666,0.8193679573919711,1.1039725501740845,1.0,1.0102356846453073,0.49725,0.030152328530011464,0.9613349013450896,0.0
linear_moderate_confounding,linear,52,aipw,0.9939116407271692,0.03864156424109944,0.9181741748146143,1.069649106639724,1.0,1.0102356846453073,0.49725,0.030152328530011464,0.9613349013450896,0.0
linear_moderate_confounding,linear,53,difference-in-means,2.0238503188530172,0.04921200556325713,1.9273947879490332,2.1203058497570013,1.0,1.0085155372873615,0.50325,0.031348811098179004,0.9760562761702807,0.0
linear_moderate_confounding,linear,53,outcome-regression,1.0138546894092262,0.011269279841485791,0.991766900919914,1.0359424778985384,1.0,1.0085155372873615,0.50325,0.031348811098179004,0.9760562761702807,0.0
linear_moderate_confounding,linear,53,ipw,1.0060075685740952,0.06815199262205343,0.8724296630348705,1.13958547411332,1.0,1.0085155372873615,0.50325,0.031348811098179004,0.9760562761702807,0.0
linear_moderate_confounding,linear,53,aipw,1.0114627194232133,0.03954554282191603,0.933953455492258,1.0889719833541687,1.0,1.0085155372873615,0.50325,0.031348811098179004,0.9760562761702807,0.0
linear_moderate_confounding,linear,54,difference-in-means,2.015034712856576,0.05033282230732688,1.9163823811342153,2.1136870445789366,1.0,0.9942181137932894,0.4845,0.024975098276950304,0.9700381090227821,0.0
linear_moderate_confounding,linear,54,outcome-regression,0.9882962496885738,0.011749438521736471,0.9652673501859703,1.0113251491911772,1.0,0.9942181137932894,0.4845,0.024975098276950304,0.9700381090227821,0.0
linear_moderate_confounding,linear,54,ipw,1.0005987217594503,0.07275812492380283,0.8579927969087968,1.1432046466101038,1.0,0.9942181137932894,0.4845,0.024975098276950304,0.9700381090227821,0.0
linear_moderate_confounding,linear,54,aipw,0.9738606787548499,0.039871125092131005,0.8957132735742732,1.0520080839354267,1.0,0.9942181137932894,0.4845,0.024975098276950304,0.9700381090227821,0.0
linear_moderate_confounding,linear,55,difference-in-means,2.0265491980312484,0.04967119767392786,1.9291936505903498,2.123904745472147,1.0,0.9996840482621959,0.4795,0.026374021138515592,0.9846161066728732,0.0
linear_moderate_confounding,linear,55,outcome-regression,1.0098491474902236,0.0115853222793586,0.9871419158226807,1.0325563791577665,1.0,0.9996840482621959,0.4795,0.026374021138515592,0.9846161066728732,0.0
linear_moderate_confounding,linear,55,ipw,0.9953604613758149,0.07291379744664454,0.8524494183803916,1.1382715043712381,1.0,0.9996840482621959,0.4795,0.026374021138515592,0.9846161066728732,0.0
linear_moderate_confounding,linear,55,aipw,1.0100711261988518,0.039356934303450095,0.9329315349640895,1.0872107174336139,1.0,0.9996840482621959,0.4795,0.026374021138515592,0.9846161066728732,0.0
linear_moderate_confounding,linear,56,difference-in-means,1.9511828291135824,0.048889003348348975,1.8553603825508185,2.0470052756763466,1.0,0.99546905454288,0.5015,0.035781963468345314,0.9697517414201807,0.0
linear_moderate_confounding,linear,56,outcome-regression,1.0024476714507748,0.011176609683405824,0.9805415164712994,1.0243538264302503,1.0,0.99546905454288,0.5015,0.035781963468345314,0.9697517414201807,0.0
linear_moderate_confounding,linear,56,ipw,0.9962008913028141,0.06581609236955795,0.8672013502584806,1.1252004323471476,1.0,0.99546905454288,0.5015,0.035781963468345314,0.9697517414201807,0.0
linear_moderate_confounding,linear,56,aipw,0.9961451605264785,0.03764130227409583,0.9223682080692507,1.0699221129837064,1.0,0.99546905454288,0.5015,0.035781963468345314,0.9697517414201807,0.0
linear_moderate_confounding,linear,57,difference-in-means,1.97382180984491,0.04932066497096744,1.877153306501814,2.070490313188006,1.0,0.9811538546857992,0.49575,0.024117003832381523,0.9648530400537392,0.0
linear_moderate_confounding,linear,57,outcome-regression,0.9468471076156009,0.010640380928276905,0.9259919609961781,0.9677022542350237,1.0,0.9811538546857992,0.49575,0.024117003832381523,0.9648530400537392,0.0
linear_moderate_confounding,linear,57,ipw,0.9731995274584296,0.06721472499885284,0.841458666460678,1.1049403884561813,1.0,0.9811538546857992,0.49575,0.024117003832381523,0.9648530400537392,0.0
linear_moderate_confounding,linear,57,aipw,0.9528420015689105,0.03809483780458251,0.8781761194719289,1.0275078836658922,1.0,0.9811538546857992,0.49575,0.024117003832381523,0.9648530400537392,0.0
linear_moderate_confounding,linear,58,difference-in-means,2.03294025802744,0.04819841558926988,1.9384713634724708,2.1274091525824086,1.0,1.0280796446746772,0.51275,0.013144636534128685,0.9719102719931947,0.0
linear_moderate_confounding,linear,58,outcome-regression,1.034559655345409,0.011270617762135005,1.0124692445316243,1.0566500661591938,1.0,1.0280796446746772,0.51275,0.013144636534128685,0.9719102719931947,0.0
linear_moderate_confounding,linear,58,ipw,1.0703575244641563,0.06214800852143784,0.9485474277621382,1.1921676211661745,1.0,1.0280796446746772,0.51275,0.013144636534128685,0.9719102719931947,0.0
linear_moderate_confounding,linear,58,aipw,1.0442692978977484,0.036352872946422976,0.9730176669227594,1.1155209288727375,1.0,1.0280796446746772,0.51275,0.013144636534128685,0.9719102719931947,0.0
linear_moderate_confounding,linear,59,difference-in-means,1.9715744644569257,0.04765628192287521,1.8781681518880904,2.0649807770257613,1.0,0.9973932602849581,0.5105,0.022097566650970304,0.970187781501279,0.0
linear_moderate_confounding,linear,59,outcome-regression,0.9920044992836539,0.011097682942203205,0.9702530407169356,1.013755957850372,1.0,0.9973932602849581,0.5105,0.022097566650970304,0.970187781501279,0.0
linear_moderate_confounding,linear,59,ipw,1.0062645159021817,0.06410968283793834,0.8806095375398225,1.1319194942645407,1.0,0.9973932602849581,0.5105,0.022097566650970304,0.970187781501279,0.0
linear_moderate_confounding,linear,59,aipw,0.9895004975102633,0.03773878836799005,0.9155324723090028,1.0634685227115237,1.0,0.9973932602849581,0.5105,0.022097566650970304,0.970187781501279,0.0
linear_moderate_confounding,linear,60,difference-in-means,1.923476552450739,0.04892259936076272,1.827588257703644,2.019364847197834,1.0,0.9852757248698374,0.50475,0.03447025818285136,0.9685826069703171,0.0
linear_moderate_confounding,linear,60,outcome-regression,0.9505942058450657,0.010668423383659814,0.9296840960130924,0.971504315677039,1.0,0.9852757248698374,0.50475,0.03447025818285136,0.9685826069703171,0.0
linear_moderate_confounding,linear,60,ipw,0.9152069514740698,0.07086189070958436,0.7763176456832845,1.0540962572648551,1.0,0.9852757248698374,0.50475,0.03447025818285136,0.9685826069703171,0.0
linear_moderate_confounding,linear,60,aipw,0.9693262529696922,0.03880099009869256,0.8932763123762548,1.0453761935631296,1.0,0.9852757248698374,0.50475,0.03447025818285136,0.9685826069703171,0.0
linear_moderate_confounding,linear,61,difference-in-means,2.0752966215312854,0.048187288110673805,1.9808495368343646,2.169743706228206,1.0,1.0090208987944516,0.51375,0.020853181293303134,0.9605426594851247,0.0
linear_moderate_confounding,linear,61,outcome-regression,1.087596549355921,0.010583085996396435,1.066853700802984,1.108339397908858,1.0,1.0090208987944516,0.51375,0.020853181293303134,0.9605426594851247,0.0
linear_moderate_confounding,linear,61,ipw,1.099599371987351,0.06413943555104522,0.9738860783073022,1.2253126656673996,1.0,1.0090208987944516,0.51375,0.020853181293303134,0.9605426594851247,0.0
linear_moderate_confounding,linear,61,aipw,1.0753760699245654,0.03877738802585232,0.9993723893938948,1.1513797504552359,1.0,1.0090208987944516,0.51375,0.020853181293303134,0.9605426594851247,0.0
linear_moderate_confounding,linear,62,difference-in-means,2.033682487999982,0.04853956631865807,1.938544938015412,2.1288200379845517,1.0,0.9789626119289355,0.50475,0.02744703075210116,0.9791863563440196,0.0
linear_moderate_confounding,linear,62,outcome-regression,1.0428759043407823,0.011709638831860028,1.0199250122303365,1.065826796451228,1.0,0.9789626119289355,0.50475,0.02744703075210116,0.9791863563440196,0.0
linear_moderate_confounding,linear,62,ipw,1.0272915664820783,0.07008073427897153,0.8899333272952941,1.1646498056688626,1.0,0.9789626119289355,0.50475,0.02744703075210116,0.9791863563440196,0.0
linear_moderate_confounding,linear,62,aipw,1.0151672018173985,0.03774066420498249,0.9411954999756328,1.089138903659164,1.0,0.9789626119289355,0.50475,0.02744703075210116,0.9791863563440196,0.0
linear_moderate_confounding,linear,63,difference-in-means,1.956467822992057,0.04828393135454555,1.8618313175371477,2.051104328446966,1.0,0.9908852073304208,0.50225,0.04322500506780026,0.9478740111279295,0.0
linear_moderate_confounding,linear,63,outcome-regression,0.9699166567787126,0.010821149167693314,0.9487072044100338,0.9911261091473915,1.0,0.9908852073304208,0.50225,0.04322500506780026,0.9478740111279295,0.0
linear_moderate_confounding,linear,63,ipw,0.9961844374220461,0.06166267757052491,0.8753255893838172,1.117043285460275,1.0,0.9908852073304208,0.50225,0.04322500506780026,0.9478740111279295,0.0
linear_moderate_confounding,linear,63,aipw,0.9737285516823281,0.03705206067365643,0.9011065127619615,1.0463505906026946,1.0,0.9908852073304208,0.50225,0.04322500506780026,0.9478740111279295,0.0
linear_moderate_confounding,linear,64,difference-in-means,2.038762387441202,0.050461519496551296,1.9398578092279615,2.1376669656544425,1.0,0.9902133918515843,0.49425,0.014374333965107228,0.974697784398551,0.0
linear_moderate_confounding,linear,64,outcome-regression,1.0014036453719648,0.011711124182515147,0.9784498419742351,1.0243574487696945,1.0,0.9902133918515843,0.49425,0.014374333965107228,0.974697784398551,0.0
linear_moderate_confounding,linear,64,ipw,0.891933994829588,0.14155269061333098,0.6144907212274593,1.1693772684317167,1.0,0.9902133918515843,0.49425,0.014374333965107228,0.974697784398551,0.0
linear_moderate_confounding,linear,64,aipw,1.0060318718946408,0.038735170734185205,0.9301109372556379,1.081952806533644,1.0,0.9902133918515843,0.49425,0.014374333965107228,0.974697784398551,0.0
linear_moderate_confounding,linear,65,difference-in-means,2.0602936122799025,0.0486268501200783,1.964984986044549,2.155602238515256,1.0,0.9804654449442209,0.48725,0.01821644340403503,0.9796031658240751,0.0
linear_moderate_confounding,linear,65,outcome-regression,1.008904831411721,0.011119866743350757,0.9871098925947536,1.0306997702286886,1.0,0.9804654449442209,0.48725,0.01821644340403503,0.9796031658240751,0.0
linear_moderate_confounding,linear,65,ipw,1.0398192029574493,0.06435502694540832,0.913683350144449,1.1659550557704497,1.0,0.9804654449442209,0.48725,0.01821644340403503,0.9796031658240751,0.0
linear_moderate_confounding,linear,65,aipw,1.0339799625026358,0.038365399953408326,0.9587837785939555,1.1091761464113161,1.0,0.9804654449442209,0.48725,0.01821644340403503,0.9796031658240751,0.0
linear_moderate_confounding,linear,66,difference-in-means,1.9133077580751772,0.04957024835135031,1.8161500713065306,2.010465444843824,1.0,0.9973334154467675,0.4875,0.029003309216006013,0.9631060528924994,0.0
linear_moderate_confounding,linear,66,outcome-regression,0.94327128525846,0.01137310060229584,0.9209800080779602,0.9655625624389599,1.0,0.9973334154467675,0.4875,0.029003309216006013,0.9631060528924994,0.0
linear_moderate_confounding,linear,66,ipw,0.9345450911496193,0.07314393409384236,0.7911829803256882,1.0779072019735503,1.0,0.9973334154467675,0.4875,0.029003309216006013,0.9631060528924994,0.0
linear_moderate_confounding,linear,66,aipw,0.9343680849569629,0.03727267265922418,0.8613136465448835,1.0074225233690424,1.0,0.9973334154467675,0.4875,0.029003309216006013,0.9631060528924994,0.0
linear_moderate_confounding,linear,67,difference-in-means,1.9494479091061463,0.04848241539780183,1.8544223749264548,2.044473443285838,1.0,0.9870571785985244,0.50225,0.037778048773124163,0.9658774538876457,0.0
linear_moderate_confounding,linear,67,outcome-regression,1.0226524602464466,0.011268909225512994,1.0005653981644411,1.0447395223284521,1.0,0.9870571785985244,0.50225,0.037778048773124163,0.9658774538876457,0.0
linear_moderate_confounding,linear,67,ipw,1.0355913483435826,0.06169958302232501,0.9146601656198255,1.1565225310673397,1.0,0.9870571785985244,0.50225,0.037778048773124163,0.9658774538876457,0.0
linear_moderate_confounding,linear,67,aipw,1.0245197956448375,0.03781552022260419,0.9504013760085334,1.0986382152811418,1.0,0.9870571785985244,0.50225,0.037778048773124163,0.9658774538876457,0.0
linear_moderate_confounding,linear,68,difference-in-means,2.0978277749509116,0.048069175469555296,2.0036121910305833,2.19204335887124,1.0,1.0020162059998703,0.501,0.018834922550537418,0.9778425990521075,0.0
linear_moderate_confounding,linear,68,outcome-regression,1.0452771099150036,0.0102774809965456,1.0251332471617742,1.0654209726682329,1.0,1.0020162059998703,0.501,0.018834922550537418,0.9778425990521075,0.0
linear_moderate_confounding,linear,68,ipw,0.9982139536181397,0.07960669907433042,0.842184823432452,1.1542430838038273,1.0,1.0020162059998703,0.501,0.018834922550537418,0.9778425990521075,0.0
linear_moderate_confounding,linear,68,aipw,1.039202582923498,0.03939300223237841,0.9619922985480365,1.1164128672989597,1.0,1.0020162059998703,0.501,0.018834922550537418,0.9778425990521075,0.0
linear_moderate_confounding,linear,69,difference-in-means,2.0496898047460568,0.04918894725720747,1.95327946812193,2.1461001413701832,1.0,0.9936694144599455,0.48175,0.022173653221246297,0.9693585375658343,0.0
linear_moderate_confounding,linear,69,outcome-regression,1.035215806403551,0.010759474306142009,1.0141272367635128,1.0563043760435893,1.0,0.9936694144599455,0.48175,0.022173653221246297,0.9693585375658343,0.0
linear_moderate_confounding,linear,69,ipw,0.9862459363469612,0.07763191378230214,0.834087385333649,1.1384044873602734,1.0,0.9936694144599455,0.48175,0.022173653221246297,0.9693585375658343,0.0
linear_moderate_confounding,linear,69,aipw,1.0361587556527896,0.03795175972191813,0.96177330659783,1.1105442047077492,1.0,0.9936694144599455,0.48175,0.022173653221246297,0.9693585375658343,0.0
linear_moderate_confounding,linear,70,difference-in-means,1.9849716226902268,0.049125984493994274,1.888684693081998,2.0812585522984555,1.0,0.987503536440723,0.48825,0.030561560201920017,0.964424091527988,0.0
linear_moderate_confounding,linear,70,outcome-regression,1.0015755020497488,0.011217894742397245,0.9795884283546502,1.0235625757448474,1.0,0.987503536440723,0.48825,0.030561560201920017,0.964424091527988,0.0
linear_moderate_confounding,linear,70,ipw,1.0017323593996106,0.06818268830765657,0.8680942903166037,1.1353704284826174,1.0,0.987503536440723,0.48825,0.030561560201920017,0.964424091527988,0.0
linear_moderate_confounding,linear,70,aipw,0.9921117926806964,0.04014992700628198,0.9134179357483837,1.0708056496130092,1.0,0.987503536440723,0.48825,0.030561560201920017,0.964424091527988,0.0
linear_moderate_confounding,linear,71,difference-in-means,1.945137870856994,0.04897386333812693,1.8491490987142651,2.0411266429997226,1.0,0.9826904831513886,0.50925,0.03745830391922757,0.9691181845954099,0.0
linear_moderate_confounding,linear,71,outcome-regression,0.9765155355229043,0.011153062214744613,0.9546555335820048,0.9983755374638037,1.0,0.9826904831513886,0.50925,0.03745830391922757,0.9691181845954099,0.0
linear_moderate_confounding,linear,71,ipw,0.9638547976259763,0.07083379462483107,0.8250205601613074,1.102689035090645,1.0,0.9826904831513886,0.50925,0.03745830391922757,0.9691181845954099,0.0
linear_moderate_confounding,linear,71,aipw,0.9647624046996379,0.037775928638399875,0.8907215845683741,1.0388032248309016,1.0,0.9826904831513886,0.50925,0.03745830391922757,0.9691181845954099,0.0
linear_moderate_confounding,linear,72,difference-in-means,2.0385551514229125,0.04916236929195936,1.9421969076106722,2.134913395235153,1.0,0.9990749614355009,0.50375,0.028118552852088405,0.9749197436040979,0.0
linear_moderate_confounding,linear,72,outcome-regression,1.0384865280787774,0.010873391942548619,1.017174679871382,1.0597983762861727,1.0,0.9990749614355009,0.50375,0.028118552852088405,0.9749197436040979,0.0
linear_moderate_confounding,linear,72,ipw,1.0525539568257891,0.06583781138414323,0.9235118465128684,1.1815960671387098,1.0,0.9990749614355009,0.50375,0.028118552852088405,0.9749197436040979,0.0
linear_moderate_confounding,linear,72,aipw,1.052846350967844,0.03840240088401935,0.9775776452351661,1.128115056700522,1.0,0.9990749614355009,0.50375,0.028118552852088405,0.9749197436040979,0.0
linear_moderate_confounding,linear,73,difference-in-means,2.0004493049103114,0.04863837881297758,1.9051180824368754,2.0957805273837473,1.0,1.0055110549344808,0.4995,0.030388193767363278,0.9704848758140664,0.0
linear_moderate_confounding,linear,73,outcome-regression,0.9904322471408139,0.011060801573040291,0.9687530760576549,1.0121114182239728,1.0,1.0055110549344808,0.4995,0.030388193767363278,0.9704848758140664,0.0
linear_moderate_confounding,linear,73,ipw,0.9960493909724352,0.06458192519681144,0.8694688175866847,1.1226299643581856,1.0,1.0055110549344808,0.4995,0.030388193767363278,0.9704848758140664,0.0
linear_moderate_confounding,linear,73,aipw,0.990457998654721,0.03779301410735359,0.9163836910043079,1.064532306305134,1.0,1.0055110549344808,0.4995,0.030388193767363278,0.9704848758140664,0.0
linear_moderate_confounding,linear,74,difference-in-means,2.018320857822103,0.049759312994608236,1.9207926043526706,2.115849111291535,1.0,1.0030424551066115,0.4995,0.030030387770361665,0.9758577908010423,0.0
linear_moderate_confounding,linear,74,outcome-regression,0.9766453800597651,0.011163619720021015,0.9547646854085239,0.9985260747110063,1.0,1.0030424551066115,0.4995,0.030030387770361665,0.9758577908010423,0.0
linear_moderate_confounding,linear,74,ipw,0.9892341482828501,0.06955512187893187,0.8529061094001436,1.1255621871655566,1.0,1.0030424551066115,0.4995,0.030030387770361665,0.9758577908010423,0.0
linear_moderate_confounding,linear,74,aipw,0.9772571821631305,0.03842531444978922,0.9019435658415437,1.0525707984847175,1.0,1.0030424551066115,0.4995,0.030030387770361665,0.9758577908010423,0.0
linear_moderate_confounding,linear,75,difference-in-means,1.9378152961284263,0.049229859644387274,1.8413247712254273,2.0343058210314253,1.0,1.010355341198077,0.506,0.035656968496359694,0.9745224159821572,0.0
linear_moderate_confounding,linear,75,outcome-regression,0.981249587967376,0.011757340679002743,0.9582052002365307,1.0042939756982214,1.0,1.010355341198077,0.506,0.035656968496359694,0.9745224159821572,0.0
linear_moderate_confounding,linear,75,ipw,0.966332914748209,0.07220218894289064,0.8248166244201434,1.1078492050762747,1.0,1.010355341198077,0.506,0.035656968496359694,0.9745224159821572,0.0
linear_moderate_confounding,linear,75,aipw,1.0000083374555009,0.03816767315673313,0.9251996980683039,1.0748169768426978,1.0,1.010355341198077,0.506,0.035656968496359694,0.9745224159821572,0.0
linear_moderate_confounding,linear,76,difference-in-means,1.9483789205817656,0.04870920972568608,1.852908869519421,2.04384897164411,1.0,0.9971978083284861,0.5015,0.036330223345505425,0.9621492362026114,0.0
linear_moderate_confounding,linear,76,outcome-regression,1.006438208913817,0.01088307198002854,0.9851073878329611,1.0277690299946731,1.0,0.9971978083284861,0.5015,0.036330223345505425,0.9621492362026114,0.0
linear_moderate_confounding,linear,76,ipw,1.033131963282365,0.05994427447212777,0.9156411853169946,1.1506227412477354,1.0,0.9971978083284861,0.5015,0.036330223345505425,0.9621492362026114,0.0
linear_moderate_confounding,linear,76,aipw,0.9982640175336179,0.03659874670697089,0.926530473987955,1.069997561079281,1.0,0.9971978083284861,0.5015,0.036330223345505425,0.9621492362026114,0.0
linear_moderate_confounding,linear,77,difference-in-means,1.9827503871531518,0.04938780901618267,1.8859502814814337,2.07955049282487,1.0,0.9976651747764559,0.49675,0.03785034852242179,0.9608504301061783,0.0
linear_moderate_confounding,linear,77,outcome-regression,0.9754698839788388,0.011190275397585624,0.953536944199571,0.9974028237581066,1.0,0.9976651747764559,0.49675,0.03785034852242179,0.9608504301061783,0.0
linear_moderate_confounding,linear,77,ipw,0.9853910314192452,0.06306058198226304,0.8617922907340096,1.1089897721044808,1.0,0.9976651747764559,0.49675,0.03785034852242179,0.9608504301061783,0.0
linear_moderate_confounding,linear,77,aipw,0.9741426742859263,0.03682142261733706,0.9019726859559456,1.046312662615907,1.0,0.9976651747764559,0.49675,0.03785034852242179,0.9608504301061783,0.0
linear_moderate_confounding,linear,78,difference-in-means,1.9842925574361323,0.04773339283242857,1.8907351074845724,2.0778500073876924,1.0,0.9789975679846126,0.49475,0.013374094577270425,0.9713190984641378,0.0
linear_moderate_confounding,linear,78,outcome-regression,1.0112054814274059,0.011188334060452072,0.9892763466689198,1.0331346161858919,1.0,0.9789975679846126,0.49475,0.013374094577270425,0.9713190984641378,0.0
linear_moderate_confounding,linear,78,ipw,0.9874320710129832,0.07228994781673373,0.8457437732921851,1.1291203687337814,1.0,0.9789975679846126,0.49475,0.013374094577270425,0.9713190984641378,0.0
linear_moderate_confounding,linear,78,aipw,0.9895637941714284,0.03796813026125435,0.9151462588593698,1.0639813294834868,1.0,0.9789975679846126,0.49475,0.013374094577270425,0.9713190984641378,0.0
linear_moderate_confounding,linear,79,difference-in-means,1.9503257655176545,0.048877348228476045,1.8545261629898415,2.0461253680454674,1.0,0.9819776678615875,0.49475,0.01,0.9725654344581524,0.00025
linear_moderate_confounding,linear,79,outcome-regression,1.0042887170797217,0.010882410326755684,0.9829591928392806,1.0256182413201629,1.0,0.9819776678615875,0.49475,0.01,0.9725654344581524,0.00025
linear_moderate_confounding,linear,79,ipw,1.0159407132840188,0.06227596708964212,0.8938798177883203,1.1380016087797173,1.0,0.9819776678615875,0.49475,0.01,0.9725654344581524,0.00025
linear_moderate_confounding,linear,79,aipw,1.0273319007302384,0.03704673821945671,0.9547202938201033,1.0999435076403736,1.0,0.9819776678615875,0.49475,0.01,0.9725654344581524,0.00025
linear_moderate_confounding,linear,80,difference-in-means,2.0389569697865317,0.050155969392145595,1.9406512697779263,2.137262669795137,1.0,1.014724716291344,0.49875,0.01220869607876186,0.99,0.00025
linear_moderate_confounding,linear,80,outcome-regression,1.0044288644507346,0.011410753481248318,0.9820637876274879,1.0267939412739813,1.0,1.014724716291344,0.49875,0.01220869607876186,0.99,0.00025
linear_moderate_confounding,linear,80,ipw,1.0192615321922724,0.06843779392933608,0.8851234560907737,1.1533996082937712,1.0,1.014724716291344,0.49875,0.01220869607876186,0.99,0.00025
linear_moderate_confounding,linear,80,aipw,0.999525304316481,0.03755546923114052,0.9259165846234456,1.0731340240095164,1.0,1.014724716291344,0.49875,0.01220869607876186,0.99,0.00025
linear_moderate_confounding,linear,81,difference-in-means,2.0829339197682395,0.04993085840276595,1.9850694372988182,2.1807984022376607,1.0,1.0041826220666077,0.482,0.032412914906479094,0.9666822233680301,0.0
linear_moderate_confounding,linear,81,outcome-regression,1.036381229135351,0.011870778876566884,1.0131145025372799,1.059647955733422,1.0,1.0041826220666077,0.482,0.032412914906479094,0.9666822233680301,0.0
linear_moderate_confounding,linear,81,ipw,1.0194885584211217,0.06953084439750497,0.8832081034020121,1.1557690134402314,1.0,1.0041826220666077,0.482,0.032412914906479094,0.9666822233680301,0.0
linear_moderate_confounding,linear,81,aipw,1.0392354325344768,0.039575798954446614,0.9616668665837614,1.116803998485192,1.0,1.0041826220666077,0.482,0.032412914906479094,0.9666822233680301,0.0
linear_moderate_confounding,linear,82,difference-in-means,2.0147785503361937,0.05016971035121024,1.9164459180478217,2.1131111826245657,1.0,1.0094872318711952,0.497,0.018376605018493346,0.9703631568049015,0.0
linear_moderate_confounding,linear,82,outcome-regression,0.9952504879384653,0.011301768833288322,0.9730990210252202,1.0174019548517104,1.0,1.0094872318711952,0.497,0.018376605018493346,0.9703631568049015,0.0
linear_moderate_confounding,linear,82,ipw,0.8801121196026555,0.1232012155479996,0.6386377371285762,1.1215865020767346,1.0,1.0094872318711952,0.497,0.018376605018493346,0.9703631568049015,0.0
linear_moderate_confounding,linear,82,aipw,0.955823369310455,0.051504945630255476,0.8548736758751543,1.0567730627457557,1.0,1.0094872318711952,0.497,0.018376605018493346,0.9703631568049015,0.0
linear_moderate_confounding,linear,83,difference-in-means,2.1077079702052472,0.049650183831512075,2.0103936098954835,2.205022330515011,1.0,0.9922191739580339,0.5055,0.025152659127048706,0.9803878082295169,0.0
linear_moderate_confounding,linear,83,outcome-regression,1.030113808612678,0.01082055922788429,1.0089055125260247,1.0513221046993313,1.0,0.9922191739580339,0.5055,0.025152659127048706,0.9803878082295169,0.0
linear_moderate_confounding,linear,83,ipw,1.0443258163713476,0.0705053813396309,0.906135268945671,1.1825163637970242,1.0,0.9922191739580339,0.5055,0.025152659127048706,0.9803878082295169,0.0
linear_moderate_confounding,linear,83,aipw,1.0158720286601375,0.03876725738124009,0.9398882041929069,1.091855853127368,1.0,0.9922191739580339,0.5055,0.025152659127048706,0.9803878082295169,0.0
linear_moderate_confounding,linear,84,difference-in-means,1.9871964407303704,0.04876694583224534,1.8916132268991694,2.082779654561571,1.0,1.016159552796883,0.5065,0.015674233989729138,0.9728364922657234,0.0
linear_moderate_confounding,linear,84,outcome-regression,1.03242396175167,0.011484484325723304,1.0099143724732522,1.0549335510300877,1.0,1.016159552796883,0.5065,0.015674233989729138,0.9728364922657234,0.0
linear_moderate_confounding,linear,84,ipw,0.9731866373854638,0.0814046336327441,0.8136335554652854,1.1327397193056423,1.0,1.016159552796883,0.5065,0.015674233989729138,0.9728364922657234,0.0
linear_moderate_confounding,linear,84,aipw,1.0232208166523376,0.03805671326753993,0.9486296586479593,1.0978119746567159,1.0,1.016159552796883,0.5065,0.015674233989729138,0.9728364922657234,0.0
linear_moderate_confounding,linear,85,difference-in-means,2.0175710219190655,0.05016818240120301,1.9192413844127076,2.1159006594254235,1.0,1.0128991814507873,0.49725,0.022841226638497424,0.9731274122390506,0.0
linear_moderate_confounding,linear,85,outcome-regression,1.0305756718657906,0.011203252377530028,1.0086172972058318,1.0525340465257493,1.0,1.0128991814507873,0.49725,0.022841226638497424,0.9731274122390506,0.0
linear_moderate_confounding,linear,85,ipw,1.0700312018159412,0.06272503935829772,0.9470901246736777,1.1929722789582047,1.0,1.0128991814507873,0.49725,0.022841226638497424,0.9731274122390506,0.0
linear_moderate_confounding,linear,85,aipw,1.0406633322508427,0.03643327548974534,0.9692541122909418,1.1120725522107435,1.0,1.0128991814507873,0.49725,0.022841226638497424,0.9731274122390506,0.0
linear_moderate_confounding,linear,86,difference-in-means,2.0781123013832907,0.04983155000321748,1.9804424633769844,2.175782139389597,1.0,1.0102202243455267,0.503,0.01978552780723228,0.9653666703661764,0.0
linear_moderate_confounding,linear,86,outcome-regression,1.072276858855544,0.011458146384095522,1.0498188919427167,1.0947348257683713,1.0,1.0102202243455267,0.503,0.01978552780723228,0.9653666703661764,0.0
linear_moderate_confounding,linear,86,ipw,1.0688007232295114,0.06717928258261466,0.9371293293675866,1.200472117091436,1.0,1.0102202243455267,0.503,0.01978552780723228,0.9653666703661764,0.0
linear_moderate_confounding,linear,86,aipw,1.065318938284725,0.03868201608633129,0.9895021867555157,1.1411356898139344,1.0,1.0102202243455267,0.503,0.01978552780723228,0.9653666703661764,0.0
linear_moderate_confounding,linear,87,difference-in-means,1.8936215393553737,0.04929853597361413,1.79699640884709,1.9902466698636574,1.0,1.0074043103609336,0.515,0.04575617052529947,0.9679885148757428,0.0
linear_moderate_confounding,linear,87,outcome-regression,0.9268871446630538,0.010916049220524313,0.9054916881908261,0.9482826011352814,1.0,1.0074043103609336,0.515,0.04575617052529947,0.9679885148757428,0.0
linear_moderate_confounding,linear,87,ipw,0.9199181479600024,0.06632672984438756,0.7899177574650027,1.049918538455002,1.0,1.0074043103609336,0.515,0.04575617052529947,0.9679885148757428,0.0
linear_moderate_confounding,linear,87,aipw,0.9364076120009024,0.03734086831961057,0.8632195100944656,1.009595713907339,1.0,1.0074043103609336,0.515,0.04575617052529947,0.9679885148757428,0.0
linear_moderate_confounding,linear,88,difference-in-means,2.0621336297806767,0.04840684133581999,1.9672562207624695,2.157011038798884,1.0,1.0051310769415085,0.505,0.02394589456678502,0.9642253604242395,0.0
linear_moderate_confounding,linear,88,outcome-regression,1.042646958729044,0.010769832717156773,1.0215380866034167,1.063755830854671,1.0,1.0051310769415085,0.505,0.02394589456678502,0.9642253604242395,0.0
linear_moderate_confounding,linear,88,ipw,1.0711524282157927,0.06416638005280163,0.9453863233123015,1.196918533119284,1.0,1.0051310769415085,0.505,0.02394589456678502,0.9642253604242395,0.0
linear_moderate_confounding,linear,88,aipw,1.0433815086101608,0.036816511765418995,0.9712211455499395,1.115541871670382,1.0,1.0051310769415085,0.505,0.02394589456678502,0.9642253604242395,0.0
linear_moderate_confounding,linear,89,difference-in-means,1.980871279548742,0.047857679813404365,1.8870702271144695,2.0746723319830145,1.0,0.9968092231456265,0.50925,0.01,0.9762725849898124,0.00025
linear_moderate_confounding,linear,89,outcome-regression,1.0329613985859032,0.011182071946149591,1.01104453757145,1.0548782596003563,1.0,0.9968092231456265,0.50925,0.01,0.9762725849898124,0.00025
linear_moderate_confounding,linear,89,ipw,1.0055489620167155,0.06601662556371825,0.8761563759118277,1.1349415481216032,1.0,0.9968092231456265,0.50925,0.01,0.9762725849898124,0.00025
linear_moderate_confounding,linear,89,aipw,1.0411885002559504,0.036669005308439175,0.9693172498514097,1.1130597506604913,1.0,0.9968092231456265,0.50925,0.01,0.9762725849898124,0.00025
linear_moderate_confounding,linear,90,difference-in-means,1.989502092643192,0.049559504705195566,1.8923654634210088,2.0866387218653752,1.0,0.9933369171461589,0.49425,0.02367310321225734,0.9680325354482147,0.0
linear_moderate_confounding,linear,90,outcome-regression,0.9960428718247417,0.011453356872318394,0.9735942923549976,1.0184914512944858,1.0,0.9933369171461589,0.49425,0.02367310321225734,0.9680325354482147,0.0
linear_moderate_confounding,linear,90,ipw,0.9875933230900396,0.06704548979148636,0.8561841630987262,1.1190024830813528,1.0,0.9933369171461589,0.49425,0.02367310321225734,0.9680325354482147,0.0
linear_moderate_confounding,linear,90,aipw,0.9930458551439074,0.038248686834716036,0.918078428947864,1.0680132813399508,1.0,0.9933369171461589,0.49425,0.02367310321225734,0.9680325354482147,0.0
linear_moderate_confounding,linear,91,difference-in-means,1.958501333651045,0.04876154524190286,1.8629287049769154,2.0540739623251745,1.0,1.0024538095671276,0.5015,0.02692846498670254,0.9629963856218969,0.0
linear_moderate_confounding,linear,91,outcome-regression,1.0157583747936845,0.01086820548785613,0.9944566920374864,1.0370600575498825,1.0,1.0024538095671276,0.5015,0.02692846498670254,0.9629963856218969,0.0
linear_moderate_confounding,linear,91,ipw,1.0159553738844194,0.07052145525635724,0.8777333215819592,1.1541774261868796,1.0,1.0024538095671276,0.5015,0.02692846498670254,0.9629963856218969,0.0
linear_moderate_confounding,linear,91,aipw,1.0260172565108332,0.037283811142468676,0.9529409866715945,1.0990935263500718,1.0,1.0024538095671276,0.5015,0.02692846498670254,0.9629963856218969,0.0
linear_moderate_confounding,linear,92,difference-in-means,2.115118780250689,0.04837758747935129,2.0202987087911604,2.209938851710217,1.0,1.0171809040387971,0.5105,0.018798619414614602,0.9888137694118835,0.0
linear_moderate_confounding,linear,92,outcome-regression,1.0924625254549032,0.011147451800627452,1.0706135199256734,1.114311530984133,1.0,1.0171809040387971,0.5105,0.018798619414614602,0.9888137694118835,0.0
linear_moderate_confounding,linear,92,ipw,1.0952745767470815,0.06861087064880426,0.9607972702754252,1.229751883218738,1.0,1.0171809040387971,0.5105,0.018798619414614602,0.9888137694118835,0.0
linear_moderate_confounding,linear,92,aipw,1.08018710894751,0.03867126984656241,1.0043914200482476,1.1559827978467723,1.0,1.0171809040387971,0.5105,0.018798619414614602,0.9888137694118835,0.0
linear_moderate_confounding,linear,93,difference-in-means,2.0273616817605316,0.048496533767279464,1.9323084755766637,2.1224148879443994,1.0,0.9941291133108054,0.50075,0.02091221321556723,0.9752806799675082,0.0
linear_moderate_confounding,linear,93,outcome-regression,1.0129036751115894,0.011234994490207978,0.9908830859107818,1.034924264312397,1.0,0.9941291133108054,0.50075,0.02091221321556723,0.9752806799675082,0.0
linear_moderate_confounding,linear,93,ipw,1.0132077769368597,0.06754192119000366,0.8808256114044526,1.1455899424692668,1.0,0.9941291133108054,0.50075,0.02091221321556723,0.9752806799675082,0.0
linear_moderate_confounding,linear,93,aipw,1.018580385039618,0.040212018535630105,0.9397648287097831,1.097395941369453,1.0,0.9941291133108054,0.50075,0.02091221321556723,0.9752806799675082,0.0
linear_moderate_confounding,linear,94,difference-in-means,2.0171095063096645,0.04906104888686323,1.9209498504914124,2.1132691621279163,1.0,0.9891356133095239,0.5005,0.025605423189080313,0.9896335068771028,0.0
linear_moderate_confounding,linear,94,outcome-regression,1.0183950573834943,0.011331337589537754,0.9961856357080003,1.0406044790589883,1.0,0.9891356133095239,0.5005,0.025605423189080313,0.9896335068771028,0.0
linear_moderate_confounding,linear,94,ipw,1.0218940636148437,0.0891013501973307,0.8472554172280755,1.1965327100016119,1.0,0.9891356133095239,0.5005,0.025605423189080313,0.9896335068771028,0.0
linear_moderate_confounding,linear,94,aipw,1.00305609940083,0.044258770756803845,0.9163089087174945,1.0898032900841654,1.0,0.9891356133095239,0.5005,0.025605423189080313,0.9896335068771028,0.0
linear_moderate_confounding,linear,95,difference-in-means,1.9690329376289704,0.049600073443010914,1.8718167936806689,2.0662490815772716,1.0,1.0204302193564547,0.50125,0.022440439227410368,0.9612629731981065,0.0
linear_moderate_confounding,linear,95,outcome-regression,1.0140909940666878,0.012603730495342276,0.989387682295817,1.0387943058375586,1.0,1.0204302193564547,0.50125,0.022440439227410368,0.9612629731981065,0.0
linear_moderate_confounding,linear,95,ipw,1.0363738718526634,0.06525081095159509,0.908482282387537,1.1642654613177896,1.0,1.0204302193564547,0.50125,0.022440439227410368,0.9612629731981065,0.0
linear_moderate_confounding,linear,95,aipw,1.012757122372203,0.039142669204663354,0.9360374907310628,1.0894767540133432,1.0,1.0204302193564547,0.50125,0.022440439227410368,0.9612629731981065,0.0
linear_moderate_confounding,linear,96,difference-in-means,1.9921945439990552,0.049373831725376315,1.8954218338173177,2.0889672541807927,1.0,0.9860095791313174,0.4915,0.02080642165615787,0.9817566058711645,0.0
linear_moderate_confounding,linear,96,outcome-regression,0.9835166065622588,0.011445285046777762,0.9610838478705744,1.0059493652539433,1.0,0.9860095791313174,0.4915,0.02080642165615787,0.9817566058711645,0.0
linear_moderate_confounding,linear,96,ipw,0.9883619706219764,0.07691134141656099,0.8376157414455169,1.1391081997984358,1.0,0.9860095791313174,0.4915,0.02080642165615787,0.9817566058711645,0.0
linear_moderate_confounding,linear,96,aipw,0.9773708222773507,0.039223429738704615,0.9004928999894897,1.0542487445652118,1.0,0.9860095791313174,0.4915,0.02080642165615787,0.9817566058711645,0.0
linear_moderate_confounding,linear,97,difference-in-means,2.0467212752907114,0.049195064241074345,1.9502989493782057,2.1431436012032172,1.0,0.9980051849642069,0.50225,0.022076666529081093,0.9847456767248224,0.0
linear_moderate_confounding,linear,97,outcome-regression,1.0478846905134598,0.01136732385407423,1.0256047357594742,1.0701646452674454,1.0,0.9980051849642069,0.50225,0.022076666529081093,0.9847456767248224,0.0
linear_moderate_confounding,linear,97,ipw,0.9601745121420694,0.08009865014233371,0.8031811578630953,1.1171678664210434,1.0,0.9980051849642069,0.50225,0.022076666529081093,0.9847456767248224,0.0
linear_moderate_confounding,linear,97,aipw,1.0521043984788863,0.04087296138634297,0.9719933941616541,1.1322154027961184,1.0,0.9980051849642069,0.50225,0.022076666529081093,0.9847456767248224,0.0
linear_moderate_confounding,linear,98,difference-in-means,1.9880906851841307,0.049944195145823427,1.8902000626983169,2.0859813076699445,1.0,0.9994821628245187,0.51225,0.024132514227194275,0.9841992524903235,0.0
linear_moderate_confounding,linear,98,outcome-regression,0.9460736207015648,0.011089758376939486,0.9243376942827634,0.9678095471203662,1.0,0.9994821628245187,0.51225,0.024132514227194275,0.9841992524903235,0.0
linear_moderate_confounding,linear,98,ipw,0.9475687558880308,0.0695971721719695,0.8111582984309705,1.083979213345091,1.0,0.9994821628245187,0.51225,0.024132514227194275,0.9841992524903235,0.0
linear_moderate_confounding,linear,98,aipw,0.9381605983410866,0.03926815380116363,0.8611950168908058,1.0151261797913673,1.0,0.9994821628245187,0.51225,0.024132514227194275,0.9841992524903235,0.0
linear_moderate_confounding,linear,99,difference-in-means,2.008318890474242,0.048919512469393106,1.9124366460342315,2.1042011349142524,1.0,0.9925114528351103,0.501,0.020196906513597457,0.9787349424713218,0.0
linear_moderate_confounding,linear,99,outcome-regression,0.9826153250641566,0.011645190328676499,0.9597907520199507,1.0054398981083625,1.0,0.9925114528351103,0.501,0.020196906513597457,0.9787349424713218,0.0
linear_moderate_confounding,linear,99,ipw,1.0216861762492788,0.06231118662845517,0.8995562504575068,1.1438161020410509,1.0,0.9925114528351103,0.501,0.020196906513597457,0.9787349424713218,0.0
linear_moderate_confounding,linear,99,aipw,0.9936347423873427,0.0363499044698459,0.9223889296264448,1.0648805551482408,1.0,0.9925114528351103,0.501,0.020196906513597457,0.9787349424713218,0.0
linear_high_confounding,linear,0,difference-in-means,2.500113183397759,0.04544832444404299,2.411034467487435,2.589191899308083,1.0,0.9972506372193501,0.5085,0.01,0.99,0.02575
linear_high_confounding,linear,0,outcome-regression,1.0163502083043647,0.010145955593491348,0.9964641353411217,1.0362362812676078,1.0,0.9972506372193501,0.5085,0.01,0.99,0.02575
linear_high_confounding,linear,0,ipw,1.0238843379902811,0.11546187984376133,0.7975790534965089,1.2501896224840534,1.0,0.9972506372193501,0.5085,0.01,0.99,0.02575
linear_high_confounding,linear,0,aipw,1.0153811978482223,0.06756630851563011,0.8829512331575873,1.1478111625388574,1.0,0.9972506372193501,0.5085,0.01,0.99,0.02575
linear_high_confounding,linear,1,difference-in-means,2.431393420811207,0.04513488895201395,2.3429290384652597,2.5198578031571546,1.0,0.9664395959324084,0.50075,0.01,0.99,0.025
linear_high_confounding,linear,1,outcome-regression,0.9797916179774981,0.010970774504293561,0.9582888999490827,1.0012943360059134,1.0,0.9664395959324084,0.50075,0.01,0.99,0.025
linear_high_confounding,linear,1,ipw,1.1510705518030517,0.09818608795415418,0.9586258194129096,1.3435152841931939,1.0,0.9664395959324084,0.50075,0.01,0.99,0.025
linear_high_confounding,linear,1,aipw,1.0123980800583232,0.04687108389035159,0.920530755633234,1.1042654044834124,1.0,0.9664395959324084,0.50075,0.01,0.99,0.025
linear_high_confounding,linear,2,difference-in-means,2.4731029182842033,0.04665163312020448,2.3816657173686027,2.564540119199804,1.0,1.012029879596719,0.503,0.01,0.99,0.01675
linear_high_confounding,linear,2,outcome-regression,0.9975471346992484,0.011727128898163986,0.9745619620588469,1.0205323073396497,1.0,1.012029879596719,0.503,0.01,0.99,0.01675
linear_high_confounding,linear,2,ipw,0.9129056158053682,0.14985669334550655,0.6191864968481754,1.2066247347625612,1.0,1.012029879596719,0.503,0.01,0.99,0.01675
linear_high_confounding,linear,2,aipw,1.0599194111951442,0.05935250495643361,0.9435885014805343,1.1762503209097541,1.0,1.012029879596719,0.503,0.01,0.99,0.01675
linear_high_confounding,linear,3,difference-in-means,2.4368703061832955,0.045448471622763574,2.347791301802679,2.525949310563912,1.0,1.0123772091166827,0.491,0.01,0.99,0.0175
linear_high_confounding,linear,3,outcome-regression,1.0257835488795606,0.01145745224075592,1.003326942487679,1.0482401552714422,1.0,1.0123772091166827,0.491,0.01,0.99,0.0175
linear_high_confounding,linear,3,ipw,1.1201363711468189,0.09319743531219896,0.9374693979349089,1.3028033443587288,1.0,1.0123772091166827,0.491,0.01,0.99,0.0175
linear_high_confounding,linear,3,aipw,1.0170251976468627,0.051773923914604225,0.9155483067742385,1.118502088519487,1.0,1.0123772091166827,0.491,0.01,0.99,0.0175
linear_high_confounding,linear,4,difference-in-means,2.51779280678767,0.046691701890366616,2.4262770710825516,2.6093085424927884,1.0,0.9963926652213876,0.51125,0.01,0.99,0.02625
linear_high_confounding,linear,4,outcome-regression,0.9721996112710384,0.01053253083947179,0.9515558508256736,0.9928433717164031,1.0,0.9963926652213876,0.51125,0.01,0.99,0.02625
linear_high_confounding,linear,4,ipw,1.1768202560873282,0.09412227125015332,0.9923406044370278,1.3612999077376287,1.0,0.9963926652213876,0.51125,0.01,0.99,0.02625
linear_high_confounding,linear,4,aipw,1.0012981788704094,0.04639984098469531,0.9103544905404066,1.0922418672004122,1.0,0.9963926652213876,0.51125,0.01,0.99,0.02625
linear_high_confounding,linear,5,difference-in-means,2.5104549361595776,0.045594291628424176,2.421090124567866,2.599819747751289,1.0,0.9892717525605658,0.51,0.01,0.99,0.023
linear_high_confounding,linear,5,outcome-regression,1.0673137791765146,0.011904037182520862,1.0439818662987737,1.0906456920542555,1.0,0.9892717525605658,0.51,0.01,0.99,0.023
linear_high_confounding,linear,5,ipw,1.0146784317986506,0.13519822072437218,0.7496899191788811,1.27966694441842,1.0,0.9892717525605658,0.51,0.01,0.99,0.023
linear_high_confounding,linear,5,aipw,1.0228136296467902,0.06357782077797317,0.8982011009219628,1.1474261583716177,1.0,0.9892717525605658,0.51,0.01,0.99,0.023
linear_high_confounding,linear,6,difference-in-means,2.509446424052847,0.045969512935638765,2.419346178698995,2.599546669406699,1.0,0.9973975001548524,0.4925,0.01,0.99,0.02375
linear_high_confounding,linear,6,outcome-regression,1.002128493671239,0.011889852570314656,0.9788243826334222,1.0254326047090556,1.0,0.9973975001548524,0.4925,0.01,0.99,0.02375
linear_high_confounding,linear,6,ipw,0.9783400501332403,0.14981084842185413,0.6847107872264062,1.2719693130400744,1.0,0.9973975001548524,0.4925,0.01,0.99,0.02375
linear_high_confounding,linear,6,aipw,0.9740482829865118,0.04553105767351066,0.8848074099464309,1.0632891560265927,1.0,0.9973975001548524,0.4925,0.01,0.99,0.02375
linear_high_confounding,linear,7,difference-in-means,2.452987056887624,0.046122786852262385,2.36258639465719,2.5433877191180585,1.0,0.9924406130423729,0.4915,0.01,0.99,0.03075
linear_high_confounding,linear,7,outcome-regression,0.9001092262634477,0.010557638265569673,0.8794162552629311,0.9208021972639643,1.0,0.9924406130423729,0.4915,0.01,0.99,0.03075
linear_high_confounding,linear,7,ipw,0.8798412284341096,0.15144069423732934,0.5830174677289441,1.176664989139275,1.0,0.9924406130423729,0.4915,0.01,0.99,0.03075
linear_high_confounding,linear,7,aipw,0.8393976007266784,0.05586717002935289,0.7298979474691467,0.94889725398421,1.0,0.9924406130423729,0.4915,0.01,0.99,0.03075
linear_high_confounding,linear,8,difference-in-means,2.467581915777576,0.046625593863162895,2.376195751805777,2.5589680797493752,1.0,1.0104501641417873,0.49925,0.01,0.99,0.02125
linear_high_confounding,linear,8,outcome-regression,1.0227430312509473,0.011138766421396868,1.0009110490650095,1.0445750134368852,1.0,1.0104501641417873,0.49925,0.01,0.99,0.02125
linear_high_confounding,linear,8,ipw,1.078001954044958,0.11038907981178961,0.8616393576138502,1.2943645504760655,1.0,1.0104501641417873,0.49925,0.01,0.99,0.02125
linear_high_confounding,linear,8,aipw,1.0505328620784324,0.05637040434315564,0.9400468695658474,1.1610188545910174,1.0,1.0104501641417873,0.49925,0.01,0.99,0.02125
linear_high_confounding,linear,9,difference-in-means,2.4301448215724144,0.04575657650680162,2.340461931619083,2.5198277115257457,1.0,0.9937818719901618,0.50225,0.01,0.99,0.01725
linear_high_confounding,linear,9,outcome-regression,0.9872237327867333,0.011327131054314899,0.9650225559202761,1.0094249096531904,1.0,0.9937818719901618,0.50225,0.01,0.99,0.01725
linear_high_confounding,linear,9,ipw,0.8502823002223289,0.1525836056013721,0.5512184332436396,1.1493461672010181,1.0,0.9937818719901618,0.50225,0.01,0.99,0.01725
linear_high_confounding,linear,9,aipw,0.9931834040809683,0.05738667983853381,0.880705511597442,1.1056612965644945,1.0,0.9937818719901618,0.50225,0.01,0.99,0.01725
linear_high_confounding,linear,10,difference-in-means,2.387373709488946,0.04547423854865807,2.298244201933576,2.476503217044316,1.0,0.9936334618302427,0.497,0.01,0.99,0.0215
linear_high_confounding,linear,10,outcome-regression,0.9999866316118711,0.010773299477488838,0.978870964635993,1.0211022985877491,1.0,0.9936334618302427,0.497,0.01,0.99,0.0215
linear_high_confounding,linear,10,ipw,1.039398043063246,0.09558591377146201,0.8520496520711803,1.2267464340553114,1.0,0.9936334618302427,0.497,0.01,0.99,0.0215
linear_high_confounding,linear,10,aipw,0.9902885731251888,0.05079224758031314,0.8907357678677751,1.0898413783826026,1.0,0.9936334618302427,0.497,0.01,0.99,0.0215
linear_high_confounding,linear,11,difference-in-means,2.5399831567505435,0.045792253212960723,2.4502303404531407,2.6297359730479464,1.0,0.9940986521526687,0.50175,0.01,0.99,0.03325
linear_high_confounding,linear,11,outcome-regression,1.0262083871596468,0.011245521561003767,1.0041671649000794,1.0482496094192142,1.0,0.9940986521526687,0.50175,0.01,0.99,0.03325
linear_high_confounding,linear,11,ipw,1.089571063669748,0.11215935857437052,0.8697387208639817,1.3094034064755142,1.0,0.9940986521526687,0.50175,0.01,0.99,0.03325
linear_high_confounding,linear,11,aipw,1.0052406303288153,0.04972904052483715,0.9077717109001344,1.1027095497574961,1.0,0.9940986521526687,0.50175,0.01,0.99,0.03325
linear_high_confounding,linear,12,difference-in-means,2.5389998168871344,0.0471301060794611,2.4466248089713907,2.631374824802878,1.0,1.0268194934658863,0.51525,0.01,0.99,0.01525
linear_high_confounding,linear,12,outcome-regression,1.0513342254456706,0.0107939925174535,1.0301780001114618,1.0724904507798794,1.0,1.0268194934658863,0.51525,0.01,0.99,0.01525
linear_high_confounding,linear,12,ipw,1.0110150425441682,0.12710500806656544,0.7618892267337,1.2601408583546365,1.0,1.0268194934658863,0.51525,0.01,0.99,0.01525
linear_high_confounding,linear,12,aipw,1.0261567103986637,0.04993684109242962,0.9282805018575017,1.1240329189398257,1.0,1.0268194934658863,0.51525,0.01,0.99,0.01525
linear_high_confounding,linear,13,difference-in-means,2.565211612621706,0.0462073956726669,2.474645117103279,2.655778108140133,1.0,1.0098517452612052,0.50775,0.01,0.99,0.0255
linear_high_confounding,linear,13,outcome-regression,1.05259394549243,0.011039208033941471,1.0309570977459048,1.0742307932389552,1.0,1.0098517452612052,0.50775,0.01,0.99,0.0255
linear_high_confounding,linear,13,ipw,1.0641330319315558,0.12449028195828254,0.820132079293322,1.3081339845697897,1.0,1.0098517452612052,0.50775,0.01,0.99,0.0255
linear_high_confounding,linear,13,aipw,1.0021890657174053,0.0525930864204371,0.8991066163333485,1.105271515101462,1.0,1.0098517452612052,0.50775,0.01,0.99,0.0255
linear_high_confounding,linear,14,difference-in-means,2.4909788937471626,0.04523489433488455,2.402318500850789,2.5796392866435363,1.0,1.0198127970320667,0.5135,0.01,0.99,0.02475
linear_high_confounding,linear,14,outcome-regression,1.0411338915081643,0.010826902361709691,1.0199131628792133,1.0623546201371152,1.0,1.0198127970320667,0.5135,0.01,0.99,0.02475
linear_high_confounding,linear,14,ipw,1.1594093345217589,0.10129383729665409,0.9608734134203168,1.3579452556232008,1.0,1.0198127970320667,0.5135,0.01,0.99,0.02475
linear_high_confounding,linear,14,aipw,1.0990428453828898,0.05137136849328289,0.9983549631360553,1.1997307276297242,1.0,1.0198127970320667,0.5135,0.01,0.99,0.02475
linear_high_confounding,linear,15,difference-in-means,2.4687402832594807,0.04623948895657976,2.378110884904584,2.559369681614377,1.0,1.0082381301699959,0.4975,0.01,0.99,0.02175
linear_high_confounding,linear,15,outcome-regression,1.0046024672755953,0.010704132638345989,0.9836223673044372,1.0255825672467536,1.0,1.0082381301699959,0.4975,0.01,0.99,0.02175
linear_high_confounding,linear,15,ipw,0.9943497462678217,0.12777897429082516,0.7439029566578044,1.244796535877839,1.0,1.0082381301699959,0.4975,0.01,0.99,0.02175
linear_high_confounding,linear,15,aipw,1.0567234081797838,0.05611241299737775,0.9467430787049235,1.1667037376546443,1.0,1.0082381301699959,0.4975,0.01,0.99,0.02175
linear_high_confounding,linear,16,difference-in-means,2.4541599194866683,0.04574462176866103,2.364500460820093,2.543819378153244,1.0,1.0182879148631516,0.5035,0.01,0.99,0.02425
linear_high_confounding,linear,16,outcome-regression,0.9553611771274559,0.011370034017342243,0.9330759104534652,0.9776464438014467,1.0,1.0182879148631516,0.5035,0.01,0.99,0.02425
linear_high_confounding,linear,16,ipw,0.9289841674416629,0.1663619719948279,0.6029147023318002,1.2550536325515256,1.0,1.0182879148631516,0.5035,0.01,0.99,0.02425
linear_high_confounding,linear,16,aipw,0.9903058015459999,0.058404076851994585,0.8758338109160905,1.1047777921759092,1.0,1.0182879148631516,0.5035,0.01,0.99,0.02425
linear_high_confounding,linear,17,difference-in-means,2.437479791611923,0.04583298663017681,2.3476471378167765,2.5273124454070692,1.0,1.004474647893656,0.5105,0.01,0.99,0.01675
linear_high_confounding,linear,17,outcome-regression,0.9623563929350375,0.009508307732747004,0.9437201097788533,0.9809926760912216,1.0,1.004474647893656,0.5105,0.01,0.99,0.01675
linear_high_confounding,linear,17,ipw,0.9563305092867924,0.13613459316485588,0.6895067066836749,1.22315431188991,1.0,1.004474647893656,0.5105,0.01,0.99,0.01675
linear_high_confounding,linear,17,aipw,0.9325012482891559,0.055939281989994136,0.8228602555887674,1.0421422409895444,1.0,1.004474647893656,0.5105,0.01,0.99,0.01675
linear_high_confounding,linear,18,difference-in-means,2.515643059539407,0.04589853591673348,2.4256819291426095,2.6056041899362046,1.0,0.9989268596807399,0.49025,0.01,0.99,0.02075
linear_high_confounding,linear,18,outcome-regression,1.034979879355762,0.010911266053063579,1.0135937978917575,1.0563659608197666,1.0,0.9989268596807399,0.49025,0.01,0.99,0.02075
linear_high_confounding,linear,18,ipw,1.0960461111474173,0.10801123526053624,0.8843440900367663,1.3077481322580684,1.0,0.9989268596807399,0.49025,0.01,0.99,0.02075
linear_high_confounding,linear,18,aipw,1.0067040015408577,0.04510104668202271,0.9183059500440932,1.0951020530376223,1.0,0.9989268596807399,0.49025,0.01,0.99,0.02075
linear_high_confounding,linear,19,difference-in-means,2.476132016887555,0.04597712833318836,2.386016845354506,2.566247188420604,1.0,0.9937085342950533,0.493,0.01,0.99,0.03225
linear_high_confounding,linear,19,outcome-regression,0.9767500564513362,0.01092418263595761,0.9553386584848592,0.9981614544178131,1.0,0.9937085342950533,0.493,0.01,0.99,0.03225
linear_high_confounding,linear,19,ipw,1.1437295010133701,0.09561211259823585,0.9563297603208278,1.3311292417059124,1.0,0.9937085342950533,0.493,0.01,0.99,0.03225
linear_high_confounding,linear,19,aipw,0.9935183779847538,0.04975260298194626,0.8960032761401392,1.0910334798293686,1.0,0.9937085342950533,0.493,0.01,0.99,0.03225
linear_high_confounding,linear,20,difference-in-means,2.465373040351172,0.04699266132126685,2.3732674241614893,2.557478656540855,1.0,0.9903578896561027,0.4875,0.01,0.99,0.0245
linear_high_confounding,linear,20,outcome-regression,0.9663456313517688,0.01115442049095748,0.9444829671894921,0.9882082955140454,1.0,0.9903578896561027,0.4875,0.01,0.99,0.0245
linear_high_confounding,linear,20,ipw,1.0577060571433472,0.1202299333168996,0.822055387842224,1.2933567264444705,1.0,0.9903578896561027,0.4875,0.01,0.99,0.0245
linear_high_confounding,linear,20,aipw,0.9594459823821316,0.061058015536674747,0.8397722719302492,1.079119692834014,1.0,0.9903578896561027,0.4875,0.01,0.99,0.0245
linear_high_confounding,linear,21,difference-in-means,2.521536074309314,0.04546316077526162,2.4324282791898013,2.6106438694288268,1.0,1.0194351158760802,0.49275,0.01,0.99,0.022
linear_high_confounding,linear,21,outcome-regression,1.028151599688178,0.010754150910388175,1.0070734639038172,1.0492297354725388,1.0,1.0194351158760802,0.49275,0.01,0.99,0.022
linear_high_confounding,linear,21,ipw,0.8925421513584397,0.15403272253271952,0.5906380151943095,1.1944462875225699,1.0,1.0194351158760802,0.49275,0.01,0.99,0.022
linear_high_confounding,linear,21,aipw,0.9559113986119471,0.07055248549529297,0.8176285270411728,1.0941942701827214,1.0,1.0194351158760802,0.49275,0.01,0.99,0.022
linear_high_confounding,linear,22,difference-in-means,2.4297548903270325,0.0458794701289266,2.3398311288743363,2.5196786517797287,1.0,1.0095360211518019,0.51525,0.01,0.99,0.024
linear_high_confounding,linear,22,outcome-regression,1.0115530546653346,0.010687327362218118,0.9906058930353872,1.032500216295282,1.0,1.0095360211518019,0.51525,0.01,0.99,0.024
linear_high_confounding,linear,22,ipw,1.132644494552031,0.09262556048581916,0.9510983959998256,1.3141905931042366,1.0,1.0095360211518019,0.51525,0.01,0.99,0.024
linear_high_confounding,linear,22,aipw,0.9949013757950393,0.054358188931102225,0.888359325490079,1.1014434260999997,1.0,1.0095360211518019,0.51525,0.01,0.99,0.024
linear_high_confounding,linear,23,difference-in-means,2.519758803231328,0.04550857881122962,2.430561988761318,2.608955617701338,1.0,0.9985869737922344,0.48825,0.01,0.99,0.02975
linear_high_confounding,linear,23,outcome-regression,1.022075492378163,0.010958821114754396,1.0005962029932443,1.0435547817630817,1.0,0.9985869737922344,0.48825,0.01,0.99,0.02975
linear_high_confounding,linear,23,ipw,1.0945586298345957,0.12761375729610164,0.8444356655342365,1.344681594134955,1.0,0.9985869737922344,0.48825,0.01,0.99,0.02975
linear_high_confounding,linear,23,aipw,0.9714237733916962,0.045559245143978785,0.8821276529094978,1.0607198938738946,1.0,0.9985869737922344,0.48825,0.01,0.99,0.02975
linear_high_confounding,linear,24,difference-in-means,2.4933034334126747,0.04626900350845849,2.402616186536096,2.5839906802892534,1.0,1.007892108106809,0.50875,0.01,0.99,0.0175
linear_high_confounding,linear,24,outcome-regression,1.0283587727937025,0.011310986687417781,1.0061892388863636,1.0505283067010414,1.0,1.007892108106809,0.50875,0.01,0.99,0.0175
linear_high_confounding,linear,24,ipw,0.975413075689087,0.14561659090161733,0.690004557521917,1.260821593856257,1.0,1.007892108106809,0.50875,0.01,0.99,0.0175
linear_high_confounding,linear,24,aipw,0.9568718300264756,0.06421702637655513,0.8310064583284276,1.0827372017245236,1.0,1.007892108106809,0.50875,0.01,0.99,0.0175
linear_high_confounding,linear,25,difference-in-means,2.4210344446466308,0.04530054075116713,2.3322453847743434,2.509823504518918,1.0,0.9898219083260726,0.50725,0.01,0.99,0.01675
linear_high_confounding,linear,25,outcome-regression,0.9893934939567077,0.010346016297771939,0.9691153020130747,1.0096716859003407,1.0,0.9898219083260726,0.50725,0.01,0.99,0.01675
linear_high_confounding,linear,25,ipw,1.0659570890582495,0.11715421264317322,0.83633483227763,1.295579345838869,1.0,0.9898219083260726,0.50725,0.01,0.99,0.01675
linear_high_confounding,linear,25,aipw,0.9399557647395311,0.05407685712665763,0.8339651247712822,1.04594640470778,1.0,0.9898219083260726,0.50725,0.01,0.99,0.01675
linear_high_confounding,linear,26,difference-in-means,2.4984033857333046,0.04687493387451839,2.4065285153392484,2.5902782561273607,1.0,1.0068855985763165,0.5045,0.01,0.99,0.01725
linear_high_confounding,linear,26,outcome-regression,1.026187289432932,0.01111103271989169,1.0044096653019443,1.0479649135639197,1.0,1.0068855985763165,0.5045,0.01,0.99,0.01725
linear_high_confounding,linear,26,ipw,1.190520996751822,0.09880149803685898,0.9968700605995784,1.3841719329040656,1.0,1.0068855985763165,0.5045,0.01,0.99,0.01725
linear_high_confounding,linear,26,aipw,1.0578232704007497,0.05080530935141157,0.9582448640719831,1.1574016767295165,1.0,1.0068855985763165,0.5045,0.01,0.99,0.01725
linear_high_confounding,linear,27,difference-in-means,2.5725626520517832,0.046376577989853784,2.4816645591916697,2.6634607449118968,1.0,0.9999594774412089,0.499,0.01,0.99,0.032
linear_high_confounding,linear,27,outcome-regression,1.0174597147939908,0.01117804508019432,0.99555074643681,1.0393686831511717,1.0,0.9999594774412089,0.499,0.01,0.99,0.032
linear_high_confounding,linear,27,ipw,0.978006725835083,0.14039085726284542,0.7028406455999059,1.25317280607026,1.0,0.9999594774412089,0.499,0.01,0.99,0.032
linear_high_confounding,linear,27,aipw,1.025763789012814,0.053704012819586824,0.9205039238864238,1.131023654139204,1.0,0.9999594774412089,0.499,0.01,0.99,0.032
linear_high_confounding,linear,28,difference-in-means,2.478937411163816,0.0464554385027629,2.387884751698401,2.569990070629231,1.0,1.0007293349667827,0.4945,0.01,0.99,0.02175
linear_high_confounding,linear,28,outcome-regression,1.0322483562410258,0.011602546631057893,1.0095073648441524,1.0549893476378993,1.0,1.0007293349667827,0.4945,0.01,0.99,0.02175
linear_high_confounding,linear,28,ipw,1.016583319951491,0.14147328132575984,0.7392956885530018,1.2938709513499804,1.0,1.0007293349667827,0.4945,0.01,0.99,0.02175
linear_high_confounding,linear,28,aipw,0.9529644191311326,0.057166141136700155,0.8409187825032003,1.065010055759065,1.0,1.0007293349667827,0.4945,0.01,0.99,0.02175
linear_high_confounding,linear,29,difference-in-means,2.4996189770910924,0.04517292615050615,2.4110800418361005,2.5881579123460843,1.0,1.0170598292334951,0.5,0.01,0.99,0.02525
linear_high_confounding,linear,29,outcome-regression,1.0317319692292564,0.010413307293121411,1.0113218869347385,1.0521420515237743,1.0,1.0170598292334951,0.5,0.01,0.99,0.02525
linear_high_confounding,linear,29,ipw,1.0561447888030115,0.1318047441563143,0.7978074902566356,1.3144820873493877,1.0,1.0170598292334951,0.5,0.01,0.99,0.02525
linear_high_confounding,linear,29,aipw,1.0504297146482249,0.05433538256598678,0.9439323648188908,1.1569270644775589,1.0,1.0170598292334951,0.5,0.01,0.99,0.02525
linear_high_confounding,linear,30,difference-in-means,2.465530634077698,0.0466673476257429,2.374062632731242,2.5569986354241543,1.0,1.0125448413979836,0.508,0.01,0.99,0.02125
linear_high_confounding,linear,30,outcome-regression,0.9713013598730517,0.011344088019741055,0.9490669473543591,0.9935357723917442,1.0,1.0125448413979836,0.508,0.01,0.99,0.02125
linear_high_confounding,linear,30,ipw,1.0438117925297707,0.14071156794346948,0.7680171193605705,1.319606465698971,1.0,1.0125448413979836,0.508,0.01,0.99,0.02125
linear_high_confounding,linear,30,aipw,1.0147235546540472,0.05497935509977298,0.9069640186584922,1.1224830906496022,1.0,1.0125448413979836,0.508,0.01,0.99,0.02125
linear_high_confounding,linear,31,difference-in-means,2.400646287453258,0.046707341363911956,2.3090998983799906,2.4921926765265257,1.0,0.9775132554892807,0.48125,0.01,0.99,0.02175
linear_high_confounding,linear,31,outcome-regression,0.9334567296157884,0.011288594817522951,0.9113310837734434,0.9555823754581334,1.0,0.9775132554892807,0.48125,0.01,0.99,0.02175
linear_high_confounding,linear,31,ipw,1.0980140537044534,0.10327814369108468,0.8955888920699274,1.3004392153389794,1.0,0.9775132554892807,0.48125,0.01,0.99,0.02175
linear_high_confounding,linear,31,aipw,0.9301928052772108,0.05007110823518924,0.8320534331362399,1.0283321774181817,1.0,0.9775132554892807,0.48125,0.01,0.99,0.02175
linear_high_confounding,linear,32,difference-in-means,2.470631129251073,0.04652835881358424,2.379435545976448,2.561826712525698,1.0,1.0182260160415904,0.50925,0.01,0.99,0.0215
linear_high_confounding,linear,32,outcome-regression,0.9878067829702059,0.010541016417287441,0.9671463907923225,1.0084671751480891,1.0,1.0182260160415904,0.50925,0.01,0.99,0.0215
linear_high_confounding,linear,32,ipw,0.9115278166599121,0.19003970764983005,0.5390499896662453,1.284005643653579,1.0,1.0182260160415904,0.50925,0.01,0.99,0.0215
linear_high_confounding,linear,32,aipw,0.9919693080093692,0.058648432068785186,0.8770183811545502,1.1069202348641882,1.0,1.0182260160415904,0.50925,0.01,0.99,0.0215
linear_high_confounding,linear,33,difference-in-means,2.386875186279854,0.04484914022440083,2.2989708714400283,2.47477950111968,1.0,0.9978384332714922,0.50425,0.01,0.99,0.02
linear_high_confounding,linear,33,outcome-regression,1.029139585820547,0.010143149834638201,1.009259012144656,1.049020159496438,1.0,0.9978384332714922,0.50425,0.01,0.99,0.02
linear_high_confounding,linear,33,ipw,1.128201262516689,0.11655435684607009,0.8997547230983917,1.3566478019349864,1.0,0.9978384332714922,0.50425,0.01,0.99,0.02
linear_high_confounding,linear,33,aipw,1.0010605690785674,0.052714617517694844,0.8977399187438856,1.1043812194132494,1.0,0.9978384332714922,0.50425,0.01,0.99,0.02
linear_high_confounding,linear,34,difference-in-means,2.456200189694112,0.046461043408738995,2.3651365446129833,2.5472638347752405,1.0,0.9922994144404058,0.49475,0.01,0.99,0.03
linear_high_confounding,linear,34,outcome-regression,0.9578829789305107,0.010083639436171103,0.9381190456356153,0.977646912225406,1.0,0.9922994144404058,0.49475,0.01,0.99,0.03
linear_high_confounding,linear,34,ipw,1.0226904306870999,0.1107815226360128,0.8055586463205148,1.2398222150536848,1.0,0.9922994144404058,0.49475,0.01,0.99,0.03
linear_high_confounding,linear,34,aipw,0.9958251748938479,0.055562570678371,0.8869225363642408,1.104727813423455,1.0,0.9922994144404058,0.49475,0.01,0.99,0.03
linear_high_confounding,linear,35,difference-in-means,2.49882138380397,0.04526398578670828,2.410103971662022,2.587538795945918,1.0,1.0090529398929518,0.501,0.01,0.99,0.0285
linear_high_confounding,linear,35,outcome-regression,0.9982659980519872,0.011551252480846175,0.9756255431895288,1.0209064529144458,1.0,1.0090529398929518,0.501,0.01,0.99,0.0285
linear_high_confounding,linear,35,ipw,0.9900344261880111,0.16476173341177375,0.6671014287009345,1.3129674236750877,1.0,1.0090529398929518,0.501,0.01,0.99,0.0285
linear_high_confounding,linear,35,aipw,0.949215730493495,0.05106835348925278,0.8491217576545596,1.0493097033324303,1.0,1.0090529398929518,0.501,0.01,0.99,0.0285
linear_high_confounding,linear,36,difference-in-means,2.4581459015274487,0.0445786839653244,2.370771680955413,2.5455201220994845,1.0,1.0017698321740356,0.515,0.01,0.99,0.02175
linear_high_confounding,linear,36,outcome-regression,1.03389538151603,0.01107845966706011,1.0121816005685922,1.055609162463468,1.0,1.0017698321740356,0.515,0.01,0.99,0.02175
linear_high_confounding,linear,36,ipw,0.9459018100524558,0.14799878928010546,0.655824183063449,1.2359794370414625,1.0,1.0017698321740356,0.515,0.01,0.99,0.02175
linear_high_confounding,linear,36,aipw,1.0028562614459682,0.07319076729192478,0.8594023575537956,1.1463101653381407,1.0,1.0017698321740356,0.515,0.01,0.99,0.02175
linear_high_confounding,linear,37,difference-in-means,2.515535313272629,0.0462458967855994,2.4248933555728542,2.606177270972404,1.0,1.0013074624217184,0.49175,0.01,0.99,0.033
linear_high_confounding,linear,37,outcome-regression,0.9768366732911758,0.012178567260019592,0.9529666814615374,1.0007066651208143,1.0,1.0013074624217184,0.49175,0.01,0.99,0.033
linear_high_confounding,linear,37,ipw,1.0473002076398974,0.12999396716685527,0.7925120319928611,1.3020883832869337,1.0,1.0013074624217184,0.49175,0.01,0.99,0.033
linear_high_confounding,linear,37,aipw,1.0915048411953443,0.0824605087976856,0.9298822439518806,1.253127438438808,1.0,1.0013074624217184,0.49175,0.01,0.99,0.033
linear_high_confounding,linear,38,difference-in-means,2.4939972491363385,0.046692995302983605,2.4024789783424905,2.5855155199301865,1.0,1.0126107823296784,0.50475,0.01,0.99,0.01875
linear_high_confounding,linear,38,outcome-regression,0.9907049167983175,0.011527269405197773,0.9681114687641299,1.0132983648325051,1.0,1.0126107823296784,0.50475,0.01,0.99,0.01875
linear_high_confounding,linear,38,ipw,1.1486128766984391,0.0878984502546432,0.9763319141993385,1.3208938391975398,1.0,1.0126107823296784,0.50475,0.01,0.99,0.01875
linear_high_confounding,linear,38,aipw,1.0018797033216449,0.05311217098939185,0.8977798481824368,1.105979558460853,1.0,1.0126107823296784,0.50475,0.01,0.99,0.01875
linear_high_confounding,linear,39,difference-in-means,2.4763271626615015,0.04502797658321772,2.388072328558395,2.564581996764608,1.0,1.0177369339671902,0.49775,0.01,0.99,0.02475
linear_high_confounding,linear,39,outcome-regression,1.0230570619461201,0.010811449605116296,1.0018666207200921,1.044247503172148,1.0,1.0177369339671902,0.49775,0.01,0.99,0.02475
linear_high_confounding,linear,39,ipw,1.1258455388040782,0.09252016267874545,0.9445060199537372,1.3071850576544193,1.0,1.0177369339671902,0.49775,0.01,0.99,0.02475
linear_high_confounding,linear,39,aipw,1.0427712734687238,0.0511656803550253,0.9424865399728742,1.1430560069645734,1.0,1.0177369339671902,0.49775,0.01,0.99,0.02475
linear_high_confounding,linear,40,difference-in-means,2.4287235019320543,0.04736321329544634,2.3358916038729793,2.5215553999911293,1.0,0.9943228746110563,0.483,0.01,0.99,0.0195
linear_high_confounding,linear,40,outcome-regression,0.8969830291718781,0.011149293098752377,0.8751304146983234,0.9188356436454328,1.0,0.9943228746110563,0.483,0.01,0.99,0.0195
linear_high_confounding,linear,40,ipw,1.1233894074310644,0.08648888886095815,0.9538711852635864,1.2929076295985424,1.0,0.9943228746110563,0.483,0.01,0.99,0.0195
linear_high_confounding,linear,40,aipw,0.9386064106288995,0.04611730281760979,0.8482164971063844,1.0289963241514146,1.0,0.9943228746110563,0.483,0.01,0.99,0.0195
linear_high_confounding,linear,41,difference-in-means,2.4918420470640994,0.046341652960062464,2.401012407262377,2.582671686865822,1.0,1.0195959007872437,0.49375,0.01,0.99,0.01925
linear_high_confounding,linear,41,outcome-regression,1.0905561048481343,0.011290886046903145,1.068425968196204,1.1126862415000645,1.0,1.0195959007872437,0.49375,0.01,0.99,0.01925
linear_high_confounding,linear,41,ipw,1.178966504689783,0.09660940839142323,0.9896120642425935,1.3683209451369727,1.0,1.0195959007872437,0.49375,0.01,0.99,0.01925
linear_high_confounding,linear,41,aipw,1.114156609832307,0.04871586295352958,1.018673518443389,1.209639701221225,1.0,1.0195959007872437,0.49375,0.01,0.99,0.01925
linear_high_confounding,linear,42,difference-in-means,2.4967853489977156,0.046436514197818024,2.4057697811699925,2.587800916825439,1.0,0.9890492316227072,0.496,0.01,0.99,0.02575
linear_high_confounding,linear,42,outcome-regression,0.9829979996398404,0.011069881211978381,0.9613010324643627,1.004694966815318,1.0,0.9890492316227072,0.496,0.01,0.99,0.02575
linear_high_confounding,linear,42,ipw,1.0775868721260788,0.11832921478240642,0.8456616111525623,1.3095121330995954,1.0,0.9890492316227072,0.496,0.01,0.99,0.02575
linear_high_confounding,linear,42,aipw,0.9429708229545629,0.05474746091346344,0.8356657995641745,1.0502758463449513,1.0,0.9890492316227072,0.496,0.01,0.99,0.02575
linear_high_confounding,linear,43,difference-in-means,2.402959928980997,0.0463236961524493,2.3121654845221964,2.4937543734397978,1.0,0.985054375393815,0.485,0.01,0.99,0.02075
linear_high_confounding,linear,43,outcome-regression,0.9182842213312654,0.010741711083448355,0.8972304676077066,0.9393379750548242,1.0,0.985054375393815,0.485,0.01,0.99,0.02075
linear_high_confounding,linear,43,ipw,0.9359121981750446,0.10900851920126131,0.7222555005405724,1.1495688958095167,1.0,0.985054375393815,0.485,0.01,0.99,0.02075
linear_high_confounding,linear,43,aipw,0.8995438689829411,0.05665639874005859,0.7884973274524263,1.010590410513456,1.0,0.985054375393815,0.485,0.01,0.99,0.02075
linear_high_confounding,linear,44,difference-in-means,2.518732570662076,0.04614978644791035,2.4282789892241716,2.60918615209998,1.0,1.0028999900262066,0.51225,0.01,0.99,0.034
linear_high_confounding,linear,44,outcome-regression,1.0624665802874864,0.011108056579404108,1.0406947893918543,1.0842383711831185,1.0,1.0028999900262066,0.51225,0.01,0.99,0.034
linear_high_confounding,linear,44,ipw,1.2820064296772264,0.09362386890522427,1.098503646622987,1.465509212731466,1.0,1.0028999900262066,0.51225,0.01,0.99,0.034
linear_high_confounding,linear,44,aipw,1.1207059591980153,0.0586198876006698,1.0058109795007024,1.2356009388953282,1.0,1.0028999900262066,0.51225,0.01,0.99,0.034
linear_high_confounding,linear,45,difference-in-means,2.4615230021422043,0.04557681344111728,2.3721924477976146,2.550853556486794,1.0,1.0037947292745297,0.5025,0.01,0.99,0.02025
linear_high_confounding,linear,45,outcome-regression,1.019194052828538,0.010540340338867143,0.9985349857643583,1.0398531198927174,1.0,1.0037947292745297,0.5025,0.01,0.99,0.02025
linear_high_confounding,linear,45,ipw,1.1258972824921234,0.0952811365938685,0.9391462547681412,1.3126483102161057,1.0,1.0037947292745297,0.5025,0.01,0.99,0.02025
linear_high_confounding,linear,45,aipw,1.1476832732748685,0.07502643035333895,1.0006314697823242,1.2947350767674128,1.0,1.0037947292745297,0.5025,0.01,0.99,0.02025
linear_high_confounding,linear,46,difference-in-means,2.412132984336182,0.04550538973814986,2.3229424204494085,2.5013235482229557,1.0,0.9835860185329747,0.4925,0.01,0.99,0.01925
linear_high_confounding,linear,46,outcome-regression,0.9261112804486189,0.011325055876921408,0.9039141709298529,0.9483083899673849,1.0,0.9835860185329747,0.4925,0.01,0.99,0.01925
linear_high_confounding,linear,46,ipw,0.9978605520042805,0.09832884969497446,0.8051360066021305,1.1905850974064305,1.0,0.9835860185329747,0.4925,0.01,0.99,0.01925
linear_high_confounding,linear,46,aipw,0.8902206220035311,0.05257094140610207,0.7871815768475711,0.9932596671594912,1.0,0.9835860185329747,0.4925,0.01,0.99,0.01925
linear_high_confounding,linear,47,difference-in-means,2.452450388950446,0.0459120395408692,2.3624627914503424,2.5424379864505493,1.0,0.9895409478706213,0.50825,0.01,0.99,0.02675
linear_high_confounding,linear,47,outcome-regression,0.9964922332421127,0.011504620191770952,0.9739431776662416,1.0190412888179838,1.0,0.9895409478706213,0.50825,0.01,0.99,0.02675
linear_high_confounding,linear,47,ipw,1.099297439915468,0.11332560775683967,0.8771792487120622,1.3214156311188738,1.0,0.9895409478706213,0.50825,0.01,0.99,0.02675
linear_high_confounding,linear,47,aipw,1.0462929490049362,0.05898046802698734,0.930691231672041,1.1618946663378313,1.0,0.9895409478706213,0.50825,0.01,0.99,0.02675
linear_high_confounding,linear,48,difference-in-means,2.516633025321534,0.04668420676906955,2.4251319800541578,2.60813407058891,1.0,0.9940084598462047,0.49375,0.01,0.99,0.0195
linear_high_confounding,linear,48,outcome-regression,1.0341235471269765,0.011312632085468276,1.0119507882394587,1.0562963060144943,1.0,0.9940084598462047,0.49375,0.01,0.99,0.0195
linear_high_confounding,linear,48,ipw,1.0914140853908953,0.11951362756822174,0.8571673753571807,1.32566079542461,1.0,0.9940084598462047,0.49375,0.01,0.99,0.0195
linear_high_confounding,linear,48,aipw,1.1339517681398206,0.07170557347135903,0.9934088441359569,1.2744946921436844,1.0,0.9940084598462047,0.49375,0.01,0.99,0.0195
linear_high_confounding,linear,49,difference-in-means,2.392781694742964,0.04533950253107834,2.30391626978205,2.4816471197038776,1.0,1.0031053120547742,0.4865,0.01,0.99,0.0195
linear_high_confounding,linear,49,outcome-regression,0.9916951939118778,0.011551781481549365,0.969053702208041,1.0143366856157146,1.0,1.0031053120547742,0.4865,0.01,0.99,0.0195
linear_high_confounding,linear,49,ipw,1.0624217678270507,0.1052012507563541,0.8562273163445966,1.2686162193095047,1.0,1.0031053120547742,0.4865,0.01,0.99,0.0195
linear_high_confounding,linear,49,aipw,1.0120354323370073,0.04760998730151218,0.9187198572260434,1.105351007447971,1.0,1.0031053120547742,0.4865,0.01,0.99,0.0195
linear_high_confounding,linear,50,difference-in-means,2.471226068469923,0.04578619899746548,2.381485118434891,2.5609670185049556,1.0,0.9919581974936541,0.497,0.01,0.99,0.0275
linear_high_confounding,linear,50,outcome-regression,0.9633973705088548,0.011500686449955732,0.9408560250669415,0.985938715950768,1.0,0.9919581974936541,0.497,0.01,0.99,0.0275
linear_high_confounding,linear,50,ipw,0.9185528656513492,0.1353214598550346,0.6533228043354814,1.183782926967217,1.0,0.9919581974936541,0.497,0.01,0.99,0.0275
linear_high_confounding,linear,50,aipw,0.9964994357752738,0.07523812367127412,0.8490327133795765,1.143966158170971,1.0,0.9919581974936541,0.497,0.01,0.99,0.0275
linear_high_confounding,linear,51,difference-in-means,2.4674351728055246,0.04509145715979573,2.379055916772325,2.5558144288387243,1.0,0.9926211304259397,0.498,0.01,0.99,0.01875
linear_high_confounding,linear,51,outcome-regression,1.0410428074713491,0.010882671985370084,1.0197127703800237,1.0623728445626746,1.0,0.9926211304259397,0.498,0.01,0.99,0.01875
linear_high_confounding,linear,51,ipw,1.0445718822925543,0.15014519299947926,0.7502873040135749,1.3388564605715336,1.0,0.9926211304259397,0.498,0.01,0.99,0.01875
linear_high_confounding,linear,51,aipw,0.9901287936679257,0.0611413425353527,0.8702917622986345,1.109965825037217,1.0,0.9926211304259397,0.498,0.01,0.99,0.01875
linear_high_confounding,linear,52,difference-in-means,2.449411979321929,0.04620472067204226,2.358850726804726,2.5399732318391317,1.0,1.0102356846453073,0.50125,0.01,0.99,0.0165
linear_high_confounding,linear,52,outcome-regression,1.0147793010327457,0.012029103245892283,0.9912022586707968,1.0383563433946945,1.0,1.0102356846453073,0.50125,0.01,0.99,0.0165
linear_high_confounding,linear,52,ipw,0.9928119058372357,0.11196524336035572,0.7733600288509385,1.2122637828235328,1.0,1.0102356846453073,0.50125,0.01,0.99,0.0165
linear_high_confounding,linear,52,aipw,1.0586810020474082,0.05892280954077538,0.9431922953474885,1.174169708747328,1.0,1.0102356846453073,0.50125,0.01,0.99,0.0165
linear_high_confounding,linear,53,difference-in-means,2.472660361074289,0.04613731089848405,2.38223123171326,2.563089490435318,1.0,1.0085155372873615,0.5085,0.01,0.99,0.02325
linear_high_confounding,linear,53,outcome-regression,0.9811992311661728,0.01137372818856285,0.9589067239165896,1.003491738415756,1.0,1.0085155372873615,0.5085,0.01,0.99,0.02325
linear_high_confounding,linear,53,ipw,0.7962100804685928,0.19343060799235393,0.41708608880357906,1.1753340721336065,1.0,1.0085155372873615,0.5085,0.01,0.99,0.02325
linear_high_confounding,linear,53,aipw,0.9712095912201442,0.09335423809263281,0.7882352845585838,1.1541838978817045,1.0,1.0085155372873615,0.5085,0.01,0.99,0.02325
linear_high_confounding,linear,54,difference-in-means,2.500967668301632,0.04694966217518877,2.408946330438262,2.592989006165002,1.0,0.9942181137932894,0.4925,0.01,0.99,0.02175
linear_high_confounding,linear,54,outcome-regression,1.0012224581187235,0.01116479474958739,0.9793394604095321,1.0231054558279147,1.0,0.9942181137932894,0.4925,0.01,0.99,0.02175
linear_high_confounding,linear,54,ipw,1.108258461503856,0.09360351799175262,0.9247955662400209,1.291721356767691,1.0,0.9942181137932894,0.4925,0.01,0.99,0.02175
linear_high_confounding,linear,54,aipw,1.0325043167264663,0.05179799420063334,0.9309802480932249,1.1340283853597075,1.0,0.9942181137932894,0.4925,0.01,0.99,0.02175
linear_high_confounding,linear,55,difference-in-means,2.520570764806305,0.0463104482659945,2.4298022862049558,2.6113392434076546,1.0,0.9996840482621959,0.48025,0.01,0.99,0.0235
linear_high_confounding,linear,55,outcome-regression,1.0232920159064267,0.011777726098511677,1.0002076727533438,1.0463763590595097,1.0,0.9996840482621959,0.48025,0.01,0.99,0.0235
linear_high_confounding,linear,55,ipw,1.1275274903103507,0.09399715899163494,0.9432930586867463,1.3117619219339551,1.0,0.9996840482621959,0.48025,0.01,0.99,0.0235
linear_high_confounding,linear,55,aipw,1.0843822001184247,0.0565450828682785,0.9735538376965989,1.1952105625402505,1.0,0.9996840482621959,0.48025,0.01,0.99,0.0235
linear_high_confounding,linear,56,difference-in-means,2.444314703666737,0.04590937411918293,2.3543323303931385,2.534297076940336,1.0,0.99546905454288,0.495,0.01,0.99,0.0165
linear_high_confounding,linear,56,outcome-regression,1.0016290991038723,0.011382425839483174,0.9793195444584853,1.0239386537492594,1.0,0.99546905454288,0.495,0.01,0.99,0.0165
linear_high_confounding,linear,56,ipw,1.0643795262061357,0.11843014101901576,0.8322564498088648,1.2965026026034066,1.0,0.99546905454288,0.495,0.01,0.99,0.0165
linear_high_confounding,linear,56,aipw,0.9764819172289224,0.05338120605604079,0.8718547533590825,1.0811090810987625,1.0,0.99546905454288,0.495,0.01,0.99,0.0165
linear_high_confounding,linear,57,difference-in-means,2.4195344604932614,0.046587338973479046,2.3282232761052426,2.51084564488128,1.0,0.9811538546857992,0.5025,0.01,0.99,0.016
linear_high_confounding,linear,57,outcome-regression,0.9480043365519805,0.010885772155397981,0.9266682231274004,0.9693404499765605,1.0,0.9811538546857992,0.5025,0.01,0.99,0.016
linear_high_confounding,linear,57,ipw,1.0396460350662786,0.11499896514306922,0.814248063385863,1.2650440067466944,1.0,0.9811538546857992,0.5025,0.01,0.99,0.016
linear_high_confounding,linear,57,aipw,0.9575067939965151,0.04996202335617605,0.85958122821841,1.05543235977462,1.0,0.9811538546857992,0.5025,0.01,0.99,0.016
linear_high_confounding,linear,58,difference-in-means,2.512306853913579,0.044991374519942645,2.4241237598544916,2.6004899479726666,1.0,1.0280796446746772,0.507,0.01,0.99,0.036
linear_high_confounding,linear,58,outcome-regression,1.0230376023760577,0.01102945443395006,1.0014198716855156,1.0446553330665997,1.0,1.0280796446746772,0.507,0.01,0.99,0.036
linear_high_confounding,linear,58,ipw,1.1650643950311743,0.11862627598448483,0.932556894101584,1.3975718959607646,1.0,1.0280796446746772,0.507,0.01,0.99,0.036
linear_high_confounding,linear,58,aipw,1.0311276895885302,0.05440104298386006,0.9245016453401644,1.137753733836896,1.0,1.0280796446746772,0.507,0.01,0.99,0.036
linear_high_confounding,linear,59,difference-in-means,2.3910617245046994,0.04511986744524267,2.302626784312024,2.479496664697375,1.0,0.9973932602849581,0.512,0.01,0.99,0.01875
linear_high_confounding,linear,59,outcome-regression,0.9849969163008195,0.011507319808075732,0.9624425694769911,1.007551263124648,1.0,0.9973932602849581,0.512,0.01,0.99,0.01875
linear_high_confounding,linear,59,ipw,0.9136394134934807,0.1288430655455583,0.6611070050241864,1.166171821962775,1.0,0.9973932602849581,0.512,0.01,0.99,0.01875
linear_high_confounding,linear,59,aipw,0.9423897429507573,0.05059851455675778,0.843216654419512,1.0415628314820025,1.0,0.9973932602849581,0.512,0.01,0.99,0.01875
linear_high_confounding,linear,60,difference-in-means,2.3954181858167876,0.045907595529771056,2.3054392985784364,2.4853970730551387,1.0,0.9852757248698374,0.504,0.01,0.99,0.019
linear_high_confounding,linear,60,outcome-regression,0.9404541679355867,0.010631888785965117,0.919615665915095,0.9612926699560783,1.0,0.9852757248698374,0.504,0.01,0.99,0.019
linear_high_confounding,linear,60,ipw,0.970881494385626,0.12635133017327257,0.7232328872460118,1.21853010152524,1.0,0.9852757248698374,0.504,0.01,0.99,0.019
linear_high_confounding,linear,60,aipw,0.9067786325954078,0.05085536779559384,0.8071021117160438,1.0064551534747717,1.0,0.9852757248698374,0.504,0.01,0.99,0.019
linear_high_confounding,linear,61,difference-in-means,2.5283056493634444,0.04513480676938536,2.4398414280954492,2.6167698706314395,1.0,1.0090208987944516,0.51575,0.01,0.99,0.021
linear_high_confounding,linear,61,outcome-regression,1.130730315242124,0.010996332417978113,1.1091775037028868,1.1522831267813611,1.0,1.0090208987944516,0.51575,0.01,0.99,0.021
linear_high_confounding,linear,61,ipw,1.0481143686194185,0.15102339857349403,0.7521085074153702,1.344120229823467,1.0,1.0090208987944516,0.51575,0.01,0.99,0.021
linear_high_confounding,linear,61,aipw,1.0305743842879773,0.0861959988848699,0.8616302264736323,1.1995185421023222,1.0,1.0090208987944516,0.51575,0.01,0.99,0.021
linear_high_confounding,linear,62,difference-in-means,2.5207024777787406,0.04520109061691737,2.4321083401695827,2.6092966153878985,1.0,0.9789626119289355,0.5035,0.01,0.99,0.0215
linear_high_confounding,linear,62,outcome-regression,1.1309722136981026,0.01174067610210526,1.1079604885379764,1.153983938858229,1.0,0.9789626119289355,0.5035,0.01,0.99,0.0215
linear_high_confounding,linear,62,ipw,1.1761952283648753,0.11025735810584023,0.9600908064774285,1.3922996502523222,1.0,0.9789626119289355,0.5035,0.01,0.99,0.0215
linear_high_confounding,linear,62,aipw,1.096879822329681,0.0457260374839998,1.0072567888610413,1.1865028557983206,1.0,0.9789626119289355,0.5035,0.01,0.99,0.0215
linear_high_confounding,linear,63,difference-in-means,2.424729330338958,0.04532000422292831,2.3359021220620186,2.5135565386158976,1.0,0.9908852073304208,0.497,0.01,0.99,0.01475
linear_high_confounding,linear,63,outcome-regression,0.9688870998937975,0.010990489557013287,0.9473457403620514,0.9904284594255436,1.0,0.9908852073304208,0.497,0.01,0.99,0.01475
linear_high_confounding,linear,63,ipw,1.0428454805832996,0.09719047187386282,0.8523521557105285,1.2333388054560708,1.0,0.9908852073304208,0.497,0.01,0.99,0.01475
linear_high_confounding,linear,63,aipw,1.0221090478433272,0.050517085316042654,0.9230955606238836,1.121122535062771,1.0,0.9908852073304208,0.497,0.01,0.99,0.01475
linear_high_confounding,linear,64,difference-in-means,2.517739117363397,0.04697955259496003,2.425659194277275,2.6098190404495187,1.0,0.9902133918515843,0.4975,0.01,0.99,0.025
linear_high_confounding,linear,64,outcome-regression,1.0171774661118764,0.011648437364720118,0.994346528877025,1.0400084033467278,1.0,0.9902133918515843,0.4975,0.01,0.99,0.025
linear_high_confounding,linear,64,ipw,1.1537379418502751,0.10082101705325285,0.9561287484258996,1.3513471352746507,1.0,0.9902133918515843,0.4975,0.01,0.99,0.025
linear_high_confounding,linear,64,aipw,1.016143542256336,0.04907906246818639,0.9199485798186907,1.1123385046939813,1.0,0.9902133918515843,0.4975,0.01,0.99,0.025
linear_high_confounding,linear,65,difference-in-means,2.5188707990905574,0.04547134821306907,2.429746956592942,2.607994641588173,1.0,0.9804654449442209,0.486,0.01,0.99,0.02375
linear_high_confounding,linear,65,outcome-regression,1.0049441537737958,0.010314122000985262,0.9847284746518646,1.0251598328957268,1.0,0.9804654449442209,0.486,0.01,0.99,0.02375
linear_high_confounding,linear,65,ipw,1.1509803589642393,0.08907206333313576,0.9763991148312933,1.3255616030971855,1.0,0.9804654449442209,0.486,0.01,0.99,0.02375
linear_high_confounding,linear,65,aipw,1.0569675574425053,0.05752719807329181,0.9442142492188533,1.1697208656661573,1.0,0.9804654449442209,0.486,0.01,0.99,0.02375
linear_high_confounding,linear,66,difference-in-means,2.457171505487299,0.046163667185195274,2.366690717804316,2.5476522931702816,1.0,0.9973334154467675,0.48825,0.01,0.99,0.0205
linear_high_confounding,linear,66,outcome-regression,0.9892978167995016,0.011329676925418973,0.9670916500256804,1.0115039835733228,1.0,0.9973334154467675,0.48825,0.01,0.99,0.0205
linear_high_confounding,linear,66,ipw,0.9937321718238147,0.14784730786739808,0.7039514484037144,1.283512895243915,1.0,0.9973334154467675,0.48825,0.01,0.99,0.0205
linear_high_confounding,linear,66,aipw,0.9690394159863375,0.05451882780067764,0.8621825134970093,1.0758963184756656,1.0,0.9973334154467675,0.48825,0.01,0.99,0.0205
linear_high_confounding,linear,67,difference-in-means,2.400580672514835,0.045640322788089376,2.31112563985018,2.49003570517949,1.0,0.9870571785985244,0.50775,0.01,0.99,0.01625
linear_high_confounding,linear,67,outcome-regression,0.9890958294219686,0.011477783797118111,0.9665993731796171,1.01159228566432,1.0,0.9870571785985244,0.50775,0.01,0.99,0.01625
linear_high_confounding,linear,67,ipw,0.9635971653254051,0.12723002366802022,0.7142263189360855,1.2129680117147248,1.0,0.9870571785985244,0.50775,0.01,0.99,0.01625
linear_high_confounding,linear,67,aipw,0.9877731431803828,0.06121144633377385,0.867798708366186,1.1077475779945796,1.0,0.9870571785985244,0.50775,0.01,0.99,0.01625
linear_high_confounding,linear,68,difference-in-means,2.5117061128181293,0.045087529068760915,2.4233345558433577,2.600077669792901,1.0,1.0020162059998703,0.50625,0.01,0.99,0.02625
linear_high_confounding,linear,68,outcome-regression,1.0432917202313647,0.01027198348811487,1.0231586325946596,1.06342480786807,1.0,1.0020162059998703,0.50625,0.01,0.99,0.02625
linear_high_confounding,linear,68,ipw,1.2049485466679768,0.11734029660404986,0.9749615653240391,1.4349355280119145,1.0,1.0020162059998703,0.50625,0.01,0.99,0.02625
linear_high_confounding,linear,68,aipw,1.047689850540362,0.07057561689162681,0.9093616414327734,1.1860180596479506,1.0,1.0020162059998703,0.50625,0.01,0.99,0.02625
linear_high_confounding,linear,69,difference-in-means,2.508023030371196,0.045874049827466686,2.4181098927093614,2.5979361680330304,1.0,0.9936694144599455,0.4825,0.01,0.99,0.03075
linear_high_confounding,linear,69,outcome-regression,0.9791825964063519,0.011213147709341514,0.9572048268960425,1.0011603659166612,1.0,0.9936694144599455,0.4825,0.01,0.99,0.03075
linear_high_confounding,linear,69,ipw,1.0887257730169577,0.10771207113821561,0.8776101135860551,1.2998414324478604,1.0,0.9936694144599455,0.4825,0.01,0.99,0.03075
linear_high_confounding,linear,69,aipw,0.9919535483523939,0.050180284267550695,0.8936001911879945,1.0903069055167933,1.0,0.9936694144599455,0.4825,0.01,0.99,0.03075
linear_high_confounding,linear,70,difference-in-means,2.435446039223066,0.04626879766062617,2.3447591958082388,2.526132882637893,1.0,0.987503536440723,0.49125,0.01,0.99,0.019
linear_high_confounding,linear,70,outcome-regression,0.958640658379297,0.011430606489843165,0.9362366696592044,0.9810446470993897,1.0,0.987503536440723,0.49125,0.01,0.99,0.019
linear_high_confounding,linear,70,ipw,0.9572495859411719,0.1299807536696656,0.7024873087486274,1.2120118631337164,1.0,0.987503536440723,0.49125,0.01,0.99,0.019
linear_high_confounding,linear,70,aipw,0.9488508994132436,0.0503980893542959,0.8500706442788237,1.0476311545476635,1.0,0.987503536440723,0.49125,0.01,0.99,0.019
linear_high_confounding,linear,71,difference-in-means,2.397273805278849,0.046193369686942154,2.3067348006924426,2.4878128098652557,1.0,0.9826904831513886,0.5015,0.01,0.99,0.0185
linear_high_confounding,linear,71,outcome-regression,0.9178160724252545,0.01086200411649863,0.8965265443569173,0.9391056004935918,1.0,0.9826904831513886,0.5015,0.01,0.99,0.0185
linear_high_confounding,linear,71,ipw,0.9595715282051499,0.1418740729664582,0.6814983451908918,1.237644711219408,1.0,0.9826904831513886,0.5015,0.01,0.99,0.0185
linear_high_confounding,linear,71,aipw,0.8936037871859287,0.04942154345446882,0.7967375620151698,0.9904700123566876,1.0,0.9826904831513886,0.5015,0.01,0.99,0.0185
linear_high_confounding,linear,72,difference-in-means,2.503287898880359,0.045962596009807316,2.4132012107011365,2.5933745870595812,1.0,0.9990749614355009,0.49975,0.01,0.99,0.02225
linear_high_confounding,linear,72,outcome-regression,1.0406049642733672,0.011365256895541756,1.0183290607581055,1.062880867788629,1.0,0.9990749614355009,0.49975,0.01,0.99,0.02225
linear_high_confounding,linear,72,ipw,1.2383039471388773,0.08585192076136955,1.0700341824465929,1.4065737118311616,1.0,0.9990749614355009,0.49975,0.01,0.99,0.02225
linear_high_confounding,linear,72,aipw,1.0741083949566137,0.04885483764838307,0.9783529131657829,1.1698638767474445,1.0,0.9990749614355009,0.49975,0.01,0.99,0.02225
linear_high_confounding,linear,73,difference-in-means,2.464555349685223,0.0455060298874988,2.3753635311057253,2.5537471682647204,1.0,1.0055110549344808,0.49625,0.01,0.99,0.01975
linear_high_confounding,linear,73,outcome-regression,0.9966585294713015,0.010386691157582022,0.9763006148024408,1.0170164441401623,1.0,1.0055110549344808,0.49625,0.01,0.99,0.01975
linear_high_confounding,linear,73,ipw,0.9726470848995593,0.11363378974272906,0.7499248570038104,1.1953693127953082,1.0,1.0055110549344808,0.49625,0.01,0.99,0.01975
linear_high_confounding,linear,73,aipw,1.02860842748879,0.06277432983630775,0.9055707410096268,1.151646113967953,1.0,1.0055110549344808,0.49625,0.01,0.99,0.01975
linear_high_confounding,linear,74,difference-in-means,2.4746616750283383,0.04678460615637718,2.382963846961839,2.5663595030948376,1.0,1.0030424551066115,0.506,0.01,0.99,0.02425
linear_high_confounding,linear,74,outcome-regression,0.9704680786402199,0.011637046616568624,0.9476594672717454,0.9932766900086943,1.0,1.0030424551066115,0.506,0.01,0.99,0.02425
linear_high_confounding,linear,74,ipw,1.0769050505812237,0.10289136652193977,0.8752379721982217,1.2785721289642256,1.0,1.0030424551066115,0.506,0.01,0.99,0.02425
linear_high_confounding,linear,74,aipw,0.9573857820652311,0.05573368667953749,0.8481477561733376,1.0666238079571246,1.0,1.0030424551066115,0.506,0.01,0.99,0.02425
linear_high_confounding,linear,75,difference-in-means,2.4252573683904943,0.04626390352915977,2.334580117473341,2.5159346193076475,1.0,1.010355341198077,0.4975,0.01,0.99,0.02275
linear_high_confounding,linear,75,outcome-regression,0.9938625350681859,0.011745626078296156,0.9708411079547254,1.0168839621816463,1.0,1.010355341198077,0.4975,0.01,0.99,0.02275
linear_high_confounding,linear,75,ipw,1.0770327879380772,0.10911052930127631,0.8631761505075757,1.2908894253685788,1.0,1.010355341198077,0.4975,0.01,0.99,0.02275
linear_high_confounding,linear,75,aipw,1.0151526016758807,0.045746864643337944,0.9254887469749383,1.104816456376823,1.0,1.010355341198077,0.4975,0.01,0.99,0.02275
linear_high_confounding,linear,76,difference-in-means,2.437809633717035,0.045570749794399845,2.3484909641200113,2.5271283033140586,1.0,0.9971978083284861,0.49775,0.01,0.99,0.01875
linear_high_confounding,linear,76,outcome-regression,0.9927465790718484,0.011039136000842761,0.9711098725101965,1.0143832856335002,1.0,0.9971978083284861,0.49775,0.01,0.99,0.01875
linear_high_confounding,linear,76,ipw,1.0123603290616214,0.10580230928061517,0.8049878028716158,1.2197328552516271,1.0,0.9971978083284861,0.49775,0.01,0.99,0.01875
linear_high_confounding,linear,76,aipw,0.9446000142418572,0.04778390395327369,0.8509435624934408,1.0382564659902738,1.0,0.9971978083284861,0.49775,0.01,0.99,0.01875
linear_high_confounding,linear,77,difference-in-means,2.4864388729184066,0.04607255837227104,2.3961366585087553,2.576741087328058,1.0,0.9976651747764559,0.50375,0.01,0.99,0.0205
linear_high_confounding,linear,77,outcome-regression,0.9842360982886711,0.010988942432740312,0.9626977711205,1.0057744254568421,1.0,0.9976651747764559,0.50375,0.01,0.99,0.0205
linear_high_confounding,linear,77,ipw,0.96563327174901,0.12535517512793212,0.7199371284982631,1.2113294149997569,1.0,0.9976651747764559,0.50375,0.01,0.99,0.0205
linear_high_confounding,linear,77,aipw,0.9781699519891042,0.049532101942339424,0.8810870321821189,1.0752528717960894,1.0,0.9976651747764559,0.50375,0.01,0.99,0.0205
linear_high_confounding,linear,78,difference-in-means,2.414422929960394,0.04492818011387935,2.3263636969371904,2.502482162983598,1.0,0.9789975679846126,0.494,0.01,0.99,0.0225
linear_high_confounding,linear,78,outcome-regression,1.0127971834298821,0.010939034927108677,0.9913566749727492,1.034237691887015,1.0,0.9789975679846126,0.494,0.01,0.99,0.0225
linear_high_confounding,linear,78,ipw,0.9969579881483936,0.11066888471077825,0.7800469741152682,1.213869002181519,1.0,0.9789975679846126,0.494,0.01,0.99,0.0225
linear_high_confounding,linear,78,aipw,0.9579701934542315,0.04584344152865585,0.868117048058066,1.047823338850397,1.0,0.9789975679846126,0.494,0.01,0.99,0.0225
linear_high_confounding,linear,79,difference-in-means,2.4122783500182123,0.045602830457217934,2.3228968023220653,2.5016598977143594,1.0,0.9819776678615875,0.49025,0.01,0.99,0.019
linear_high_confounding,linear,79,outcome-regression,0.9849891262513251,0.011115079381912592,0.9632035706627764,1.0067746818398737,1.0,0.9819776678615875,0.49025,0.01,0.99,0.019
linear_high_confounding,linear,79,ipw,1.2012223601698107,0.0809063927087352,1.0426458304606896,1.3597988898789317,1.0,0.9819776678615875,0.49025,0.01,0.99,0.019
linear_high_confounding,linear,79,aipw,1.0554238562724143,0.046544813699551095,0.9641960214212941,1.1466516911235345,1.0,0.9819776678615875,0.49025,0.01,0.99,0.019
linear_high_confounding,linear,80,difference-in-means,2.523710182203286,0.046965723257840764,2.431657364617918,2.6157629997886542,1.0,1.014724716291344,0.49325,0.01,0.99,0.0225
linear_high_confounding,linear,80,outcome-regression,0.9973808072754352,0.011924451273045637,0.9740088827802658,1.0207527317706047,1.0,1.014724716291344,0.49325,0.01,0.99,0.0225
linear_high_confounding,linear,80,ipw,1.0384353542977824,0.12877008403904394,0.7860459895812564,1.2908247190143085,1.0,1.014724716291344,0.49325,0.01,0.99,0.0225
linear_high_confounding,linear,80,aipw,0.9380021920535815,0.04628561053068779,0.8472823954134334,1.0287219886937295,1.0,1.014724716291344,0.49325,0.01,0.99,0.0225
linear_high_confounding,linear,81,difference-in-means,2.5458471628887613,0.046538745390648985,2.4546312219230892,2.6370631038544334,1.0,1.0041826220666077,0.4845,0.01,0.99,0.01825
linear_high_confounding,linear,81,outcome-regression,1.0346754285188975,0.011579001821137745,1.0119805849494674,1.0573702720883276,1.0,1.0041826220666077,0.4845,0.01,0.99,0.01825
linear_high_confounding,linear,81,ipw,1.1213818277743746,0.09158614208429774,0.941872989289151,1.300890666259598,1.0,1.0041826220666077,0.4845,0.01,0.99,0.01825
linear_high_confounding,linear,81,aipw,1.1054746923165977,0.05788883610517892,0.992012573550447,1.2189368110827483,1.0,1.0041826220666077,0.4845,0.01,0.99,0.01825
linear_high_confounding,linear,82,difference-in-means,2.530253157728163,0.046585872944013694,2.438944846757896,2.62156146869843,1.0,1.0094872318711952,0.50025,0.01,0.99,0.031
linear_high_confounding,linear,82,outcome-regression,0.9860933556878688,0.01135085771991024,0.9638456745568448,1.008341036818893,1.0,1.0094872318711952,0.50025,0.01,0.99,0.031
linear_high_confounding,linear,82,ipw,0.9987638356826495,0.11899192837438018,0.7655396560688643,1.2319880152964346,1.0,1.0094872318711952,0.50025,0.01,0.99,0.031
linear_high_confounding,linear,82,aipw,0.9950490809985381,0.049568925219515565,0.8978939875682875,1.0922041744287885,1.0,1.0094872318711952,0.50025,0.01,0.99,0.031
linear_high_confounding,linear,83,difference-in-means,2.5249242590382073,0.04681259608482279,2.433171570711955,2.6166769473644598,1.0,0.9922191739580339,0.50875,0.01,0.99,0.026
linear_high_confounding,linear,83,outcome-regression,1.0185438660435182,0.010813444493634652,0.9973495148359943,1.039738217251042,1.0,0.9922191739580339,0.50875,0.01,0.99,0.026
linear_high_confounding,linear,83,ipw,1.0784542530963555,0.12595974680245198,0.8315731493635496,1.3253353568291613,1.0,0.9922191739580339,0.50875,0.01,0.99,0.026
linear_high_confounding,linear,83,aipw,0.9574240701350925,0.052800430603444436,0.8539352261523414,1.0609129141178435,1.0,0.9922191739580339,0.50875,0.01,0.99,0.026
linear_high_confounding,linear,84,difference-in-means,2.4731786281232297,0.04528922731837436,2.384411742579216,2.5619455136672435,1.0,1.016159552796883,0.516,0.01,0.99,0.01625
linear_high_confounding,linear,84,outcome-regression,1.0665353431481177,0.011578392504135856,1.0438416938400115,1.089228992456224,1.0,1.016159552796883,0.516,0.01,0.99,0.01625
linear_high_confounding,linear,84,ipw,1.0381458223836697,0.1375947006577568,0.7684602090944663,1.307831435672873,1.0,1.016159552796883,0.516,0.01,0.99,0.01625
linear_high_confounding,linear,84,aipw,1.1350540514932637,0.055884957418113654,1.025519534953761,1.2445885680327664,1.0,1.016159552796883,0.516,0.01,0.99,0.01625
linear_high_confounding,linear,85,difference-in-means,2.5125467590506942,0.046745114071278966,2.4209263354709876,2.604167182630401,1.0,1.0128991814507873,0.5035,0.01,0.99,0.02225
linear_high_confounding,linear,85,outcome-regression,1.0242766463479342,0.010928765641698961,1.0028562656902043,1.0456970270056642,1.0,1.0128991814507873,0.5035,0.01,0.99,0.02225
linear_high_confounding,linear,85,ipw,1.1381776094013896,0.11323566919817316,0.9162356977729702,1.360119521029809,1.0,1.0128991814507873,0.5035,0.01,0.99,0.02225
linear_high_confounding,linear,85,aipw,1.0779503470658485,0.04419403660371457,0.9913300353225679,1.164570658809129,1.0,1.0128991814507873,0.5035,0.01,0.99,0.02225
linear_high_confounding,linear,86,difference-in-means,2.5690568818541366,0.046096624155743095,2.47870749850888,2.6594062651993933,1.0,1.0102202243455267,0.5125,0.01,0.99,0.024
linear_high_confounding,linear,86,outcome-regression,1.0700209688486184,0.011763935516447114,1.0469636552363821,1.0930782824608547,1.0,1.0102202243455267,0.5125,0.01,0.99,0.024
linear_high_confounding,linear,86,ipw,1.2191258714339543,0.10131414419030146,1.0205501488209634,1.4177015940469453,1.0,1.0102202243455267,0.5125,0.01,0.99,0.024
linear_high_confounding,linear,86,aipw,1.1700481528457058,0.09470146412795613,0.9844332831549119,1.3556630225364998,1.0,1.0102202243455267,0.5125,0.01,0.99,0.024
linear_high_confounding,linear,87,difference-in-means,2.3823264988809214,0.04613027241028893,2.291911164956755,2.4727418328050876,1.0,1.0074043103609336,0.51525,0.01,0.99,0.02075
linear_high_confounding,linear,87,outcome-regression,0.9133406186783841,0.010395800156293508,0.8929648503720489,0.9337163869847194,1.0,1.0074043103609336,0.51525,0.01,0.99,0.02075
linear_high_confounding,linear,87,ipw,1.041345373656768,0.08855693721446868,0.8677737767164093,1.2149169705971266,1.0,1.0074043103609336,0.51525,0.01,0.99,0.02075
linear_high_confounding,linear,87,aipw,0.9570985577977694,0.04741277303586813,0.8641695226474679,1.050027592948071,1.0,1.0074043103609336,0.51525,0.01,0.99,0.02075
linear_high_confounding,linear,88,difference-in-means,2.5243762965876257,0.04514277953543292,2.4358964486981773,2.612856144477074,1.0,1.0051310769415085,0.5075,0.01,0.99,0.022
linear_high_confounding,linear,88,outcome-regression,1.080753826439369,0.010907313875608142,1.059375491243177,1.102132161635561,1.0,1.0051310769415085,0.5075,0.01,0.99,0.022
linear_high_confounding,linear,88,ipw,1.0780274288186869,0.12135804284542467,0.8401656648416544,1.3158891927957193,1.0,1.0051310769415085,0.5075,0.01,0.99,0.022
linear_high_confounding,linear,88,aipw,1.0600057806272694,0.05238420115995239,0.9573327463537626,1.162678814900776,1.0,1.0051310769415085,0.5075,0.01,0.99,0.022
linear_high_confounding,linear,89,difference-in-means,2.4439807064687686,0.04465062832234423,2.356465474956974,2.5314959379805635,1.0,0.9968092231456265,0.50275,0.01,0.99,0.02125
linear_high_confounding,linear,89,outcome-regression,1.0474809194661303,0.01088953592781963,1.0261374290476037,1.0688244098846569,1.0,0.9968092231456265,0.50275,0.01,0.99,0.02125
linear_high_confounding,linear,89,ipw,0.9347115194635557,0.18452099234612812,0.5730503744651445,1.2963726644619669,1.0,0.9968092231456265,0.50275,0.01,0.99,0.02125
linear_high_confounding,linear,89,aipw,1.065374141949224,0.06250651939009032,0.9428613639446469,1.187886919953801,1.0,0.9968092231456265,0.50275,0.01,0.99,0.02125
linear_high_confounding,linear,90,difference-in-means,2.427340646278349,0.0465441516561121,2.3361141090323696,2.5185671835243286,1.0,0.9933369171461589,0.49025,0.01,0.99,0.01375
linear_high_confounding,linear,90,outcome-regression,0.9815907198558762,0.011377229579835921,0.9592913498793978,1.0038900898323546,1.0,0.9933369171461589,0.49025,0.01,0.99,0.01375
linear_high_confounding,linear,90,ipw,1.0109517110017454,0.11791245513830123,0.7798432989306749,1.2420601230728159,1.0,0.9933369171461589,0.49025,0.01,0.99,0.01375
linear_high_confounding,linear,90,aipw,0.9826653815061182,0.0564714565489937,0.8719813266700905,1.0933494363421459,1.0,0.9933369171461589,0.49025,0.01,0.99,0.01375
linear_high_confounding,linear,91,difference-in-means,2.3990554809989852,0.045963286928218154,2.3089674386196775,2.489143523378293,1.0,1.0024538095671276,0.49775,0.01,0.99,0.01825
linear_high_confounding,linear,91,outcome-regression,0.9641595707244509,0.01094538413826578,0.94270661781345,0.9856125236354518,1.0,1.0024538095671276,0.49775,0.01,0.99,0.01825
linear_high_confounding,linear,91,ipw,0.8575243727620253,0.18028163759294233,0.5041723630798584,1.2108763824441922,1.0,1.0024538095671276,0.49775,0.01,0.99,0.01825
linear_high_confounding,linear,91,aipw,0.9408185051406996,0.07021507743435067,0.8031969533693724,1.078440056912027,1.0,1.0024538095671276,0.49775,0.01,0.99,0.01825
linear_high_confounding,linear,92,difference-in-means,2.5181793185825967,0.04573876733595142,2.428531334604132,2.6078273025610614,1.0,1.0171809040387971,0.509,0.01,0.99,0.01925
linear_high_confounding,linear,92,outcome-regression,1.0967955573891568,0.011391374220534723,1.0744684639169086,1.119122650861405,1.0,1.0171809040387971,0.509,0.01,0.99,0.01925
linear_high_confounding,linear,92,ipw,1.0908356441919647,0.1286141821847675,0.8387518471098203,1.342919441274109,1.0,1.0171809040387971,0.509,0.01,0.99,0.01925
linear_high_confounding,linear,92,aipw,1.0862386908454587,0.0615913155466871,0.965519712373952,1.2069576693169655,1.0,1.0171809040387971,0.509,0.01,0.99,0.01925
linear_high_confounding,linear,93,difference-in-means,2.421976140107475,0.04576272770594057,2.3322811938038313,2.5116710864111185,1.0,0.9941291133108054,0.51,0.01,0.99,0.0185
linear_high_confounding,linear,93,outcome-regression,0.9848418890858058,0.010852710870875668,0.9635705757788895,1.0061132023927222,1.0,0.9941291133108054,0.51,0.01,0.99,0.0185
linear_high_confounding,linear,93,ipw,0.9677830209708281,0.1151301148702953,0.7421279958250493,1.193438046116607,1.0,0.9941291133108054,0.51,0.01,0.99,0.0185
linear_high_confounding,linear,93,aipw,0.9681811865224718,0.05522610804720432,0.8599380147499514,1.0764243582949922,1.0,0.9941291133108054,0.51,0.01,0.99,0.0185
linear_high_confounding,linear,94,difference-in-means,2.4536337079923376,0.046198513389833454,2.363084621748264,2.544182794236411,1.0,0.9891356133095239,0.499,0.01,0.99,0.02025
linear_high_confounding,linear,94,outcome-regression,1.0068326212701844,0.011432516275372638,0.984424889370454,1.0292403531699148,1.0,0.9891356133095239,0.499,0.01,0.99,0.02025
linear_high_confounding,linear,94,ipw,1.1421707524321163,0.09429770314018728,0.9573472542773492,1.3269942505868833,1.0,0.9891356133095239,0.499,0.01,0.99,0.02025
linear_high_confounding,linear,94,aipw,1.0067694484102487,0.04812027760426978,0.91245370430588,1.1010851925146175,1.0,0.9891356133095239,0.499,0.01,0.99,0.02025
linear_high_confounding,linear,95,difference-in-means,2.47179738403716,0.04629755625471323,2.381054173777922,2.5625405942963977,1.0,1.0204302193564547,0.50525,0.01,0.99,0.0155
linear_high_confounding,linear,95,outcome-regression,1.061148300971255,0.012086171671573963,1.03745940449497,1.08483719744754,1.0,1.0204302193564547,0.50525,0.01,0.99,0.0155
linear_high_confounding,linear,95,ipw,1.0728587854616036,0.1329198652692919,0.8123358495337916,1.3333817213894157,1.0,1.0204302193564547,0.50525,0.01,0.99,0.0155
linear_high_confounding,linear,95,aipw,1.0419838994667803,0.059712071845293986,0.9249482386500041,1.1590195602835565,1.0,1.0204302193564547,0.50525,0.01,0.99,0.0155
linear_high_confounding,linear,96,difference-in-means,2.422236893074341,0.04682905534016957,2.3304519446076086,2.5140218415410733,1.0,0.9860095791313174,0.4865,0.01,0.99,0.023
linear_high_confounding,linear,96,outcome-regression,0.9510859908019454,0.01131345813399357,0.928911612859318,0.9732603687445729,1.0,0.9860095791313174,0.4865,0.01,0.99,0.023
linear_high_confounding,linear,96,ipw,0.9817979933068334,0.17477702826249691,0.6392350179123394,1.3243609687013274,1.0,0.9860095791313174,0.4865,0.01,0.99,0.023
linear_high_confounding,linear,96,aipw,0.893801695089852,0.07737503035041562,0.7421466356030373,1.0454567545766666,1.0,0.9860095791313174,0.4865,0.01,0.99,0.023
linear_high_confounding,linear,97,difference-in-means,2.514204277145219,0.04550458585409786,2.425015288871187,2.603393265419251,1.0,0.9980051849642069,0.50425,0.01,0.99,0.0305
linear_high_confounding,linear,97,outcome-regression,1.0179510909882632,0.010515906669249717,0.9973399139165338,1.0385622680599926,1.0,0.9980051849642069,0.50425,0.01,0.99,0.0305
linear_high_confounding,linear,97,ipw,0.9125196097218299,0.14785182501243932,0.6227300326974488,1.202309186746211,1.0,0.9980051849642069,0.50425,0.01,0.99,0.0305
linear_high_confounding,linear,97,aipw,0.9679970790854088,0.08448565975016899,0.8024051859750776,1.13358897219574,1.0,0.9980051849642069,0.50425,0.01,0.99,0.0305
linear_high_confounding,linear,98,difference-in-means,2.475986672055794,0.04692707936725951,2.3840095964959653,2.5679637476156225,1.0,0.9994821628245187,0.5085,0.01,0.99,0.0235
linear_high_confounding,linear,98,outcome-regression,0.9461956910225158,0.01172008253388512,0.923224329256101,0.9691670527889306,1.0,0.9994821628245187,0.5085,0.01,0.99,0.0235
linear_high_confounding,linear,98,ipw,1.052441061757585,0.0987538381807712,0.8588835389232734,1.2459985845918966,1.0,0.9994821628245187,0.5085,0.01,0.99,0.0235
linear_high_confounding,linear,98,aipw,1.0040308295292446,0.04843659165744148,0.9090951098806593,1.09896654917783,1.0,0.9994821628245187,0.5085,0.01,0.99,0.0235
linear_high_confounding,linear,99,difference-in-means,2.4776607872456706,0.04557559557425884,2.3883326199201234,2.566988954571218,1.0,0.9925114528351103,0.5025,0.01,0.99,0.02225
linear_high_confounding,linear,99,outcome-regression,0.9859897612774171,0.011345981424636511,0.9637516376851295,1.0082278848697046,1.0,0.9925114528351103,0.5025,0.01,0.99,0.02225
linear_high_confounding,linear,99,ipw,1.0217922590043,0.10581542875013049,0.8143940186540443,1.2291904993545557,1.0,0.9925114528351103,0.5025,0.01,0.99,0.02225
linear_high_confounding,linear,99,aipw,0.9796019388545157,0.05389960705975886,0.8739587090173884,1.0852451686916431,1.0,0.9925114528351103,0.5025,0.01,0.99,0.02225
nonlinear_linear_learner,linear,0,difference-in-means,3.2790217219462545,0.06975012550566687,3.1423114759551476,3.4157319679373614,1.0,0.9972506372193501,0.47825,0.08260605872630049,0.9438237517311538,0.0
nonlinear_linear_learner,linear,0,outcome-regression,2.7516933482685135,0.01641596825151229,2.7195180504955494,2.7838686460414777,1.0,0.9972506372193501,0.47825,0.08260605872630049,0.9438237517311538,0.0
nonlinear_linear_learner,linear,0,ipw,2.742629604634315,0.07535144647260568,2.594940769548008,2.8903184397206223,1.0,0.9972506372193501,0.47825,0.08260605872630049,0.9438237517311538,0.0
nonlinear_linear_learner,linear,0,aipw,2.9512454732296454,0.08926029384838069,2.7762952972868193,3.1261956491724714,1.0,0.9972506372193501,0.47825,0.08260605872630049,0.9438237517311538,0.0
nonlinear_linear_learner,linear,1,difference-in-means,3.1304985640654115,0.06959990379515478,2.994082752626908,3.266914375503915,1.0,0.9664395959324084,0.4585,0.0971927038724324,0.891299205729022,0.0
nonlinear_linear_learner,linear,1,outcome-regression,2.6446702216743434,0.016527467599877582,2.6122763851785833,2.6770640581701035,1.0,0.9664395959324084,0.4585,0.0971927038724324,0.891299205729022,0.0
nonlinear_linear_learner,linear,1,ipw,2.61315046322814,0.06912559510268741,2.4776642968268727,2.748636629629407,1.0,0.9664395959324084,0.4585,0.0971927038724324,0.891299205729022,0.0
nonlinear_linear_learner,linear,1,aipw,2.816626109150895,0.07674149155326958,2.6662127857064863,2.9670394325953033,1.0,0.9664395959324084,0.4585,0.0971927038724324,0.891299205729022,0.0
nonlinear_linear_learner,linear,2,difference-in-means,3.272057535883304,0.07284662214628283,3.1292781564765897,3.4148369152900186,1.0,1.012029879596719,0.47175,0.06181151313312971,0.8651847185464815,0.0
nonlinear_linear_learner,linear,2,outcome-regression,2.756870083180446,0.01809839179112053,2.7213972352698494,2.792342931091042,1.0,1.012029879596719,0.47175,0.06181151313312971,0.8651847185464815,0.0
nonlinear_linear_learner,linear,2,ipw,2.718630211221736,0.07315113337012716,2.575253989816287,2.8620064326271852,1.0,1.012029879596719,0.47175,0.06181151313312971,0.8651847185464815,0.0
nonlinear_linear_learner,linear,2,aipw,2.938084173222892,0.08565861152844123,2.770193294627147,3.105975051818637,1.0,1.012029879596719,0.47175,0.06181151313312971,0.8651847185464815,0.0
nonlinear_linear_learner,linear,3,difference-in-means,3.1910254377153286,0.07158186320748054,3.050724985828667,3.3313258896019904,1.0,1.0123772091166827,0.44925,0.06291717645268902,0.9315378519855113,0.0
nonlinear_linear_learner,linear,3,outcome-regression,2.638743028367537,0.01817726684752892,2.6031155853463805,2.6743704713886935,1.0,1.0123772091166827,0.44925,0.06291717645268902,0.9315378519855113,0.0
nonlinear_linear_learner,linear,3,ipw,2.5828791737913708,0.07087525975878971,2.443963664664143,2.7217946829185986,1.0,1.0123772091166827,0.44925,0.06291717645268902,0.9315378519855113,0.0
nonlinear_linear_learner,linear,3,aipw,2.8083149267306085,0.0762094767890171,2.658944352224135,2.9576855012370817,1.0,1.0123772091166827,0.44925,0.06291717645268902,0.9315378519855113,0.0
nonlinear_linear_learner,linear,4,difference-in-means,3.2731170842079766,0.07141663573383633,3.1331404781696572,3.413093690246296,1.0,0.9963926652213876,0.47925,0.07023245939635958,0.9001208362608483,0.0
nonlinear_linear_learner,linear,4,outcome-regression,2.6930274960781264,0.01638359712703246,2.6609156457091427,2.72513934644711,1.0,0.9963926652213876,0.47925,0.07023245939635958,0.9001208362608483,0.0
nonlinear_linear_learner,linear,4,ipw,2.6854682556372156,0.07069858512086387,2.5468990288003224,2.824037482474109,1.0,0.9963926652213876,0.47925,0.07023245939635958,0.9001208362608483,0.0
nonlinear_linear_learner,linear,4,aipw,2.86333942042888,0.07643180254801567,2.713533087434769,3.013145753422991,1.0,0.9963926652213876,0.47925,0.07023245939635958,0.9001208362608483,0.0
nonlinear_linear_learner,linear,5,difference-in-means,3.2337046738670776,0.07319071997843209,3.090250862709351,3.3771584850248044,1.0,0.9892717525605658,0.4645,0.04860985998355309,0.8757259165484855,0.0
nonlinear_linear_learner,linear,5,outcome-regression,2.6977559250030354,0.018135750807421525,2.662209853420489,2.7333019965855816,1.0,0.9892717525605658,0.4645,0.04860985998355309,0.8757259165484855,0.0
nonlinear_linear_learner,linear,5,ipw,2.637721322007015,0.07416866830520996,2.4923507321288034,2.783091911885226,1.0,0.9892717525605658,0.4645,0.04860985998355309,0.8757259165484855,0.0
nonlinear_linear_learner,linear,5,aipw,2.858038328472956,0.0818747655866583,2.6975637879231056,3.0185128690228065,1.0,0.9892717525605658,0.4645,0.04860985998355309,0.8757259165484855,0.0
nonlinear_linear_learner,linear,6,difference-in-means,3.1588499937965233,0.07414121368701501,3.013533214969974,3.3041667726230726,1.0,0.9973975001548524,0.466,0.05949585942789346,0.8680885312359703,0.0
nonlinear_linear_learner,linear,6,outcome-regression,2.6521279757996457,0.01958015286266597,2.61375087618882,2.690505075410471,1.0,0.9973975001548524,0.466,0.05949585942789346,0.8680885312359703,0.0
nonlinear_linear_learner,linear,6,ipw,2.6471714694622817,0.09233198294086932,2.466200782898178,2.8281421560263853,1.0,0.9973975001548524,0.466,0.05949585942789346,0.8680885312359703,0.0
nonlinear_linear_learner,linear,6,aipw,2.8686111210904883,0.11949529222073922,2.6344003483378393,3.1028218938431373,1.0,0.9973975001548524,0.466,0.05949585942789346,0.8680885312359703,0.0
nonlinear_linear_learner,linear,7,difference-in-means,3.194493081213766,0.0711914391029978,3.05495786057189,3.334028301855642,1.0,0.9924406130423729,0.45725,0.07323600058782873,0.9137843897323904,0.0
nonlinear_linear_learner,linear,7,outcome-regression,2.642745204388506,0.015072883614696095,2.6132023525037016,2.67228805627331,1.0,0.9924406130423729,0.45725,0.07323600058782873,0.9137843897323904,0.0
nonlinear_linear_learner,linear,7,ipw,2.648326211211017,0.07168152934252751,2.507830413699663,2.788822008722371,1.0,0.9924406130423729,0.45725,0.07323600058782873,0.9137843897323904,0.0
nonlinear_linear_learner,linear,7,aipw,2.878457900816118,0.08676378431215885,2.7084008835642868,3.0485149180679496,1.0,0.9924406130423729,0.45725,0.07323600058782873,0.9137843897323904,0.0
nonlinear_linear_learner,linear,8,difference-in-means,3.2655393680326013,0.07312176619503594,3.1222207062903307,3.408858029774872,1.0,1.0104501641417873,0.46225,0.03993342004712619,0.9246573576608397,0.0
nonlinear_linear_learner,linear,8,outcome-regression,2.682867770568642,0.017358542092324448,2.648845028067686,2.716890513069598,1.0,1.0104501641417873,0.46225,0.03993342004712619,0.9246573576608397,0.0
nonlinear_linear_learner,linear,8,ipw,2.6661742005343285,0.07296226035920132,2.523168170230294,2.809180230838363,1.0,1.0104501641417873,0.46225,0.03993342004712619,0.9246573576608397,0.0
nonlinear_linear_learner,linear,8,aipw,2.8890199596614483,0.08487119558159716,2.722672416321518,3.0553675030013787,1.0,1.0104501641417873,0.46225,0.03993342004712619,0.9246573576608397,0.0
nonlinear_linear_learner,linear,9,difference-in-means,3.299443860684912,0.0710269543606345,3.1602310301380685,3.4386566912317553,1.0,0.9937818719901618,0.47125,0.08630829033010542,0.9089586844155475,0.0
nonlinear_linear_learner,linear,9,outcome-regression,2.747866472690772,0.017780781884615775,2.7130161401969253,2.7827168051846187,1.0,0.9937818719901618,0.47125,0.08630829033010542,0.9089586844155475,0.0
nonlinear_linear_learner,linear,9,ipw,2.695154432079584,0.07332074325503835,2.551445775299709,2.8388630888594593,1.0,0.9937818719901618,0.47125,0.08630829033010542,0.9089586844155475,0.0
nonlinear_linear_learner,linear,9,aipw,2.9042630540100323,0.07831884280222486,2.7507581221176713,3.057767985902393,1.0,0.9937818719901618,0.47125,0.08630829033010542,0.9089586844155475,0.0
nonlinear_linear_learner,linear,10,difference-in-means,3.2186938065002657,0.07027937545971757,3.0809462305992192,3.356441382401312,1.0,0.9936334618302427,0.47175,0.08340775224111173,0.8726680418716083,0.0
nonlinear_linear_learner,linear,10,outcome-regression,2.7554990269665116,0.015460523011225904,2.7251964018645087,2.7858016520685145,1.0,0.9936334618302427,0.47175,0.08340775224111173,0.8726680418716083,0.0
nonlinear_linear_learner,linear,10,ipw,2.7324013800291507,0.06902935511649862,2.5971038440008134,2.867698916057488,1.0,0.9936334618302427,0.47175,0.08340775224111173,0.8726680418716083,0.0
nonlinear_linear_learner,linear,10,aipw,2.893488124498533,0.07376546022720801,2.748907822453205,3.0380684265438607,1.0,0.9936334618302427,0.47175,0.08340775224111173,0.8726680418716083,0.0
nonlinear_linear_learner,linear,11,difference-in-means,3.325389239448162,0.07125736385468434,3.185724806292981,3.4650536726033434,1.0,0.9940986521526687,0.464,0.08231684854806418,0.9213198704396596,0.0
nonlinear_linear_learner,linear,11,outcome-regression,2.7631423084062945,0.0172530965357805,2.7293262391961646,2.7969583776164244,1.0,0.9940986521526687,0.464,0.08231684854806418,0.9213198704396596,0.0
nonlinear_linear_learner,linear,11,ipw,2.696660824698869,0.07327203570237496,2.5530476347222137,2.840274014675524,1.0,0.9940986521526687,0.464,0.08231684854806418,0.9213198704396596,0.0
nonlinear_linear_learner,linear,11,aipw,2.932765823931917,0.07711694166001598,2.781616618278286,3.0839150295855484,1.0,0.9940986521526687,0.464,0.08231684854806418,0.9213198704396596,0.0
nonlinear_linear_learner,linear,12,difference-in-means,3.27809966493355,0.07305831370340023,3.1349053700748857,3.4212939597922145,1.0,1.0268194934658863,0.4765,0.08484867073371975,0.88809181532069,0.0
nonlinear_linear_learner,linear,12,outcome-regression,2.712619654868255,0.019660382875710664,2.6740853044318618,2.751154005304648,1.0,1.0268194934658863,0.4765,0.08484867073371975,0.88809181532069,0.0
nonlinear_linear_learner,linear,12,ipw,2.660647624647432,0.07027197130011281,2.5229145608992107,2.7983806883956532,1.0,1.0268194934658863,0.4765,0.08484867073371975,0.88809181532069,0.0
nonlinear_linear_learner,linear,12,aipw,2.8478268060239684,0.07062317078421598,2.709405391286905,2.986248220761032,1.0,1.0268194934658863,0.4765,0.08484867073371975,0.88809181532069,0.0
nonlinear_linear_learner,linear,13,difference-in-means,3.31724463030584,0.07133573982077519,3.1774265802571207,3.4570626803545594,1.0,1.0098517452612052,0.4755,0.07049323647421057,0.8848723008384229,0.0
nonlinear_linear_learner,linear,13,outcome-regression,2.794801769528477,0.01648467799586176,2.762491800656588,2.827111738400366,1.0,1.0098517452612052,0.4755,0.07049323647421057,0.8848723008384229,0.0
nonlinear_linear_learner,linear,13,ipw,2.7397112163562563,0.07072755563117242,2.601085207319158,2.8783372253933543,1.0,1.0098517452612052,0.4755,0.07049323647421057,0.8848723008384229,0.0
nonlinear_linear_learner,linear,13,aipw,2.934348847483524,0.07296675136615634,2.791334014805858,3.0773636801611906,1.0,1.0098517452612052,0.4755,0.07049323647421057,0.8848723008384229,0.0
nonlinear_linear_learner,linear,14,difference-in-means,3.287360998942893,0.0718862750536673,3.146463899837705,3.428258098048081,1.0,1.0198127970320667,0.4765,0.07555067157234088,0.899888617145575,0.0
nonlinear_linear_learner,linear,14,outcome-regression,2.773428848078619,0.017588520808103195,2.7389553472947368,2.807902348862501,1.0,1.0198127970320667,0.4765,0.07555067157234088,0.899888617145575,0.0
nonlinear_linear_learner,linear,14,ipw,2.7231166233661543,0.07368555192932698,2.5786929415846735,2.867540305147635,1.0,1.0198127970320667,0.4765,0.07555067157234088,0.899888617145575,0.0
nonlinear_linear_learner,linear,14,aipw,2.9322361781740742,0.07974881485849228,2.775928501051429,3.0885438552967193,1.0,1.0198127970320667,0.4765,0.07555067157234088,0.899888617145575,0.0
nonlinear_linear_learner,linear,15,difference-in-means,3.3855834294528715,0.07368596982308337,3.2411589285996283,3.5300079303061147,1.0,1.0082381301699959,0.46575,0.07840234041824162,0.919148877517747,0.0
nonlinear_linear_learner,linear,15,outcome-regression,2.7901572125924203,0.01806518400343016,2.754749451945697,2.8255649732391435,1.0,1.0082381301699959,0.46575,0.07840234041824162,0.919148877517747,0.0
nonlinear_linear_learner,linear,15,ipw,2.7578491172008586,0.07714543940572675,2.606644055965634,2.909054178436083,1.0,1.0082381301699959,0.46575,0.07840234041824162,0.919148877517747,0.0
nonlinear_linear_learner,linear,15,aipw,2.9609003062123547,0.08077853304005103,2.8025743814538546,3.1192262309708547,1.0,1.0082381301699959,0.46575,0.07840234041824162,0.919148877517747,0.0
nonlinear_linear_learner,linear,16,difference-in-means,3.2032135178060486,0.07070149890804912,3.0646385799462723,3.341788455665825,1.0,1.0182879148631516,0.473,0.08676140969121263,0.8902095367891663,0.0
nonlinear_linear_learner,linear,16,outcome-regression,2.6548900775115927,0.018049173509296076,2.6195136974333724,2.690266457589813,1.0,1.0182879148631516,0.473,0.08676140969121263,0.8902095367891663,0.0
nonlinear_linear_learner,linear,16,ipw,2.621816376853598,0.07146222584694215,2.4817504141935913,2.7618823395136047,1.0,1.0182879148631516,0.473,0.08676140969121263,0.8902095367891663,0.0
nonlinear_linear_learner,linear,16,aipw,2.8526506526901674,0.08186158809443647,2.692201940025072,3.013099365355263,1.0,1.0182879148631516,0.473,0.08676140969121263,0.8902095367891663,0.0
nonlinear_linear_learner,linear,17,difference-in-means,3.234848545551505,0.07192023713619375,3.093884880764565,3.3758122103384447,1.0,1.004474647893656,0.47475,0.0791744380637345,0.9374562158194178,0.0
nonlinear_linear_learner,linear,17,outcome-regression,2.709191524218316,0.016305559177487803,2.6772326282304397,2.7411504202061923,1.0,1.004474647893656,0.47475,0.0791744380637345,0.9374562158194178,0.0
nonlinear_linear_learner,linear,17,ipw,2.6735339095482065,0.07152654981376838,2.5333418719132204,2.8137259471831926,1.0,1.004474647893656,0.47475,0.0791744380637345,0.9374562158194178,0.0
nonlinear_linear_learner,linear,17,aipw,2.8319953387422885,0.0733677578804836,2.6881945332965405,2.9757961441880365,1.0,1.004474647893656,0.47475,0.0791744380637345,0.9374562158194178,0.0
nonlinear_linear_learner,linear,18,difference-in-means,3.2831474149427846,0.07194632819795292,3.1421326116747967,3.4241622182107725,1.0,0.9989268596807399,0.46,0.05277420678455953,0.8990160620127846,0.0
nonlinear_linear_learner,linear,18,outcome-regression,2.750760605465608,0.0179866682790743,2.7155067356386224,2.7860144752925935,1.0,0.9989268596807399,0.46,0.05277420678455953,0.8990160620127846,0.0
nonlinear_linear_learner,linear,18,ipw,2.71331741206026,0.07047732991907525,2.5751818454188724,2.851452978701648,1.0,0.9989268596807399,0.46,0.05277420678455953,0.8990160620127846,0.0
nonlinear_linear_learner,linear,18,aipw,2.9034485598367628,0.07416736252810366,2.7580805292816795,3.048816590391846,1.0,0.9989268596807399,0.46,0.05277420678455953,0.8990160620127846,0.0
nonlinear_linear_learner,linear,19,difference-in-means,3.186444219812129,0.07015574428857314,3.048938961006526,3.3239494786177324,1.0,0.9937085342950533,0.4705,0.06732148174708712,0.8922143489730856,0.0
nonlinear_linear_learner,linear,19,outcome-regression,2.692511278154942,0.016061206918769718,2.661031312594153,2.7239912437157305,1.0,0.9937085342950533,0.4705,0.06732148174708712,0.8922143489730856,0.0
nonlinear_linear_learner,linear,19,ipw,2.6921305168583656,0.07246728056805582,2.5500946469449763,2.834166386771755,1.0,0.9937085342950533,0.4705,0.06732148174708712,0.8922143489730856,0.0
nonlinear_linear_learner,linear,19,aipw,2.87423528074883,0.0839390979062804,2.7097146488525206,3.0387559126451396,1.0,0.9937085342950533,0.4705,0.06732148174708712,0.8922143489730856,0.0
nonlinear_linear_learner,linear,20,difference-in-means,3.181190669524391,0.07237188851980166,3.03934176802558,3.323039571023202,1.0,0.9903578896561027,0.46225,0.09869009128075491,0.8980633046516404,0.0
nonlinear_linear_learner,linear,20,outcome-regression,2.694987580218355,0.018594322360481582,2.658542708391811,2.7314324520448987,1.0,0.9903578896561027,0.46225,0.09869009128075491,0.8980633046516404,0.0
nonlinear_linear_learner,linear,20,ipw,2.6592121831294158,0.07270554423957404,2.516709316419851,2.8017150498389807,1.0,0.9903578896561027,0.46225,0.09869009128075491,0.8980633046516404,0.0
nonlinear_linear_learner,linear,20,aipw,2.836645189352678,0.075854324466627,2.687970713398089,2.9853196653072667,1.0,0.9903578896561027,0.46225,0.09869009128075491,0.8980633046516404,0.0
nonlinear_linear_learner,linear,21,difference-in-means,3.284470659225675,0.07204097708307002,3.143270344142858,3.4256709743084923,1.0,1.0194351158760802,0.463,0.070770577132484,0.8950300144114194,0.0
nonlinear_linear_learner,linear,21,outcome-regression,2.76905521214472,0.0151696675265989,2.739322663792586,2.798787760496854,1.0,1.0194351158760802,0.463,0.070770577132484,0.8950300144114194,0.0
nonlinear_linear_learner,linear,21,ipw,2.7418728956952467,0.0739620124189572,2.5969073513540906,2.886838440036403,1.0,1.0194351158760802,0.463,0.070770577132484,0.8950300144114194,0.0
nonlinear_linear_learner,linear,21,aipw,2.909622874873768,0.08055002937507613,2.7517448172986185,3.067500932448917,1.0,1.0194351158760802,0.463,0.070770577132484,0.8950300144114194,0.0
nonlinear_linear_learner,linear,22,difference-in-means,3.214458069980106,0.0728736191912638,3.071625776365229,3.3572903635949833,1.0,1.0095360211518019,0.46575,0.07257408968189778,0.8865295905334029,0.0
nonlinear_linear_learner,linear,22,outcome-regression,2.719589087086415,0.017821973882451648,2.6846580182768096,2.7545201558960204,1.0,1.0095360211518019,0.46575,0.07257408968189778,0.8865295905334029,0.0
nonlinear_linear_learner,linear,22,ipw,2.6700485443500073,0.07046869215622346,2.5319299077238093,2.808167180976205,1.0,1.0095360211518019,0.46575,0.07257408968189778,0.8865295905334029,0.0
nonlinear_linear_learner,linear,22,aipw,2.8553197832084587,0.0742499054438036,2.7097899685386038,3.0008495978783136,1.0,1.0095360211518019,0.46575,0.07257408968189778,0.8865295905334029,0.0
nonlinear_linear_learner,linear,23,difference-in-means,3.258935748811173,0.0724373308813092,3.116958580283807,3.4009129173385393,1.0,0.9985869737922344,0.457,0.06191621810799239,0.9066804769009398,0.0
nonlinear_linear_learner,linear,23,outcome-regression,2.7176437889195815,0.016596588716271808,2.6851144750356886,2.7501731028034744,1.0,0.9985869737922344,0.457,0.06191621810799239,0.9066804769009398,0.0
nonlinear_linear_learner,linear,23,ipw,2.694089524392707,0.07394463450711283,2.549158040758766,2.839021008026648,1.0,0.9985869737922344,0.457,0.06191621810799239,0.9066804769009398,0.0
nonlinear_linear_learner,linear,23,aipw,2.9030907707714344,0.08713284804925432,2.732310388594896,3.073871152947973,1.0,0.9985869737922344,0.457,0.06191621810799239,0.9066804769009398,0.0
nonlinear_linear_learner,linear,24,difference-in-means,3.2826170705903506,0.0717496024470198,3.1419878497941918,3.4232462913865094,1.0,1.007892108106809,0.464,0.09345200024183206,0.8829902683979388,0.0
nonlinear_linear_learner,linear,24,outcome-regression,2.758884720235712,0.01634550774490955,2.7268475250556894,2.7909219154157348,1.0,1.007892108106809,0.464,0.09345200024183206,0.8829902683979388,0.0
nonlinear_linear_learner,linear,24,ipw,2.7320621654259547,0.07186730447131429,2.591202248662179,2.8729220821897306,1.0,1.007892108106809,0.464,0.09345200024183206,0.8829902683979388,0.0
nonlinear_linear_learner,linear,24,aipw,2.9092227435556066,0.07661770544957422,2.7590520408744412,3.059393446236772,1.0,1.007892108106809,0.464,0.09345200024183206,0.8829902683979388,0.0
nonlinear_linear_learner,linear,25,difference-in-means,3.133092242160534,0.06876850148246139,2.9983059792549094,3.2678785050661583,1.0,0.9898219083260726,0.4725,0.043815437454629035,0.9228650962541856,0.0
nonlinear_linear_learner,linear,25,outcome-regression,2.6157575202537338,0.014620214464644132,2.5871018999030313,2.644413140604436,1.0,0.9898219083260726,0.4725,0.043815437454629035,0.9228650962541856,0.0
nonlinear_linear_learner,linear,25,ipw,2.6207657375823676,0.07616283837081501,2.4714865743755703,2.770044900789165,1.0,0.9898219083260726,0.4725,0.043815437454629035,0.9228650962541856,0.0
nonlinear_linear_learner,linear,25,aipw,2.8076180760676497,0.10118109814301698,2.6093031237073365,3.005933028427963,1.0,0.9898219083260726,0.4725,0.043815437454629035,0.9228650962541856,0.0
nonlinear_linear_learner,linear,26,difference-in-means,3.2807971678116106,0.07315987617161944,3.1374038105152366,3.4241905251079845,1.0,1.0068855985763165,0.46275,0.08552224554153408,0.886634222839093,0.0
nonlinear_linear_learner,linear,26,outcome-regression,2.781092325503332,0.019925186486575916,2.7420389599896433,2.8201456910170206,1.0,1.0068855985763165,0.46275,0.08552224554153408,0.886634222839093,0.0
nonlinear_linear_learner,linear,26,ipw,2.727748148631014,0.07093365199477791,2.588718190721249,2.8667781065407785,1.0,1.0068855985763165,0.46275,0.08552224554153408,0.886634222839093,0.0
nonlinear_linear_learner,linear,26,aipw,2.9308495011322995,0.07579794772147214,2.782285523598214,3.079413478666385,1.0,1.0068855985763165,0.46275,0.08552224554153408,0.886634222839093,0.0
nonlinear_linear_learner,linear,27,difference-in-means,3.263796465646928,0.07216400397381163,3.122355017858257,3.405237913435599,1.0,0.9999594774412089,0.47175,0.08046358669002525,0.8944075035961385,0.0
nonlinear_linear_learner,linear,27,outcome-regression,2.7321045681064495,0.017149768155779732,2.698491022521121,2.765718113691778,1.0,0.9999594774412089,0.47175,0.08046358669002525,0.8944075035961385,0.0
nonlinear_linear_learner,linear,27,ipw,2.6716572992377263,0.07033869826906625,2.5337934506303563,2.8095211478450963,1.0,0.9999594774412089,0.47175,0.08046358669002525,0.8944075035961385,0.0
nonlinear_linear_learner,linear,27,aipw,2.8812307449749577,0.07308952674799421,2.737975272548889,3.0244862174010265,1.0,0.9999594774412089,0.47175,0.08046358669002525,0.8944075035961385,0.0
nonlinear_linear_learner,linear,28,difference-in-means,3.290434773576009,0.07114320611127072,3.1509940895979183,3.4298754575540995,1.0,1.0007293349667827,0.46725,0.04217042602454951,0.8982465374876555,0.0
nonlinear_linear_learner,linear,28,outcome-regression,2.7368146470729116,0.016272143854318605,2.704921245118447,2.768708049027376,1.0,1.0007293349667827,0.46725,0.04217042602454951,0.8982465374876555,0.0
nonlinear_linear_learner,linear,28,ipw,2.7807544080497597,0.08333198200926857,2.6174237233115933,2.944085092787926,1.0,1.0007293349667827,0.46725,0.04217042602454951,0.8982465374876555,0.0
nonlinear_linear_learner,linear,28,aipw,3.060817146200913,0.12613870505375605,2.813585284295551,3.308049008106275,1.0,1.0007293349667827,0.46725,0.04217042602454951,0.8982465374876555,0.0
nonlinear_linear_learner,linear,29,difference-in-means,3.258869337676793,0.07221476396460336,3.1173284003061705,3.4004102750474154,1.0,1.0170598292334951,0.46775,0.05781064009000587,0.8944027679386239,0.0
nonlinear_linear_learner,linear,29,outcome-regression,2.6655783439060885,0.017107770077038,2.632047114555094,2.699109573257083,1.0,1.0170598292334951,0.46775,0.05781064009000587,0.8944027679386239,0.0
nonlinear_linear_learner,linear,29,ipw,2.676053172898124,0.08300156001381254,2.5133701152710515,2.838736230525196,1.0,1.0170598292334951,0.46775,0.05781064009000587,0.8944027679386239,0.0
nonlinear_linear_learner,linear,29,aipw,2.9161599294204863,0.10502965605022446,2.7103018035620465,3.122018055278926,1.0,1.0170598292334951,0.46775,0.05781064009000587,0.8944027679386239,0.0
nonlinear_linear_learner,linear,30,difference-in-means,3.2502855176520313,0.0726342050023553,3.107922475847415,3.3926485594566476,1.0,1.0125448413979836,0.47425,0.0734298385467311,0.9070081515737788,0.0
nonlinear_linear_learner,linear,30,outcome-regression,2.6472348773418917,0.01863729720666234,2.6107057748168336,2.6837639798669497,1.0,1.0125448413979836,0.47425,0.0734298385467311,0.9070081515737788,0.0
nonlinear_linear_learner,linear,30,ipw,2.63488784607236,0.08035561620044443,2.477390838319489,2.792384853825231,1.0,1.0125448413979836,0.47425,0.0734298385467311,0.9070081515737788,0.0
nonlinear_linear_learner,linear,30,aipw,2.86274348214586,0.09791741652622903,2.670825345754451,3.0546616185372693,1.0,1.0125448413979836,0.47425,0.0734298385467311,0.9070081515737788,0.0
nonlinear_linear_learner,linear,31,difference-in-means,3.2025531817998507,0.07206305895794433,3.0613095862422797,3.3437967773574218,1.0,0.9775132554892807,0.4575,0.10584707995280766,0.8620072394586487,0.0
nonlinear_linear_learner,linear,31,outcome-regression,2.739525391398459,0.01534714818238084,2.7094449809609924,2.7696058018359255,1.0,0.9775132554892807,0.4575,0.10584707995280766,0.8620072394586487,0.0
nonlinear_linear_learner,linear,31,ipw,2.703325147969239,0.07251498296288812,2.5611957813619783,2.8454545145765,1.0,0.9775132554892807,0.4575,0.10584707995280766,0.8620072394586487,0.0
nonlinear_linear_learner,linear,31,aipw,2.8628481352289703,0.07528922556204859,2.715281253127355,3.0104150173305855,1.0,0.9775132554892807,0.4575,0.10584707995280766,0.8620072394586487,0.0
nonlinear_linear_learner,linear,32,difference-in-means,3.2328291019573383,0.07258071371638504,3.090570903073224,3.375087300841453,1.0,1.0182260160415904,0.47,0.051512818893788004,0.9196631770231326,0.0
nonlinear_linear_learner,linear,32,outcome-regression,2.658411800078118,0.018127783348202326,2.6228813447156414,2.6939422554405947,1.0,1.0182260160415904,0.47,0.051512818893788004,0.9196631770231326,0.0
nonlinear_linear_learner,linear,32,ipw,2.6512947827665156,0.07971376798865451,2.4950557975087526,2.8075337680242787,1.0,1.0182260160415904,0.47,0.051512818893788004,0.9196631770231326,0.0
nonlinear_linear_learner,linear,32,aipw,2.853352307780825,0.10054201360730687,2.6562899611105033,3.0504146544511466,1.0,1.0182260160415904,0.47,0.051512818893788004,0.9196631770231326,0.0
nonlinear_linear_learner,linear,33,difference-in-means,3.096542200665365,0.06893601772790471,2.9614276059186717,3.2316567954120585,1.0,0.9978384332714922,0.4695,0.07377246410971844,0.8799405060172021,0.0
nonlinear_linear_learner,linear,33,outcome-regression,2.611990802689295,0.016665412838683464,2.5793265935254754,2.6446550118531147,1.0,0.9978384332714922,0.4695,0.07377246410971844,0.8799405060172021,0.0
nonlinear_linear_learner,linear,33,ipw,2.567058946467896,0.06891047290132611,2.431994419581297,2.702123473354495,1.0,0.9978384332714922,0.4695,0.07377246410971844,0.8799405060172021,0.0
nonlinear_linear_learner,linear,33,aipw,2.73373790007973,0.07121436809594268,2.594157738611682,2.873318061547778,1.0,0.9978384332714922,0.4695,0.07377246410971844,0.8799405060172021,0.0
nonlinear_linear_learner,linear,34,difference-in-means,3.20812901783539,0.07140040563271981,3.068184222795259,3.348073812875521,1.0,0.9922994144404058,0.46525,0.08105966028566393,0.892802739802313,0.0
nonlinear_linear_learner,linear,34,outcome-regression,2.679664277458025,0.016072088718700115,2.6481629835693727,2.711165571346677,1.0,0.9922994144404058,0.46525,0.08105966028566393,0.892802739802313,0.0
nonlinear_linear_learner,linear,34,ipw,2.608386198303225,0.07020172095885127,2.4707908252238764,2.7459815713825733,1.0,0.9922994144404058,0.46525,0.08105966028566393,0.892802739802313,0.0
nonlinear_linear_learner,linear,34,aipw,2.831187262817121,0.07493937476060887,2.6843060882863274,2.9780684373479143,1.0,0.9922994144404058,0.46525,0.08105966028566393,0.892802739802313,0.0
nonlinear_linear_learner,linear,35,difference-in-means,3.3632100046325264,0.07296710631144021,3.2201944762621038,3.506225533002949,1.0,1.0090529398929518,0.467,0.06494866955668646,0.8861410470862797,0.0
nonlinear_linear_learner,linear,35,outcome-regression,2.8126549913771006,0.020923730468104508,2.771644479659616,2.8536655030945854,1.0,1.0090529398929518,0.467,0.06494866955668646,0.8861410470862797,0.0
nonlinear_linear_learner,linear,35,ipw,2.7326820277940147,0.07023899125628313,2.5950136049316996,2.8703504506563298,1.0,1.0090529398929518,0.467,0.06494866955668646,0.8861410470862797,0.0
nonlinear_linear_learner,linear,35,aipw,2.9919964280174525,0.07554370389318223,2.8439307683868154,3.1400620876480896,1.0,1.0090529398929518,0.467,0.06494866955668646,0.8861410470862797,0.0
nonlinear_linear_learner,linear,36,difference-in-means,3.222454302418466,0.07106762698169196,3.08316175353435,3.3617468513025823,1.0,1.0017698321740356,0.4745,0.11184578144259989,0.9175648516191144,0.0
nonlinear_linear_learner,linear,36,outcome-regression,2.729919590852804,0.01873374509441043,2.6932014504677593,2.7666377312378483,1.0,1.0017698321740356,0.4745,0.11184578144259989,0.9175648516191144,0.0
nonlinear_linear_learner,linear,36,ipw,2.693880359690168,0.07092064727078627,2.5548758910394267,2.832884828340909,1.0,1.0017698321740356,0.4745,0.11184578144259989,0.9175648516191144,0.0
nonlinear_linear_learner,linear,36,aipw,2.8402836936311324,0.06899801846851945,2.7050475774328344,2.9755198098294304,1.0,1.0017698321740356,0.4745,0.11184578144259989,0.9175648516191144,0.0
nonlinear_linear_learner,linear,37,difference-in-means,3.265192122020297,0.07358118762384538,3.12097299427756,3.409411249763034,1.0,1.0013074624217184,0.46825,0.08070994579038211,0.9240847289307234,0.0
nonlinear_linear_learner,linear,37,outcome-regression,2.7268809332349444,0.016931301897422153,2.693695581515997,2.7600662849538917,1.0,1.0013074624217184,0.46825,0.08070994579038211,0.9240847289307234,0.0
nonlinear_linear_learner,linear,37,ipw,2.695221799533717,0.07207256559923232,2.5539595709592215,2.8364840281082127,1.0,1.0013074624217184,0.46825,0.08070994579038211,0.9240847289307234,0.0
nonlinear_linear_learner,linear,37,aipw,2.9262976853942715,0.0821299538385615,2.7653229758706908,3.087272394917852,1.0,1.0013074624217184,0.46825,0.08070994579038211,0.9240847289307234,0.0
nonlinear_linear_learner,linear,38,difference-in-means,3.3555449502436865,0.07329559646489495,3.2118855811724925,3.4992043193148805,1.0,1.0126107823296784,0.47425,0.11420573336366939,0.8858923610248104,0.0
nonlinear_linear_learner,linear,38,outcome-regression,2.8156430448152627,0.017936980056651956,2.780486563904225,2.8507995257263006,1.0,1.0126107823296784,0.47425,0.11420573336366939,0.8858923610248104,0.0
nonlinear_linear_learner,linear,38,ipw,2.8076787496986535,0.07160892672719356,2.6673252533133542,2.9480322460839528,1.0,1.0126107823296784,0.47425,0.11420573336366939,0.8858923610248104,0.0
nonlinear_linear_learner,linear,38,aipw,2.9868590303131666,0.07640242001134313,2.837110287090934,3.136607773535399,1.0,1.0126107823296784,0.47425,0.11420573336366939,0.8858923610248104,0.0
nonlinear_linear_learner,linear,39,difference-in-means,3.358536615420915,0.07249916522344999,3.2164382515829533,3.500634979258877,1.0,1.0177369339671902,0.46225,0.03693179571310008,0.9142374121187588,0.0
nonlinear_linear_learner,linear,39,outcome-regression,2.729854075382045,0.019735488184492767,2.6911725185404394,2.7685356322236507,1.0,1.0177369339671902,0.46225,0.03693179571310008,0.9142374121187588,0.0
nonlinear_linear_learner,linear,39,ipw,2.6939225593361638,0.07488964752333624,2.5471388501904246,2.840706268481903,1.0,1.0177369339671902,0.46225,0.03693179571310008,0.9142374121187588,0.0
nonlinear_linear_learner,linear,39,aipw,3.0056249620128184,0.09690766564056945,2.815685937357302,3.1955639866683345,1.0,1.0177369339671902,0.46225,0.03693179571310008,0.9142374121187588,0.0
nonlinear_linear_learner,linear,40,difference-in-means,3.3143929281411766,0.07441675382031866,3.168536090653352,3.460249765629001,1.0,0.9943228746110563,0.44675,0.07663188335217604,0.9125609173814535,0.0
nonlinear_linear_learner,linear,40,outcome-regression,2.7271966963954677,0.018002438790721716,2.6919119163656533,2.762481476425282,1.0,0.9943228746110563,0.44675,0.07663188335217604,0.9125609173814535,0.0
nonlinear_linear_learner,linear,40,ipw,2.6840142385956236,0.07455683260464183,2.5378828466905254,2.8301456305007218,1.0,0.9943228746110563,0.44675,0.07663188335217604,0.9125609173814535,0.0
nonlinear_linear_learner,linear,40,aipw,2.8978196436436248,0.08061606896354975,2.7398121484750675,3.055827138812182,1.0,0.9943228746110563,0.44675,0.07663188335217604,0.9125609173814535,0.0
nonlinear_linear_learner,linear,41,difference-in-means,3.34429439276287,0.07249022029680319,3.2022135609811357,3.486375224544604,1.0,1.0195959007872437,0.46,0.07606072060815186,0.9100727532606109,0.0
nonlinear_linear_learner,linear,41,outcome-regression,2.8029577350808066,0.017364196180145352,2.7689239105677217,2.8369915595938915,1.0,1.0195959007872437,0.46,0.07606072060815186,0.9100727532606109,0.0
nonlinear_linear_learner,linear,41,ipw,2.7695675266130926,0.07295900031968947,2.626567885986501,2.912567167239684,1.0,1.0195959007872437,0.46,0.07606072060815186,0.9100727532606109,0.0
nonlinear_linear_learner,linear,41,aipw,3.0175253727942835,0.0845987267237222,2.851711868415788,3.183338877172779,1.0,1.0195959007872437,0.46,0.07606072060815186,0.9100727532606109,0.0
nonlinear_linear_learner,linear,42,difference-in-means,3.2231849900997456,0.06918579121379581,3.087580839320706,3.3587891408787853,1.0,0.9890492316227072,0.47975,0.0885207129013412,0.918152156857133,0.0
nonlinear_linear_learner,linear,42,outcome-regression,2.6825684312473097,0.016278238873310227,2.6506630830556217,2.7144737794389977,1.0,0.9890492316227072,0.47975,0.0885207129013412,0.918152156857133,0.0
nonlinear_linear_learner,linear,42,ipw,2.625267285435373,0.07104887513068824,2.4860114901792243,2.764523080691522,1.0,0.9890492316227072,0.47975,0.0885207129013412,0.918152156857133,0.0
nonlinear_linear_learner,linear,42,aipw,2.7926500038296043,0.06957144397038625,2.656289973647647,2.9290100340115615,1.0,0.9890492316227072,0.47975,0.0885207129013412,0.918152156857133,0.0
nonlinear_linear_learner,linear,43,difference-in-means,3.168317770723254,0.07246079988309367,3.0262946029523907,3.3103409384941176,1.0,0.985054375393815,0.46325,0.0723329211828621,0.9185988293313458,0.0
nonlinear_linear_learner,linear,43,outcome-regression,2.5678103459102277,0.01658575473416644,2.5353022666312617,2.6003184251891938,1.0,0.985054375393815,0.46325,0.0723329211828621,0.9185988293313458,0.0
nonlinear_linear_learner,linear,43,ipw,2.51074734204776,0.07209484470789607,2.369441446420284,2.6520532376752364,1.0,0.985054375393815,0.46325,0.0723329211828621,0.9185988293313458,0.0
nonlinear_linear_learner,linear,43,aipw,2.708410898008274,0.07282975342702053,2.565664581291314,2.851157214725234,1.0,0.985054375393815,0.46325,0.0723329211828621,0.9185988293313458,0.0
nonlinear_linear_learner,linear,44,difference-in-means,3.3151636785569143,0.07400500856432825,3.170113861770831,3.4602134953429977,1.0,1.0028999900262066,0.4555,0.05592576317668537,0.9337280050997135,0.0
nonlinear_linear_learner,linear,44,outcome-regression,2.6999801973485464,0.020446014488659264,2.6599060089507742,2.7400543857463187,1.0,1.0028999900262066,0.4555,0.05592576317668537,0.9337280050997135,0.0
nonlinear_linear_learner,linear,44,ipw,2.675777140595227,0.07258113523213522,2.533518115540242,2.818036165650212,1.0,1.0028999900262066,0.4555,0.05592576317668537,0.9337280050997135,0.0
nonlinear_linear_learner,linear,44,aipw,2.939681370189852,0.08294035306639652,2.7771182781797146,3.102244462199989,1.0,1.0028999900262066,0.4555,0.05592576317668537,0.9337280050997135,0.0
nonlinear_linear_learner,linear,45,difference-in-means,3.191123952507755,0.07255188987041737,3.048922248361737,3.333325656653773,1.0,1.0037947292745297,0.46525,0.08225414077527089,0.894169495943418,0.0
nonlinear_linear_learner,linear,45,outcome-regression,2.6597954222870794,0.016832898301848025,2.6268029416154572,2.6927879029587016,1.0,1.0037947292745297,0.46525,0.08225414077527089,0.894169495943418,0.0
nonlinear_linear_learner,linear,45,ipw,2.632219293645906,0.07134909412666694,2.4923750691576387,2.772063518134173,1.0,1.0037947292745297,0.46525,0.08225414077527089,0.894169495943418,0.0
nonlinear_linear_learner,linear,45,aipw,2.8090638240055985,0.07548232848937367,2.661118460166426,2.957009187844771,1.0,1.0037947292745297,0.46525,0.08225414077527089,0.894169495943418,0.0
nonlinear_linear_learner,linear,46,difference-in-means,3.1013246899620777,0.07071601117026526,2.9627213080683577,3.2399280718557977,1.0,0.9835860185329747,0.45625,0.0716498791239441,0.9028686031061599,0.0
nonlinear_linear_learner,linear,46,outcome-regression,2.6034673596467215,0.01584768104634586,2.572405904795884,2.634528814497559,1.0,0.9835860185329747,0.45625,0.0716498791239441,0.9028686031061599,0.0
nonlinear_linear_learner,linear,46,ipw,2.5428560335512786,0.07129095372306712,2.4031257642540673,2.68258630284849,1.0,0.9835860185329747,0.45625,0.0716498791239441,0.9028686031061599,0.0
nonlinear_linear_learner,linear,46,aipw,2.6986174915363623,0.07093230112844683,2.5595901813246065,2.837644801748118,1.0,0.9835860185329747,0.45625,0.0716498791239441,0.9028686031061599,0.0
nonlinear_linear_learner,linear,47,difference-in-means,3.2382207850127935,0.07235265411981219,3.0964095829379614,3.3800319870876256,1.0,0.9895409478706213,0.4675,0.07995594038824903,0.9051111301231238,0.0
nonlinear_linear_learner,linear,47,outcome-regression,2.697459585833134,0.019837308109564036,2.6585784619383883,2.7363407097278794,1.0,0.9895409478706213,0.4675,0.07995594038824903,0.9051111301231238,0.0
nonlinear_linear_learner,linear,47,ipw,2.658321571447116,0.07255849720994313,2.516106916915627,2.8005362259786044,1.0,0.9895409478706213,0.4675,0.07995594038824903,0.9051111301231238,0.0
nonlinear_linear_learner,linear,47,aipw,2.838502082196355,0.07499024629687755,2.691521199454475,2.9854829649382353,1.0,0.9895409478706213,0.4675,0.07995594038824903,0.9051111301231238,0.0
nonlinear_linear_learner,linear,48,difference-in-means,3.246331545654514,0.07190205436976944,3.1054035190897658,3.3872595722192624,1.0,0.9940084598462047,0.46775,0.08016809225826793,0.9310729215644137,0.0
nonlinear_linear_learner,linear,48,outcome-regression,2.6854426494045156,0.01795728649629825,2.650246367871771,2.7206389309372603,1.0,0.9940084598462047,0.46775,0.08016809225826793,0.9310729215644137,0.0
nonlinear_linear_learner,linear,48,ipw,2.6632851524250434,0.07314237697864938,2.5199260935468906,2.806644211303196,1.0,0.9940084598462047,0.46775,0.08016809225826793,0.9310729215644137,0.0
nonlinear_linear_learner,linear,48,aipw,2.8637273713584857,0.08041964485274479,2.706104867447106,3.0213498752698653,1.0,0.9940084598462047,0.46775,0.08016809225826793,0.9310729215644137,0.0
nonlinear_linear_learner,linear,49,difference-in-means,3.275311865630655,0.07188943983474147,3.1344085635545618,3.4162151677067483,1.0,1.0031053120547742,0.45325,0.04258384418197336,0.9132343647932245,0.0
nonlinear_linear_learner,linear,49,outcome-regression,2.73100902862368,0.018403419736000733,2.6949383259411186,2.7670797313062416,1.0,1.0031053120547742,0.45325,0.04258384418197336,0.9132343647932245,0.0
nonlinear_linear_learner,linear,49,ipw,2.67422849276279,0.07197706357121811,2.5331534481632025,2.8153035373623774,1.0,1.0031053120547742,0.45325,0.04258384418197336,0.9132343647932245,0.0
nonlinear_linear_learner,linear,49,aipw,2.9150957724709925,0.08527916312191468,2.74794861275204,3.082242932189945,1.0,1.0031053120547742,0.45325,0.04258384418197336,0.9132343647932245,0.0
nonlinear_linear_learner,linear,50,difference-in-means,3.2467639485992565,0.06875120967116004,3.112011577643783,3.38151631955473,1.0,0.9919581974936541,0.47525,0.08378882347850942,0.879136530879893,0.0
nonlinear_linear_learner,linear,50,outcome-regression,2.8192511408396714,0.015994711757044727,2.7879015057958636,2.8506007758834793,1.0,0.9919581974936541,0.47525,0.08378882347850942,0.879136530879893,0.0
nonlinear_linear_learner,linear,50,ipw,2.770065815007186,0.0711809851736212,2.630551084066888,2.9095805459474837,1.0,0.9919581974936541,0.47525,0.08378882347850942,0.879136530879893,0.0
nonlinear_linear_learner,linear,50,aipw,2.948529664330408,0.07569510703095966,2.800167254549727,3.0968920741110892,1.0,0.9919581974936541,0.47525,0.08378882347850942,0.879136530879893,0.0
nonlinear_linear_learner,linear,51,difference-in-means,3.2536548392561633,0.06932551960058608,3.1177768208390146,3.389532857673312,1.0,0.9926211304259397,0.45925,0.04105257968417998,0.9118971515964807,0.0
nonlinear_linear_learner,linear,51,outcome-regression,2.7215426064975583,0.0169373467046355,2.6883454069564725,2.754739806038644,1.0,0.9926211304259397,0.45925,0.04105257968417998,0.9118971515964807,0.0
nonlinear_linear_learner,linear,51,ipw,2.703814873326427,0.07575563082460565,2.5553338369102,2.8522959097426543,1.0,0.9926211304259397,0.45925,0.04105257968417998,0.9118971515964807,0.0
nonlinear_linear_learner,linear,51,aipw,2.921492317844676,0.08880080245744164,2.7474427450280903,3.095541890661262,1.0,0.9926211304259397,0.45925,0.04105257968417998,0.9118971515964807,0.0
nonlinear_linear_learner,linear,52,difference-in-means,3.240825750870785,0.07108795268419106,3.101493363609771,3.3801581381317996,1.0,1.0102356846453073,0.4665,0.07845518393505872,0.8776900323961256,0.0
nonlinear_linear_learner,linear,52,outcome-regression,2.709963823304123,0.019011933612866322,2.6727004334229054,2.747227213185341,1.0,1.0102356846453073,0.4665,0.07845518393505872,0.8776900323961256,0.0
nonlinear_linear_learner,linear,52,ipw,2.6372921362127295,0.06847768477778929,2.5030758740482626,2.7715083983771964,1.0,1.0102356846453073,0.4665,0.07845518393505872,0.8776900323961256,0.0
nonlinear_linear_learner,linear,52,aipw,2.8845587767143255,0.07271705441530452,2.7420333500603284,3.0270842033683225,1.0,1.0102356846453073,0.4665,0.07845518393505872,0.8776900323961256,0.0
nonlinear_linear_learner,linear,53,difference-in-means,3.2193122405671124,0.07142329473375808,3.0793225828889463,3.3593018982452785,1.0,1.0085155372873615,0.4745,0.08494581853119526,0.9230590315156705,0.0
nonlinear_linear_learner,linear,53,outcome-regression,2.6530356878060073,0.01881013187783501,2.616167829325451,2.6899035462865637,1.0,1.0085155372873615,0.4745,0.08494581853119526,0.9230590315156705,0.0
nonlinear_linear_learner,linear,53,ipw,2.6022042991427456,0.07031961057735547,2.464377862411129,2.7400307358743623,1.0,1.0085155372873615,0.4745,0.08494581853119526,0.9230590315156705,0.0
nonlinear_linear_learner,linear,53,aipw,2.7962850084453983,0.07131045549075024,2.6565165156835278,2.936053501207269,1.0,1.0085155372873615,0.4745,0.08494581853119526,0.9230590315156705,0.0
nonlinear_linear_learner,linear,54,difference-in-means,3.2571802051559664,0.07255923808889254,3.114964098501737,3.3993963118101957,1.0,0.9942181137932894,0.459,0.09062246465050533,0.8877559316870317,0.0
nonlinear_linear_learner,linear,54,outcome-regression,2.735521075620906,0.016234405280839876,2.7037016412704595,2.767340509971352,1.0,0.9942181137932894,0.459,0.09062246465050533,0.8877559316870317,0.0
nonlinear_linear_learner,linear,54,ipw,2.6836886620252245,0.07130140987194615,2.54393789867621,2.823439425374239,1.0,0.9942181137932894,0.459,0.09062246465050533,0.8877559316870317,0.0
nonlinear_linear_learner,linear,54,aipw,2.8884383895019456,0.07660502299246653,2.738292544436711,3.03858423456718,1.0,0.9942181137932894,0.459,0.09062246465050533,0.8877559316870317,0.0
nonlinear_linear_learner,linear,55,difference-in-means,3.3335769314575954,0.07384732771427063,3.188836169137625,3.4783176937775657,1.0,0.9996840482621959,0.4415,0.0694221325218544,0.928612319492562,0.0
nonlinear_linear_learner,linear,55,outcome-regression,2.7543157934859472,0.01796464113308301,2.7191050968651047,2.7895264901067898,1.0,0.9996840482621959,0.4415,0.0694221325218544,0.928612319492562,0.0
nonlinear_linear_learner,linear,55,ipw,2.698024436180444,0.07496558219328849,2.5510918950815986,2.8449569772792893,1.0,0.9996840482621959,0.4415,0.0694221325218544,0.928612319492562,0.0
nonlinear_linear_learner,linear,55,aipw,2.941454207008703,0.08416708053576258,2.7764867291586084,3.1064216848587973,1.0,0.9996840482621959,0.4415,0.0694221325218544,0.928612319492562,0.0
nonlinear_linear_learner,linear,56,difference-in-means,3.261435638623828,0.07079589499514677,3.1226756844333403,3.400195592814316,1.0,0.99546905454288,0.463,0.08051459375227267,0.8818542628450929,0.0
nonlinear_linear_learner,linear,56,outcome-regression,2.764577246176312,0.01656827551808046,2.732103426160874,2.7970510661917496,1.0,0.99546905454288,0.463,0.08051459375227267,0.8818542628450929,0.0
nonlinear_linear_learner,linear,56,ipw,2.746478982524256,0.07214487545800609,2.605075026626564,2.887882938421948,1.0,0.99546905454288,0.463,0.08051459375227267,0.8818542628450929,0.0
nonlinear_linear_learner,linear,56,aipw,2.938084092741171,0.08208300461688328,2.77720140369208,3.098966781790262,1.0,0.99546905454288,0.463,0.08051459375227267,0.8818542628450929,0.0
nonlinear_linear_learner,linear,57,difference-in-means,3.0663498517091714,0.06949750674635044,2.9301347384863243,3.2025649649320185,1.0,0.9811538546857992,0.46525,0.0643873134909135,0.9046023128952256,0.0
nonlinear_linear_learner,linear,57,outcome-regression,2.5626588921812905,0.015199979107204787,2.532866933131169,2.592450851231412,1.0,0.9811538546857992,0.46525,0.0643873134909135,0.9046023128952256,0.0
nonlinear_linear_learner,linear,57,ipw,2.5605376946344363,0.0693388544917457,2.4246335398306145,2.696441849438258,1.0,0.9811538546857992,0.46525,0.0643873134909135,0.9046023128952256,0.0
nonlinear_linear_learner,linear,57,aipw,2.721924998036336,0.07550094879150461,2.573943138404987,2.8699068576676847,1.0,0.9811538546857992,0.46525,0.0643873134909135,0.9046023128952256,0.0
nonlinear_linear_learner,linear,58,difference-in-means,3.3119597572094888,0.07096059084624225,3.172876999150854,3.4510425152681234,1.0,1.0280796446746772,0.4745,0.050911585154772156,0.9262063415283719,0.0
nonlinear_linear_learner,linear,58,outcome-regression,2.7012252529721508,0.018931536159949816,2.664119442098649,2.7383310638456524,1.0,1.0280796446746772,0.4745,0.050911585154772156,0.9262063415283719,0.0
nonlinear_linear_learner,linear,58,ipw,2.69339107890537,0.07667403170132846,2.543109976770766,2.843672181039974,1.0,1.0280796446746772,0.4745,0.050911585154772156,0.9262063415283719,0.0
nonlinear_linear_learner,linear,58,aipw,2.961672420225179,0.10013776374623341,2.765402403282562,3.1579424371677964,1.0,1.0280796446746772,0.4745,0.050911585154772156,0.9262063415283719,0.0
nonlinear_linear_learner,linear,59,difference-in-means,3.1629421037118517,0.0691885825400192,3.027332481933414,3.2985517254902894,1.0,0.9973932602849581,0.469,0.08097860197723371,0.878900923218736,0.0
nonlinear_linear_learner,linear,59,outcome-regression,2.663693688864681,0.01733134966620483,2.6297242435189196,2.6976631342104427,1.0,0.9973932602849581,0.469,0.08097860197723371,0.878900923218736,0.0
nonlinear_linear_learner,linear,59,ipw,2.628612617883034,0.07131449544219058,2.4888362068163405,2.7683890289497275,1.0,0.9973932602849581,0.469,0.08097860197723371,0.878900923218736,0.0
nonlinear_linear_learner,linear,59,aipw,2.815178110846006,0.0778596924397748,2.6625731136640476,2.9677831080279646,1.0,0.9973932602849581,0.469,0.08097860197723371,0.878900923218736,0.0
nonlinear_linear_learner,linear,60,difference-in-means,3.07322141084663,0.06968115375464194,2.9366463494875314,3.209796472205728,1.0,0.9852757248698374,0.47025,0.10304473092841605,0.8811414702821269,0.0
nonlinear_linear_learner,linear,60,outcome-regression,2.5889369710362153,0.016576810875894576,2.556446421719462,2.621427520352969,1.0,0.9852757248698374,0.47025,0.10304473092841605,0.8811414702821269,0.0
nonlinear_linear_learner,linear,60,ipw,2.5259394639896957,0.07052172347942001,2.3877168859700326,2.664162042009359,1.0,0.9852757248698374,0.47025,0.10304473092841605,0.8811414702821269,0.0
nonlinear_linear_learner,linear,60,aipw,2.679022341976994,0.06980632374622031,2.5422019474344024,2.8158427365195857,1.0,0.9852757248698374,0.47025,0.10304473092841605,0.8811414702821269,0.0
nonlinear_linear_learner,linear,61,difference-in-means,3.2935081230647265,0.07099526313533212,3.1543574073194756,3.4326588388099775,1.0,1.0090208987944516,0.47375,0.04539491117766459,0.8888934144630642,0.0
nonlinear_linear_learner,linear,61,outcome-regression,2.7326501364061118,0.016688635679427046,2.6999404104744347,2.765359862337789,1.0,1.0090208987944516,0.47375,0.04539491117766459,0.8888934144630642,0.0
nonlinear_linear_learner,linear,61,ipw,2.7135418532456823,0.0724489368927698,2.5715419369358536,2.855541769555511,1.0,1.0090208987944516,0.47375,0.04539491117766459,0.8888934144630642,0.0
nonlinear_linear_learner,linear,61,aipw,2.9168097740366723,0.08630048545310497,2.7476608225485863,3.0859587255247583,1.0,1.0090208987944516,0.47375,0.04539491117766459,0.8888934144630642,0.0
nonlinear_linear_learner,linear,62,difference-in-means,3.1929169320415425,0.07085063602461901,3.0540496854332893,3.3317841786497957,1.0,0.9789626119289355,0.45875,0.06363059474294754,0.9106400808920574,0.0
nonlinear_linear_learner,linear,62,outcome-regression,2.6253785019595393,0.01885102530961388,2.588430492352696,2.6623265115663823,1.0,0.9789626119289355,0.45875,0.06363059474294754,0.9106400808920574,0.0
nonlinear_linear_learner,linear,62,ipw,2.5594082961737294,0.07244025444249975,2.41742539746643,2.7013911948810287,1.0,0.9789626119289355,0.45875,0.06363059474294754,0.9106400808920574,0.0
nonlinear_linear_learner,linear,62,aipw,2.810032283226575,0.08152318124379174,2.6502468479887433,2.969817718464407,1.0,0.9789626119289355,0.45875,0.06363059474294754,0.9106400808920574,0.0
nonlinear_linear_learner,linear,63,difference-in-means,3.1152710267479886,0.06836866541133266,2.9812684425417766,3.2492736109542006,1.0,0.9908852073304208,0.48075,0.12447522733253787,0.8532249421421177,0.0
nonlinear_linear_learner,linear,63,outcome-regression,2.6523755088163345,0.01753718415287972,2.6180026278766904,2.6867483897559787,1.0,0.9908852073304208,0.48075,0.12447522733253787,0.8532249421421177,0.0
nonlinear_linear_learner,linear,63,ipw,2.6107249138928275,0.06847712469837346,2.4765097494840154,2.7449400783016396,1.0,0.9908852073304208,0.48075,0.12447522733253787,0.8532249421421177,0.0
nonlinear_linear_learner,linear,63,aipw,2.772716155738268,0.0701705097813032,2.635181956566914,2.910250354909622,1.0,0.9908852073304208,0.48075,0.12447522733253787,0.8532249421421177,0.0
nonlinear_linear_learner,linear,64,difference-in-means,3.3776637523587727,0.07619604137857831,3.228319511256759,3.5270079934607863,1.0,0.9902133918515843,0.459,0.04475643238654801,0.9113228831078307,0.0
nonlinear_linear_learner,linear,64,outcome-regression,2.791066880187919,0.01933799699865148,2.753164406070562,2.8289693543052756,1.0,0.9902133918515843,0.459,0.04475643238654801,0.9113228831078307,0.0
nonlinear_linear_learner,linear,64,ipw,2.7778480211669776,0.0811151883357501,2.6188622520289075,2.9368337903050477,1.0,0.9902133918515843,0.459,0.04475643238654801,0.9113228831078307,0.0
nonlinear_linear_learner,linear,64,aipw,3.0504369924404715,0.10891890496444462,2.83695593871016,3.263918046170783,1.0,0.9902133918515843,0.459,0.04475643238654801,0.9113228831078307,0.0
nonlinear_linear_learner,linear,65,difference-in-means,3.1930297197558923,0.06939495584669801,3.057015606296364,3.3290438332154206,1.0,0.9804654449442209,0.45925,0.07500190205071966,0.8999301573561279,0.0
nonlinear_linear_learner,linear,65,outcome-regression,2.6687765162416364,0.016155181156114765,2.6371123611756513,2.7004406713076214,1.0,0.9804654449442209,0.45925,0.07500190205071966,0.8999301573561279,0.0
nonlinear_linear_learner,linear,65,ipw,2.6106821731844425,0.07152830872218803,2.470486688088954,2.750877658279931,1.0,0.9804654449442209,0.45925,0.07500190205071966,0.8999301573561279,0.0
nonlinear_linear_learner,linear,65,aipw,2.8187084190122405,0.07604490897835678,2.669660397414661,2.96775644060982,1.0,0.9804654449442209,0.45925,0.07500190205071966,0.8999301573561279,0.0
nonlinear_linear_learner,linear,66,difference-in-means,3.1658247569967304,0.07413735278176119,3.0205155455444785,3.3111339684489822,1.0,0.9973334154467675,0.45675,0.06165256073954766,0.9130929052887622,0.0
nonlinear_linear_learner,linear,66,outcome-regression,2.647432416116429,0.018030329322032485,2.6120929706452456,2.6827718615876126,1.0,0.9973334154467675,0.45675,0.06165256073954766,0.9130929052887622,0.0
nonlinear_linear_learner,linear,66,ipw,2.6087137662255455,0.07456285795108343,2.462570564641422,2.754856967809669,1.0,0.9973334154467675,0.45675,0.06165256073954766,0.9130929052887622,0.0
nonlinear_linear_learner,linear,66,aipw,2.793035276844793,0.0790683765776968,2.6380612587525074,2.9480092949370786,1.0,0.9973334154467675,0.45675,0.06165256073954766,0.9130929052887622,0.0
nonlinear_linear_learner,linear,67,difference-in-means,3.1824139398931894,0.07027348840769942,3.0446779026140987,3.32014997717228,1.0,0.9870571785985244,0.45575,0.08045047168828107,0.9098433782305785,0.0
nonlinear_linear_learner,linear,67,outcome-regression,2.6543348882647,0.016605036522694884,2.621789016680218,2.686880759849182,1.0,0.9870571785985244,0.45575,0.08045047168828107,0.9098433782305785,0.0
nonlinear_linear_learner,linear,67,ipw,2.60375996286163,0.07066005258632717,2.465266259792429,2.742253665930831,1.0,0.9870571785985244,0.45575,0.08045047168828107,0.9098433782305785,0.0
nonlinear_linear_learner,linear,67,aipw,2.7946680850417702,0.0739136218430303,2.649797386229431,2.9395387838541094,1.0,0.9870571785985244,0.45575,0.08045047168828107,0.9098433782305785,0.0
nonlinear_linear_learner,linear,68,difference-in-means,3.2489574276002724,0.06984027338648989,3.1120704917627524,3.3858443634377924,1.0,1.0020162059998703,0.45825,0.06473476071369688,0.8895367013598925,0.0
nonlinear_linear_learner,linear,68,outcome-regression,2.745177677074946,0.016284887382540192,2.713259297805167,2.7770960563447247,1.0,1.0020162059998703,0.45825,0.06473476071369688,0.8895367013598925,0.0
nonlinear_linear_learner,linear,68,ipw,2.689289560212371,0.07060299230455998,2.5509076952954337,2.8276714251293087,1.0,1.0020162059998703,0.45825,0.06473476071369688,0.8895367013598925,0.0
nonlinear_linear_learner,linear,68,aipw,2.9442769986123367,0.08207357256511971,2.783412796384702,3.1051412008399715,1.0,1.0020162059998703,0.45825,0.06473476071369688,0.8895367013598925,0.0
nonlinear_linear_learner,linear,69,difference-in-means,3.408069255529168,0.07295331732089716,3.2650807535802095,3.551057757478126,1.0,0.9936694144599455,0.448,0.040075847050038665,0.9282370918290321,0.0
nonlinear_linear_learner,linear,69,outcome-regression,2.8073822025395847,0.016777500284227344,2.774498301982499,2.8402661030966705,1.0,0.9936694144599455,0.448,0.040075847050038665,0.9282370918290321,0.0
nonlinear_linear_learner,linear,69,ipw,2.768021586938813,0.07237246688611586,2.626171551842026,2.9098716220356002,1.0,0.9936694144599455,0.448,0.040075847050038665,0.9282370918290321,0.0
nonlinear_linear_learner,linear,69,aipw,3.0328084414718077,0.08264887599246783,2.870816644526571,3.1948002384170446,1.0,0.9936694144599455,0.448,0.040075847050038665,0.9282370918290321,0.0
nonlinear_linear_learner,linear,70,difference-in-means,3.185183632921682,0.07022352758078203,3.047545518863349,3.322821746980015,1.0,0.987503536440723,0.4585,0.07545909718882612,0.9024170890624932,0.0
nonlinear_linear_learner,linear,70,outcome-regression,2.6599747826933964,0.01898495762839797,2.6227642657417363,2.6971852996450565,1.0,0.987503536440723,0.4585,0.07545909718882612,0.9024170890624932,0.0
nonlinear_linear_learner,linear,70,ipw,2.614129696703255,0.0701328039732115,2.4766694009157604,2.751589992490749,1.0,0.987503536440723,0.4585,0.07545909718882612,0.9024170890624932,0.0
nonlinear_linear_learner,linear,70,aipw,2.7888362020937065,0.0712410597378211,2.649203725007577,2.928468679179836,1.0,0.987503536440723,0.4585,0.07545909718882612,0.9024170890624932,0.0
nonlinear_linear_learner,linear,71,difference-in-means,3.2357986057861794,0.070083470435126,3.0984350037333326,3.373162207839026,1.0,0.9826904831513886,0.46575,0.06185524453086332,0.9246403463899595,0.0
nonlinear_linear_learner,linear,71,outcome-regression,2.6813954516691902,0.017244959100194492,2.647595331832809,2.7151955715055713,1.0,0.9826904831513886,0.46575,0.06185524453086332,0.9246403463899595,0.0
nonlinear_linear_learner,linear,71,ipw,2.655473925106826,0.07162231373120467,2.5150941901936648,2.7958536600199873,1.0,0.9826904831513886,0.46575,0.06185524453086332,0.9246403463899595,0.0
nonlinear_linear_learner,linear,71,aipw,2.817835814795311,0.07231114994488963,2.6761059609033273,2.9595656686872944,1.0,0.9826904831513886,0.46575,0.06185524453086332,0.9246403463899595,0.0
nonlinear_linear_learner,linear,72,difference-in-means,3.232123511775869,0.0690807644825586,3.0967252133900542,3.3675218101616835,1.0,0.9990749614355009,0.46975,0.05547959222435045,0.8949448963820174,0.0
nonlinear_linear_learner,linear,72,outcome-regression,2.7158353167695166,0.013712218806452577,2.6889593679088697,2.7427112656301635,1.0,0.9990749614355009,0.46975,0.05547959222435045,0.8949448963820174,0.0
nonlinear_linear_learner,linear,72,ipw,2.7102334844771123,0.071604360238749,2.5698889384091643,2.8505780305450603,1.0,0.9990749614355009,0.46975,0.05547959222435045,0.8949448963820174,0.0
nonlinear_linear_learner,linear,72,aipw,2.8540628078959727,0.07814388000160688,2.700900803092823,3.007224812699122,1.0,0.9990749614355009,0.46975,0.05547959222435045,0.8949448963820174,0.0
nonlinear_linear_learner,linear,73,difference-in-means,3.1844544446418244,0.07254458581959572,3.0422670564354166,3.326641832848232,1.0,1.0055110549344808,0.4625,0.09507976196305008,0.8934303080708428,0.0
nonlinear_linear_learner,linear,73,outcome-regression,2.653332575181053,0.020377946998819018,2.6133917990633675,2.693273351298738,1.0,1.0055110549344808,0.4625,0.09507976196305008,0.8934303080708428,0.0
nonlinear_linear_learner,linear,73,ipw,2.5868794172621117,0.0710518424932599,2.447617805975322,2.726141028548901,1.0,1.0055110549344808,0.4625,0.09507976196305008,0.8934303080708428,0.0
nonlinear_linear_learner,linear,73,aipw,2.7746745824451944,0.07026664555386918,2.636951957159611,2.912397207730778,1.0,1.0055110549344808,0.4625,0.09507976196305008,0.8934303080708428,0.0
nonlinear_linear_learner,linear,74,difference-in-means,3.174434910986087,0.07189608949706647,3.033518575571837,3.3153512464003376,1.0,1.0030424551066115,0.472,0.0963189475815611,0.9079500582673923,0.0
nonlinear_linear_learner,linear,74,outcome-regression,2.6264738402367467,0.018003464261169173,2.591187050284855,2.6617606301886383,1.0,1.0030424551066115,0.472,0.0963189475815611,0.9079500582673923,0.0
nonlinear_linear_learner,linear,74,ipw,2.599584373462614,0.07119775196195095,2.46003677961719,2.7391319673080377,1.0,1.0030424551066115,0.472,0.0963189475815611,0.9079500582673923,0.0
nonlinear_linear_learner,linear,74,aipw,2.8010915023958227,0.07568832313527725,2.652742389050679,2.9494406157409663,1.0,1.0030424551066115,0.472,0.0963189475815611,0.9079500582673923,0.0
nonlinear_linear_learner,linear,75,difference-in-means,3.2162902726036897,0.06979433853064429,3.079493369083627,3.3530871761237524,1.0,1.010355341198077,0.47625,0.09054776944966282,0.902625431778277,0.0
nonlinear_linear_learner,linear,75,outcome-regression,2.703813505418809,0.016426088719806144,2.671618371527989,2.736008639309629,1.0,1.010355341198077,0.47625,0.09054776944966282,0.902625431778277,0.0
nonlinear_linear_learner,linear,75,ipw,2.668068901191935,0.06930602396372225,2.5322290942230397,2.8039087081608307,1.0,1.010355341198077,0.47625,0.09054776944966282,0.902625431778277,0.0
nonlinear_linear_learner,linear,75,aipw,2.85798163740884,0.07223603268091945,2.7163990133542377,2.9995642614634423,1.0,1.010355341198077,0.47625,0.09054776944966282,0.902625431778277,0.0
nonlinear_linear_learner,linear,76,difference-in-means,3.133993601219951,0.06967305365388009,2.997434416058346,3.2705527863815558,1.0,0.9971978083284861,0.46475,0.10280949789396016,0.8813386281217218,0.0
nonlinear_linear_learner,linear,76,outcome-regression,2.6715373970965204,0.0167512832913615,2.638704881845452,2.704369912347589,1.0,0.9971978083284861,0.46475,0.10280949789396016,0.8813386281217218,0.0
nonlinear_linear_learner,linear,76,ipw,2.6231369159482503,0.06936303596836851,2.487185365450248,2.7590884664462525,1.0,0.9971978083284861,0.46475,0.10280949789396016,0.8813386281217218,0.0
nonlinear_linear_learner,linear,76,aipw,2.8008303157206176,0.07491763086223133,2.653991759230644,2.947668872210591,1.0,0.9971978083284861,0.46475,0.10280949789396016,0.8813386281217218,0.0
nonlinear_linear_learner,linear,77,difference-in-means,3.245425592955183,0.06954234147846676,3.1091226036573882,3.381728582252978,1.0,0.9976651747764559,0.4635,0.09801683031482705,0.8648945162646939,0.0
nonlinear_linear_learner,linear,77,outcome-regression,2.736766290696604,0.015344498722370717,2.706691073200757,2.7668415081924507,1.0,0.9976651747764559,0.4635,0.09801683031482705,0.8648945162646939,0.0
nonlinear_linear_learner,linear,77,ipw,2.7085330487367307,0.07078803142879908,2.5697885071362845,2.847277590337177,1.0,0.9976651747764559,0.4635,0.09801683031482705,0.8648945162646939,0.0
nonlinear_linear_learner,linear,77,aipw,2.8992493838785984,0.07719857320872539,2.7479401803894965,3.0505585873677004,1.0,0.9976651747764559,0.4635,0.09801683031482705,0.8648945162646939,0.0
nonlinear_linear_learner,linear,78,difference-in-means,3.1413058485679493,0.070299111491294,3.003519590045013,3.2790921070908854,1.0,0.9789975679846126,0.448,0.054088249849355244,0.9060728051926918,0.0
nonlinear_linear_learner,linear,78,outcome-regression,2.627273396678143,0.015220618542977425,2.597440984333907,2.657105809022379,1.0,0.9789975679846126,0.448,0.054088249849355244,0.9060728051926918,0.0
nonlinear_linear_learner,linear,78,ipw,2.6064247729862076,0.07567473445964983,2.458102293445294,2.754747252527121,1.0,0.9789975679846126,0.448,0.054088249849355244,0.9060728051926918,0.0
nonlinear_linear_learner,linear,78,aipw,2.7879465405911286,0.09085767121315635,2.609865505013342,2.966027576168915,1.0,0.9789975679846126,0.448,0.054088249849355244,0.9060728051926918,0.0
nonlinear_linear_learner,linear,79,difference-in-means,3.1022239913031457,0.07224146881267243,2.9606307124303077,3.2438172701759838,1.0,0.9819776678615875,0.4575,0.059986947893393705,0.8588593064704108,0.0
nonlinear_linear_learner,linear,79,outcome-regression,2.6497078337330384,0.017559644424166285,2.6152909306616725,2.6841247368044043,1.0,0.9819776678615875,0.4575,0.059986947893393705,0.8588593064704108,0.0
nonlinear_linear_learner,linear,79,ipw,2.6022393759039684,0.07117199524073387,2.46274226523213,2.7417364865758067,1.0,0.9819776678615875,0.4575,0.059986947893393705,0.8588593064704108,0.0
nonlinear_linear_learner,linear,79,aipw,2.7846986856886096,0.08095995049234145,2.6260171827236203,2.943380188653599,1.0,0.9819776678615875,0.4575,0.059986947893393705,0.8588593064704108,0.0
nonlinear_linear_learner,linear,80,difference-in-means,3.3255903981715047,0.07549456130807845,3.177621058007671,3.4735597383353385,1.0,1.014724716291344,0.4595,0.041890292782298486,0.9834360815138287,0.0
nonlinear_linear_learner,linear,80,outcome-regression,2.705655332468914,0.018300754628532232,2.6697858533969905,2.7415248115408373,1.0,1.014724716291344,0.4595,0.041890292782298486,0.9834360815138287,0.0
nonlinear_linear_learner,linear,80,ipw,2.706145011087057,0.08554459296134438,2.538477608882822,2.873812413291292,1.0,1.014724716291344,0.4595,0.041890292782298486,0.9834360815138287,0.0
nonlinear_linear_learner,linear,80,aipw,2.972157556551011,0.11725872595562047,2.742330453677995,3.2019846594240273,1.0,1.014724716291344,0.4595,0.041890292782298486,0.9834360815138287,0.0
nonlinear_linear_learner,linear,81,difference-in-means,3.3804406807131833,0.0743550301705971,3.234704821578813,3.5261765398475537,1.0,1.0041826220666077,0.4645,0.0881148576567023,0.9109460035842429,0.0
nonlinear_linear_learner,linear,81,outcome-regression,2.7871495305167047,0.01968329062122758,2.7485702808990986,2.8257287801343107,1.0,1.0041826220666077,0.4645,0.0881148576567023,0.9109460035842429,0.0
nonlinear_linear_learner,linear,81,ipw,2.7153355568962905,0.07397405649875853,2.570346406158724,2.860324707633857,1.0,1.0041826220666077,0.4645,0.0881148576567023,0.9109460035842429,0.0
nonlinear_linear_learner,linear,81,aipw,2.90261116852805,0.0724168618009394,2.760674119398209,3.044548217657891,1.0,1.0041826220666077,0.4645,0.0881148576567023,0.9109460035842429,0.0
nonlinear_linear_learner,linear,82,difference-in-means,3.340112346276787,0.07282894237859688,3.197367619214737,3.4828570733388373,1.0,1.0094872318711952,0.46575,0.05276640096076663,0.8942105891865161,0.0
nonlinear_linear_learner,linear,82,outcome-regression,2.808134377364185,0.016848688456403325,2.7751109479896345,2.8411578067387357,1.0,1.0094872318711952,0.46575,0.05276640096076663,0.8942105891865161,0.0
nonlinear_linear_learner,linear,82,ipw,2.745000095286625,0.07333646631313988,2.601260621312871,2.888739569260379,1.0,1.0094872318711952,0.46575,0.05276640096076663,0.8942105891865161,0.0
nonlinear_linear_learner,linear,82,aipw,2.963484380798553,0.07616015567247643,2.814210475680499,3.1127582859166067,1.0,1.0094872318711952,0.46575,0.05276640096076663,0.8942105891865161,0.0
nonlinear_linear_learner,linear,83,difference-in-means,3.3000602422553857,0.07249352740414075,3.15797292854327,3.4421475559675017,1.0,0.9922191739580339,0.45875,0.07171664506232658,0.905760703866092,0.0
nonlinear_linear_learner,linear,83,outcome-regression,2.754893795332335,0.017166621489926186,2.72124721721208,2.7885403734525904,1.0,0.9922191739580339,0.45875,0.07171664506232658,0.905760703866092,0.0
nonlinear_linear_learner,linear,83,ipw,2.7066400261437575,0.07390071311414519,2.561794628440033,2.8514854238474823,1.0,0.9922191739580339,0.45875,0.07171664506232658,0.905760703866092,0.0
nonlinear_linear_learner,linear,83,aipw,2.9438173679564965,0.08483331509580018,2.777544070368728,3.110090665544265,1.0,0.9922191739580339,0.45875,0.07171664506232658,0.905760703866092,0.0
nonlinear_linear_learner,linear,84,difference-in-means,3.251547336309833,0.07254918753998298,3.109350928731466,3.3937437438881997,1.0,1.016159552796883,0.4625,0.050682436533471105,0.9085971463276634,0.0
nonlinear_linear_learner,linear,84,outcome-regression,2.6885579603477248,0.016972053062899083,2.6552927363444425,2.721823184351007,1.0,1.016159552796883,0.4625,0.050682436533471105,0.9085971463276634,0.0
nonlinear_linear_learner,linear,84,ipw,2.6427710629056955,0.07572961553432116,2.494341016458426,2.791201109352965,1.0,1.016159552796883,0.4625,0.050682436533471105,0.9085971463276634,0.0
nonlinear_linear_learner,linear,84,aipw,2.879690012741782,0.0901408162147732,2.7030140129608267,3.056366012522737,1.0,1.016159552796883,0.4625,0.050682436533471105,0.9085971463276634,0.0
nonlinear_linear_learner,linear,85,difference-in-means,3.3572561855961616,0.07326224436255,3.2136621866455637,3.5008501845467594,1.0,1.0128991814507873,0.46775,0.06020519295682112,0.8945463546525755,0.0
nonlinear_linear_learner,linear,85,outcome-regression,2.769970564779034,0.018970100054886318,2.7327891686714567,2.8071519608866113,1.0,1.0128991814507873,0.46775,0.06020519295682112,0.8945463546525755,0.0
nonlinear_linear_learner,linear,85,ipw,2.709983991675123,0.07149283273638997,2.5698580395117987,2.8501099438384476,1.0,1.0128991814507873,0.46775,0.06020519295682112,0.8945463546525755,0.0
nonlinear_linear_learner,linear,85,aipw,2.9455299415863547,0.07613869267324244,2.7962981039467993,3.09476177922591,1.0,1.0128991814507873,0.46775,0.06020519295682112,0.8945463546525755,0.0
nonlinear_linear_learner,linear,86,difference-in-means,3.253410460216219,0.07152430181337133,3.1132228286620114,3.3935980917704267,1.0,1.0102202243455267,0.478,0.05664677542186441,0.8867985686802952,0.0
nonlinear_linear_learner,linear,86,outcome-regression,2.703818911884194,0.016943892548913576,2.6706088824883234,2.7370289412800646,1.0,1.0102202243455267,0.478,0.05664677542186441,0.8867985686802952,0.0
nonlinear_linear_learner,linear,86,ipw,2.6609811993768973,0.07278353583794615,2.5183254691345227,2.803636929619272,1.0,1.0102202243455267,0.478,0.05664677542186441,0.8867985686802952,0.0
nonlinear_linear_learner,linear,86,aipw,2.848313783820764,0.07596389859336965,2.699424542577759,2.9972030250637687,1.0,1.0102202243455267,0.478,0.05664677542186441,0.8867985686802952,0.0
nonlinear_linear_learner,linear,87,difference-in-means,3.1154623534747543,0.0706135682872526,2.9770597596317394,3.253864947317769,1.0,1.0074043103609336,0.47975,0.11204733129797231,0.8840587890536036,0.0
nonlinear_linear_learner,linear,87,outcome-regression,2.607657132486007,0.017120746681820734,2.5741004689896387,2.6412137959823756,1.0,1.0074043103609336,0.47975,0.11204733129797231,0.8840587890536036,0.0
nonlinear_linear_learner,linear,87,ipw,2.573701949754419,0.06840511698407233,2.4396279204656373,2.7077759790432006,1.0,1.0074043103609336,0.47975,0.11204733129797231,0.8840587890536036,0.0
nonlinear_linear_learner,linear,87,aipw,2.755533382117058,0.07048363102290468,2.6173854653121644,2.893681298921951,1.0,1.0074043103609336,0.47975,0.11204733129797231,0.8840587890536036,0.0
nonlinear_linear_learner,linear,88,difference-in-means,3.302625401932533,0.06898352822884804,3.167417686603991,3.437833117261075,1.0,1.0051310769415085,0.4615,0.060770421469542354,0.9058877674228503,0.0
nonlinear_linear_learner,linear,88,outcome-regression,2.7500795203011172,0.016004570365111454,2.718710562385499,2.7814484782167357,1.0,1.0051310769415085,0.4615,0.060770421469542354,0.9058877674228503,0.0
nonlinear_linear_learner,linear,88,ipw,2.712375451363942,0.06966742804627166,2.5758272923932495,2.8489236103346345,1.0,1.0051310769415085,0.4615,0.060770421469542354,0.9058877674228503,0.0
nonlinear_linear_learner,linear,88,aipw,2.8915238784253967,0.07310943065469401,2.7482293943421965,3.034818362508597,1.0,1.0051310769415085,0.4615,0.060770421469542354,0.9058877674228503,0.0
nonlinear_linear_learner,linear,89,difference-in-means,3.1334527801613854,0.07086642581097377,2.9945545855718767,3.272350974750894,1.0,0.9968092231456265,0.4665,0.030087249902756356,0.9265354692953648,0.0
nonlinear_linear_learner,linear,89,outcome-regression,2.638633951867696,0.014594110043937947,2.6100294961815775,2.667238407553814,1.0,0.9968092231456265,0.4665,0.030087249902756356,0.9265354692953648,0.0
nonlinear_linear_learner,linear,89,ipw,2.6222596887546468,0.08328336330757849,2.459024296671793,2.7854950808375007,1.0,0.9968092231456265,0.4665,0.030087249902756356,0.9265354692953648,0.0
nonlinear_linear_learner,linear,89,aipw,2.805264258824576,0.11737531997985043,2.5752086316640694,3.035319885985083,1.0,0.9968092231456265,0.4665,0.030087249902756356,0.9265354692953648,0.0
nonlinear_linear_learner,linear,90,difference-in-means,3.1459366229640233,0.07160277693549333,3.0055951801704563,3.2862780657575903,1.0,0.9933369171461589,0.46075,0.07078809999275443,0.8902298360443579,0.0
nonlinear_linear_learner,linear,90,outcome-regression,2.608683850967751,0.01644063188972006,2.5764602124639,2.6409074894716023,1.0,0.9933369171461589,0.46075,0.07078809999275443,0.8902298360443579,0.0
nonlinear_linear_learner,linear,90,ipw,2.580937823450413,0.07261068673428363,2.438620877451217,2.7232547694496088,1.0,0.9933369171461589,0.46075,0.07078809999275443,0.8902298360443579,0.0
nonlinear_linear_learner,linear,90,aipw,2.744367599474741,0.07624876771915164,2.594920014745204,2.893815184204278,1.0,0.9933369171461589,0.46075,0.07078809999275443,0.8902298360443579,0.0
nonlinear_linear_learner,linear,91,difference-in-means,3.119773745823843,0.07106072049090463,2.98049473366167,3.2590527579860162,1.0,1.0024538095671276,0.457,0.06764452210675731,0.8622576640138838,0.0
nonlinear_linear_learner,linear,91,outcome-regression,2.6197717731583157,0.014855858823971141,2.5906542898633322,2.648889256453299,1.0,1.0024538095671276,0.457,0.06764452210675731,0.8622576640138838,0.0
nonlinear_linear_learner,linear,91,ipw,2.6034596260635814,0.07315439837913382,2.4600770052404792,2.7468422468866835,1.0,1.0024538095671276,0.457,0.06764452210675731,0.8622576640138838,0.0
nonlinear_linear_learner,linear,91,aipw,2.8161652290578076,0.08691829357807526,2.64580537364478,2.986525084470835,1.0,1.0024538095671276,0.457,0.06764452210675731,0.8622576640138838,0.0
nonlinear_linear_learner,linear,92,difference-in-means,3.4027276530521435,0.07276440353711949,3.260109422119389,3.545345883984898,1.0,1.0171809040387971,0.46225,0.03437709188157293,0.959178592927605,0.0
nonlinear_linear_learner,linear,92,outcome-regression,2.760599521952497,0.02133575915700747,2.7187814340047622,2.8024176099002314,1.0,1.0171809040387971,0.46225,0.03437709188157293,0.959178592927605,0.0
nonlinear_linear_learner,linear,92,ipw,2.6725519144920384,0.07569957176759097,2.5241807538275602,2.8209230751565166,1.0,1.0171809040387971,0.46225,0.03437709188157293,0.959178592927605,0.0
nonlinear_linear_learner,linear,92,aipw,3.025043328891587,0.09490204852952903,2.83903531377371,3.211051344009464,1.0,1.0171809040387971,0.46225,0.03437709188157293,0.959178592927605,0.0
nonlinear_linear_learner,linear,93,difference-in-means,3.224890967671465,0.07261503330429614,3.0825655023950445,3.3672164329478855,1.0,0.9941291133108054,0.461,0.07061400642079356,0.9107447253010255,0.0
nonlinear_linear_learner,linear,93,outcome-regression,2.6622579159128645,0.01730014387046171,2.6283496339267596,2.6961661978989695,1.0,0.9941291133108054,0.461,0.07061400642079356,0.9107447253010255,0.0
nonlinear_linear_learner,linear,93,ipw,2.6222640092592133,0.07158878130125838,2.481949997908747,2.7625780206096797,1.0,0.9941291133108054,0.461,0.07061400642079356,0.9107447253010255,0.0
nonlinear_linear_learner,linear,93,aipw,2.846492376737193,0.07796103932167048,2.693688739666719,2.999296013807667,1.0,0.9941291133108054,0.461,0.07061400642079356,0.9107447253010255,0.0
nonlinear_linear_learner,linear,94,difference-in-means,3.302049884875845,0.0725641680970405,3.1598241154056455,3.444275654346044,1.0,0.9891356133095239,0.472,0.06189361599154852,0.9422484811497314,0.0
nonlinear_linear_learner,linear,94,outcome-regression,2.776669839237355,0.019062599523308573,2.7393071441716703,2.81403253430304,1.0,0.9891356133095239,0.472,0.06189361599154852,0.9422484811497314,0.0
nonlinear_linear_learner,linear,94,ipw,2.7423558300386084,0.07102782229777464,2.60314129833497,2.881570361742247,1.0,0.9891356133095239,0.472,0.06189361599154852,0.9422484811497314,0.0
nonlinear_linear_learner,linear,94,aipw,2.9243775562690018,0.07533855894117468,2.7767139807442995,3.072041131793704,1.0,0.9891356133095239,0.472,0.06189361599154852,0.9422484811497314,0.0
nonlinear_linear_learner,linear,95,difference-in-means,3.2396338385501027,0.07209621547889876,3.098325256211461,3.3809424208887444,1.0,1.0204302193564547,0.4625,0.06749581080232778,0.8957872192363477,0.0
nonlinear_linear_learner,linear,95,outcome-regression,2.7235066477962664,0.018588411001122757,2.6870733622340657,2.759939933358467,1.0,1.0204302193564547,0.4625,0.06749581080232778,0.8957872192363477,0.0
nonlinear_linear_learner,linear,95,ipw,2.679933717317337,0.072981606566111,2.5368897684477596,2.822977666186915,1.0,1.0204302193564547,0.4625,0.06749581080232778,0.8957872192363477,0.0
nonlinear_linear_learner,linear,95,aipw,2.906446377327309,0.08470543361745697,2.740423727437093,3.0724690272175246,1.0,1.0204302193564547,0.4625,0.06749581080232778,0.8957872192363477,0.0
nonlinear_linear_learner,linear,96,difference-in-means,3.1645426814819597,0.0717875674162845,3.023839049346042,3.3052463136178774,1.0,0.9860095791313174,0.456,0.06829064592798151,0.9254564233797894,0.0
nonlinear_linear_learner,linear,96,outcome-regression,2.6224695888425953,0.017404184758535567,2.588357386715866,2.656581790969325,1.0,0.9860095791313174,0.456,0.06829064592798151,0.9254564233797894,0.0
nonlinear_linear_learner,linear,96,ipw,2.5943915695397886,0.07094408027745515,2.4553411721959764,2.7334419668836007,1.0,0.9860095791313174,0.456,0.06829064592798151,0.9254564233797894,0.0
nonlinear_linear_learner,linear,96,aipw,2.8296178675100254,0.08317177394232454,2.6666011905830693,2.9926345444369815,1.0,0.9860095791313174,0.456,0.06829064592798151,0.9254564233797894,0.0
nonlinear_linear_learner,linear,97,difference-in-means,3.2621083753661697,0.07119328443315018,3.122569537877195,3.4016472128551443,1.0,0.9980051849642069,0.46175,0.05803385167219845,0.9391650286601223,0.0
nonlinear_linear_learner,linear,97,outcome-regression,2.663358398428746,0.0180097707676435,2.6280592477241647,2.6986575491333276,1.0,0.9980051849642069,0.46175,0.05803385167219845,0.9391650286601223,0.0
nonlinear_linear_learner,linear,97,ipw,2.6007202321711036,0.07347724158716983,2.456704838660251,2.7447356256819564,1.0,0.9980051849642069,0.46175,0.05803385167219845,0.9391650286601223,0.0
nonlinear_linear_learner,linear,97,aipw,2.833075493827827,0.07916556327531303,2.6779109898082134,2.9882399978474408,1.0,0.9980051849642069,0.46175,0.05803385167219845,0.9391650286601223,0.0
nonlinear_linear_learner,linear,98,difference-in-means,3.2204377890488036,0.07280070954794099,3.0777483983348395,3.3631271797627678,1.0,0.9994821628245187,0.47825,0.07215588016324699,0.9358944540635885,0.0
nonlinear_linear_learner,linear,98,outcome-regression,2.6799883493256553,0.01878328999946496,2.643173100926704,2.716803597724607,1.0,0.9994821628245187,0.47825,0.07215588016324699,0.9358944540635885,0.0
nonlinear_linear_learner,linear,98,ipw,2.665590965856256,0.07348597679058604,2.5215584513467078,2.8096234803658047,1.0,0.9994821628245187,0.47825,0.07215588016324699,0.9358944540635885,0.0
nonlinear_linear_learner,linear,98,aipw,2.8754667195760955,0.08356454187577281,2.711680217499581,3.03925322165261,1.0,0.9994821628245187,0.47825,0.07215588016324699,0.9358944540635885,0.0
nonlinear_linear_learner,linear,99,difference-in-means,3.280229704865694,0.07199660619910138,3.1391163567154554,3.421343053015933,1.0,0.9925114528351103,0.4565,0.06993515862963294,0.9082452072828977,0.0
nonlinear_linear_learner,linear,99,outcome-regression,2.7424444500813654,0.017342398562899312,2.708453348898083,2.776435551264648,1.0,0.9925114528351103,0.4565,0.06993515862963294,0.9082452072828977,0.0
nonlinear_linear_learner,linear,99,ipw,2.7048748029043717,0.0713480165383689,2.5650326904891685,2.844716915319575,1.0,0.9925114528351103,0.4565,0.06993515862963294,0.9082452072828977,0.0
nonlinear_linear_learner,linear,99,aipw,2.882978560178958,0.07700193227366316,2.732054772922578,3.0339023474353377,1.0,0.9925114528351103,0.4565,0.06993515862963294,0.9082452072828977,0.0
nonlinear_gbm_learner,gbm,0,difference-in-means,3.2790217219462545,0.06975012550566687,3.1423114759551476,3.4157319679373614,1.0,0.9972506372193501,0.47825,0.04153616008766145,0.99,0.00025
nonlinear_gbm_learner,gbm,0,outcome-regression,1.6135072580708825,0.020486548949726697,1.5733536221294182,1.6536608940123467,1.0,0.9972506372193501,0.47825,0.04153616008766145,0.99,0.00025
nonlinear_gbm_learner,gbm,0,ipw,1.6532760839269294,0.0935182977284762,1.469980220379116,1.8365719474747428,1.0,0.9972506372193501,0.47825,0.04153616008766145,0.99,0.00025
nonlinear_gbm_learner,gbm,0,aipw,1.3241402187208606,0.05803658740832721,1.2103885074005394,1.4378919300411819,1.0,0.9972506372193501,0.47825,0.04153616008766145,0.99,0.00025
nonlinear_gbm_learner,gbm,1,difference-in-means,3.1304985640654115,0.06959990379515478,2.994082752626908,3.266914375503915,1.0,0.9664395959324084,0.4585,0.03751351039153915,0.99,0.0005
nonlinear_gbm_learner,gbm,1,outcome-regression,1.5066328286661645,0.01813670688669728,1.471084883168238,1.5421807741640912,1.0,0.9664395959324084,0.4585,0.03751351039153915,0.99,0.0005
nonlinear_gbm_learner,gbm,1,ipw,1.6894676080086357,0.08818309960529987,1.516628732782248,1.8623064832350233,1.0,0.9664395959324084,0.4585,0.03751351039153915,0.99,0.0005
nonlinear_gbm_learner,gbm,1,aipw,1.3488672432833915,0.04604378958832643,1.2586214156902717,1.4391130708765112,1.0,0.9664395959324084,0.4585,0.03751351039153915,0.99,0.0005
nonlinear_gbm_learner,gbm,2,difference-in-means,3.272057535883304,0.07284662214628283,3.1292781564765897,3.4148369152900186,1.0,1.012029879596719,0.47175,0.05813133506080665,0.99,0.00075
nonlinear_gbm_learner,gbm,2,outcome-regression,1.5524435432402177,0.020782547680687203,1.5117097497860708,1.5931773366943647,1.0,1.012029879596719,0.47175,0.05813133506080665,0.99,0.00075
nonlinear_gbm_learner,gbm,2,ipw,1.6604437511193624,0.09274806742489443,1.4786575389665693,1.8422299632721555,1.0,1.012029879596719,0.47175,0.05813133506080665,0.99,0.00075
nonlinear_gbm_learner,gbm,2,aipw,1.3636532141678157,0.050148495470849035,1.2653621630449516,1.4619442652906798,1.0,1.012029879596719,0.47175,0.05813133506080665,0.99,0.00075
nonlinear_gbm_learner,gbm,3,difference-in-means,3.1910254377153286,0.07158186320748054,3.050724985828667,3.3313258896019904,1.0,1.0123772091166827,0.44925,0.053866798549597694,0.99,0.00075
nonlinear_gbm_learner,gbm,3,outcome-regression,1.5182162461672875,0.01923102418326505,1.480523438768088,1.555909053566487,1.0,1.0123772091166827,0.44925,0.053866798549597694,0.99,0.00075
nonlinear_gbm_learner,gbm,3,ipw,1.6189497599064666,0.08648535236212257,1.4494384692767064,1.7884610505362268,1.0,1.0123772091166827,0.44925,0.053866798549597694,0.99,0.00075
nonlinear_gbm_learner,gbm,3,aipw,1.3214732239416875,0.049609816204050444,1.2242379841817486,1.4187084637016265,1.0,1.0123772091166827,0.44925,0.053866798549597694,0.99,0.00075
nonlinear_gbm_learner,gbm,4,difference-in-means,3.2731170842079766,0.07141663573383633,3.1331404781696572,3.413093690246296,1.0,0.9963926652213876,0.47925,0.03332311393440497,0.99,0.00025
nonlinear_gbm_learner,gbm,4,outcome-regression,1.5727089665469025,0.01812492306068448,1.537184117347961,1.608233815745844,1.0,0.9963926652213876,0.47925,0.03332311393440497,0.99,0.00025
nonlinear_gbm_learner,gbm,4,ipw,1.7385527727247978,0.08915395509303166,1.5638110207424558,1.9132945247071398,1.0,0.9963926652213876,0.47925,0.03332311393440497,0.99,0.00025
nonlinear_gbm_learner,gbm,4,aipw,1.3389295497410807,0.04862452554482915,1.2436254796732156,1.4342336198089458,1.0,0.9963926652213876,0.47925,0.03332311393440497,0.99,0.00025
nonlinear_gbm_learner,gbm,5,difference-in-means,3.2337046738670776,0.07319071997843209,3.090250862709351,3.3771584850248044,1.0,0.9892717525605658,0.4645,0.06639289620217619,0.99,0.00025
nonlinear_gbm_learner,gbm,5,outcome-regression,1.5662113947261034,0.021339893823491114,1.5243852028320608,1.608037586620146,1.0,0.9892717525605658,0.4645,0.06639289620217619,0.99,0.00025
nonlinear_gbm_learner,gbm,5,ipw,1.6689273522193113,0.09307446643258017,1.486501398011454,1.8513533064271686,1.0,0.9892717525605658,0.4645,0.06639289620217619,0.99,0.00025
nonlinear_gbm_learner,gbm,5,aipw,1.3524056000520903,0.04914239580055467,1.2560865042830032,1.4487246958211775,1.0,0.9892717525605658,0.4645,0.06639289620217619,0.99,0.00025
nonlinear_gbm_learner,gbm,6,difference-in-means,3.1588499937965233,0.07414121368701501,3.013533214969974,3.3041667726230726,1.0,0.9973975001548524,0.466,0.039245103466605626,0.99,0.00025
nonlinear_gbm_learner,gbm,6,outcome-regression,1.5059348458464834,0.021466541810869648,1.4638604238971789,1.548009267795788,1.0,0.9973975001548524,0.466,0.039245103466605626,0.99,0.00025
nonlinear_gbm_learner,gbm,6,ipw,1.5137754646863713,0.10946367020257423,1.2992266710893259,1.7283242582834166,1.0,0.9973975001548524,0.466,0.039245103466605626,0.99,0.00025
nonlinear_gbm_learner,gbm,6,aipw,1.2464060781733182,0.05853651384925953,1.1316745110287696,1.3611376453178667,1.0,0.9973975001548524,0.466,0.039245103466605626,0.99,0.00025
nonlinear_gbm_learner,gbm,7,difference-in-means,3.194493081213766,0.0711914391029978,3.05495786057189,3.334028301855642,1.0,0.9924406130423729,0.45725,0.04396471208844299,0.9892228441655141,0.0
nonlinear_gbm_learner,gbm,7,outcome-regression,1.4926965012051425,0.01856148169998316,1.4563159970731756,1.5290770053371094,1.0,0.9924406130423729,0.45725,0.04396471208844299,0.9892228441655141,0.0
nonlinear_gbm_learner,gbm,7,ipw,1.5710834366722073,0.09462914299923929,1.3856103163936984,1.7565565569507162,1.0,0.9924406130423729,0.45725,0.04396471208844299,0.9892228441655141,0.0
nonlinear_gbm_learner,gbm,7,aipw,1.252939136692299,0.05705996217294678,1.1411016108333234,1.3647766625512747,1.0,0.9924406130423729,0.45725,0.04396471208844299,0.9892228441655141,0.0
nonlinear_gbm_learner,gbm,8,difference-in-means,3.2655393680326013,0.07312176619503594,3.1222207062903307,3.408858029774872,1.0,1.0104501641417873,0.46225,0.058770169485684746,0.99,0.00025
nonlinear_gbm_learner,gbm,8,outcome-regression,1.5869566843823733,0.01958499411028087,1.5485700959262227,1.6253432728385238,1.0,1.0104501641417873,0.46225,0.058770169485684746,0.99,0.00025
nonlinear_gbm_learner,gbm,8,ipw,1.66605767545322,0.08632733988160048,1.496856089285283,1.835259261621157,1.0,1.0104501641417873,0.46225,0.058770169485684746,0.99,0.00025
nonlinear_gbm_learner,gbm,8,aipw,1.3689791133062696,0.04783876154952319,1.2752151406692043,1.462743085943335,1.0,1.0104501641417873,0.46225,0.058770169485684746,0.99,0.00025
nonlinear_gbm_learner,gbm,9,difference-in-means,3.299443860684912,0.0710269543606345,3.1602310301380685,3.4386566912317553,1.0,0.9937818719901618,0.47125,0.046070258857313154,0.99,0.00025
nonlinear_gbm_learner,gbm,9,outcome-regression,1.5407869743408056,0.019486953658589583,1.50259254516997,1.5789814035116412,1.0,0.9937818719901618,0.47125,0.046070258857313154,0.99,0.00025
nonlinear_gbm_learner,gbm,9,ipw,1.7068911581018458,0.09021924705480336,1.5300614338744312,1.8837208823292604,1.0,0.9937818719901618,0.47125,0.046070258857313154,0.99,0.00025
nonlinear_gbm_learner,gbm,9,aipw,1.3374933889849068,0.04740825737905401,1.2445732045219609,1.4304135734478527,1.0,0.9937818719901618,0.47125,0.046070258857313154,0.99,0.00025
nonlinear_gbm_learner,gbm,10,difference-in-means,3.2186938065002657,0.07027937545971757,3.0809462305992192,3.356441382401312,1.0,0.9936334618302427,0.47175,0.04097144385223496,0.99,0.00025
nonlinear_gbm_learner,gbm,10,outcome-regression,1.580747708044777,0.01877353070330254,1.543951587866304,1.61754382822325,1.0,0.9936334618302427,0.47175,0.04097144385223496,0.99,0.00025
nonlinear_gbm_learner,gbm,10,ipw,1.6330622227405398,0.09480204993496658,1.4472502048680054,1.8188742406130742,1.0,0.9936334618302427,0.47175,0.04097144385223496,0.99,0.00025
nonlinear_gbm_learner,gbm,10,aipw,1.3480120765404895,0.055370988043854666,1.2394849399745342,1.4565392131064447,1.0,0.9936334618302427,0.47175,0.04097144385223496,0.99,0.00025
nonlinear_gbm_learner,gbm,11,difference-in-means,3.325389239448162,0.07125736385468434,3.185724806292981,3.4650536726033434,1.0,0.9940986521526687,0.464,0.03671980206367978,0.99,0.0005
nonlinear_gbm_learner,gbm,11,outcome-regression,1.619406414598697,0.02000673684597159,1.5801932103805927,1.6586196188168014,1.0,0.9940986521526687,0.464,0.03671980206367978,0.99,0.0005
nonlinear_gbm_learner,gbm,11,ipw,1.7308359157318418,0.10002878489388076,1.5347794973398354,1.9268923341238482,1.0,0.9940986521526687,0.464,0.03671980206367978,0.99,0.0005
nonlinear_gbm_learner,gbm,11,aipw,1.3891699536586914,0.052038452638926404,1.2871745864863957,1.4911653208309872,1.0,0.9940986521526687,0.464,0.03671980206367978,0.99,0.0005
nonlinear_gbm_learner,gbm,12,difference-in-means,3.27809966493355,0.07305831370340023,3.1349053700748857,3.4212939597922145,1.0,1.0268194934658863,0.4765,0.07736435682514405,0.99,0.00025
nonlinear_gbm_learner,gbm,12,outcome-regression,1.5825872926394067,0.019128671922796273,1.545095095670726,1.6200794896080875,1.0,1.0268194934658863,0.4765,0.07736435682514405,0.99,0.00025
nonlinear_gbm_learner,gbm,12,ipw,1.7436934678746796,0.10486277224274151,1.5381624342789062,1.949224501470453,1.0,1.0268194934658863,0.4765,0.07736435682514405,0.99,0.00025
nonlinear_gbm_learner,gbm,12,aipw,1.4171577157070623,0.04684974315673846,1.3253322191198549,1.5089832122942697,1.0,1.0268194934658863,0.4765,0.07736435682514405,0.99,0.00025
nonlinear_gbm_learner,gbm,13,difference-in-means,3.31724463030584,0.07133573982077519,3.1774265802571207,3.4570626803545594,1.0,1.0098517452612052,0.4755,0.04846397202228231,0.99,0.00025
nonlinear_gbm_learner,gbm,13,outcome-regression,1.598719937127053,0.020943736319852517,1.5576702139401422,1.639769660313964,1.0,1.0098517452612052,0.4755,0.04846397202228231,0.99,0.00025
nonlinear_gbm_learner,gbm,13,ipw,1.7357210447390936,0.09205815467786345,1.5552870615704812,1.916155027907706,1.0,1.0098517452612052,0.4755,0.04846397202228231,0.99,0.00025
nonlinear_gbm_learner,gbm,13,aipw,1.3809272764784861,0.04959215864810834,1.2837266455281937,1.4781279074287785,1.0,1.0098517452612052,0.4755,0.04846397202228231,0.99,0.00025
nonlinear_gbm_learner,gbm,14,difference-in-means,3.287360998942893,0.0718862750536673,3.146463899837705,3.428258098048081,1.0,1.0198127970320667,0.4765,0.042242831686646214,0.9868097933514565,0.0
nonlinear_gbm_learner,gbm,14,outcome-regression,1.5482415006131747,0.020020739969272033,1.5090008502734016,1.5874821509529478,1.0,1.0198127970320667,0.4765,0.042242831686646214,0.9868097933514565,0.0
nonlinear_gbm_learner,gbm,14,ipw,1.6305223094150807,0.10051060872153393,1.433521516320874,1.8275231025092873,1.0,1.0198127970320667,0.4765,0.042242831686646214,0.9868097933514565,0.0
nonlinear_gbm_learner,gbm,14,aipw,1.2790591094152783,0.05424840518760195,1.1727322352475786,1.385385983582978,1.0,1.0198127970320667,0.4765,0.042242831686646214,0.9868097933514565,0.0
nonlinear_gbm_learner,gbm,15,difference-in-means,3.3855834294528715,0.07368596982308337,3.2411589285996283,3.5300079303061147,1.0,1.0082381301699959,0.46575,0.03296395774123427,0.9885363275337437,0.0
nonlinear_gbm_learner,gbm,15,outcome-regression,1.5359859790277337,0.01926016501027151,1.4982360556076015,1.5737359024478659,1.0,1.0082381301699959,0.46575,0.03296395774123427,0.9885363275337437,0.0
nonlinear_gbm_learner,gbm,15,ipw,1.5877920182378085,0.1219189399600543,1.348830895916102,1.826753140559515,1.0,1.0082381301699959,0.46575,0.03296395774123427,0.9885363275337437,0.0
nonlinear_gbm_learner,gbm,15,aipw,1.2813414516608785,0.05234586956142814,1.1787435473204795,1.3839393560012776,1.0,1.0082381301699959,0.46575,0.03296395774123427,0.9885363275337437,0.0
nonlinear_gbm_learner,gbm,16,difference-in-means,3.2032135178060486,0.07070149890804912,3.0646385799462723,3.341788455665825,1.0,1.0182879148631516,0.473,0.047878666529952055,0.99,0.00025
nonlinear_gbm_learner,gbm,16,outcome-regression,1.5768126800558866,0.02063269660919377,1.5363725947018667,1.6172527654099065,1.0,1.0182879148631516,0.473,0.047878666529952055,0.99,0.00025
nonlinear_gbm_learner,gbm,16,ipw,1.7411361304472655,0.081368015528452,1.5816548200114995,1.9006174408830314,1.0,1.0182879148631516,0.473,0.047878666529952055,0.99,0.00025
nonlinear_gbm_learner,gbm,16,aipw,1.3844838984777963,0.04606186273573495,1.2942026475157558,1.4747651494398368,1.0,1.0182879148631516,0.473,0.047878666529952055,0.99,0.00025
nonlinear_gbm_learner,gbm,17,difference-in-means,3.234848545551505,0.07192023713619375,3.093884880764565,3.3758122103384447,1.0,1.004474647893656,0.47475,0.04163808055131303,0.9899111962520207,0.0
nonlinear_gbm_learner,gbm,17,outcome-regression,1.528831568026492,0.01904134280484481,1.491510536128996,1.5661525999239878,1.0,1.004474647893656,0.47475,0.04163808055131303,0.9899111962520207,0.0
nonlinear_gbm_learner,gbm,17,ipw,1.6970359763218048,0.10042538976953186,1.5002022123735224,1.8938697402700873,1.0,1.004474647893656,0.47475,0.04163808055131303,0.9899111962520207,0.0
nonlinear_gbm_learner,gbm,17,aipw,1.351085160295654,0.04658850435971099,1.2597716917506203,1.4423986288406876,1.0,1.004474647893656,0.47475,0.04163808055131303,0.9899111962520207,0.0
nonlinear_gbm_learner,gbm,18,difference-in-means,3.2831474149427846,0.07194632819795292,3.1421326116747967,3.4241622182107725,1.0,0.9989268596807399,0.46,0.04258383590289039,0.989998146983298,0.0
nonlinear_gbm_learner,gbm,18,outcome-regression,1.6471478406351465,0.02050586269704529,1.6069563497489376,1.6873393315213554,1.0,0.9989268596807399,0.46,0.04258383590289039,0.989998146983298,0.0
nonlinear_gbm_learner,gbm,18,ipw,1.765677393919009,0.08403816377771035,1.6009625929146967,1.9303921949233211,1.0,0.9989268596807399,0.46,0.04258383590289039,0.989998146983298,0.0
nonlinear_gbm_learner,gbm,18,aipw,1.4190709133447998,0.0474147675480962,1.3261379689505313,1.5120038577390684,1.0,0.9989268596807399,0.46,0.04258383590289039,0.989998146983298,0.0
nonlinear_gbm_learner,gbm,19,difference-in-means,3.186444219812129,0.07015574428857314,3.048938961006526,3.3239494786177324,1.0,0.9937085342950533,0.4705,0.040781146531957,0.99,0.00025
nonlinear_gbm_learner,gbm,19,outcome-regression,1.552093284708511,0.020138712797674384,1.5126214076250692,1.5915651617919526,1.0,0.9937085342950533,0.4705,0.040781146531957,0.99,0.00025
nonlinear_gbm_learner,gbm,19,ipw,1.6752946809022529,0.08963580185232488,1.4996085092716962,1.8509808525328095,1.0,0.9937085342950533,0.4705,0.040781146531957,0.99,0.00025
nonlinear_gbm_learner,gbm,19,aipw,1.3185218536258008,0.05190359245100709,1.216790812421827,1.4202528948297746,1.0,0.9937085342950533,0.4705,0.040781146531957,0.99,0.00025
nonlinear_gbm_learner,gbm,20,difference-in-means,3.181190669524391,0.07237188851980166,3.03934176802558,3.323039571023202,1.0,0.9903578896561027,0.46225,0.025546676539360935,0.99,0.00125
nonlinear_gbm_learner,gbm,20,outcome-regression,1.556574786683247,0.02145582020340543,1.5145213790845722,1.5986281942819216,1.0,0.9903578896561027,0.46225,0.025546676539360935,0.99,0.00125
nonlinear_gbm_learner,gbm,20,ipw,1.598714282519498,0.09072140251050737,1.4209003335989037,1.7765282314400923,1.0,0.9903578896561027,0.46225,0.025546676539360935,0.99,0.00125
nonlinear_gbm_learner,gbm,20,aipw,1.3366115053338736,0.051177917730595844,1.2363027865819058,1.4369202240858414,1.0,0.9903578896561027,0.46225,0.025546676539360935,0.99,0.00125
nonlinear_gbm_learner,gbm,21,difference-in-means,3.284470659225675,0.07204097708307002,3.143270344142858,3.4256709743084923,1.0,1.0194351158760802,0.463,0.06318983227544721,0.99,0.00025
nonlinear_gbm_learner,gbm,21,outcome-regression,1.6185464744139644,0.019611361858546807,1.5801082051712125,1.6569847436567162,1.0,1.0194351158760802,0.463,0.06318983227544721,0.99,0.00025
nonlinear_gbm_learner,gbm,21,ipw,1.7461752474989372,0.09331727629518574,1.5632733859603731,1.9290771090375012,1.0,1.0194351158760802,0.463,0.06318983227544721,0.99,0.00025
nonlinear_gbm_learner,gbm,21,aipw,1.4175496674785995,0.050015687273762245,1.3195189204220255,1.5155804145351734,1.0,1.0194351158760802,0.463,0.06318983227544721,0.99,0.00025
nonlinear_gbm_learner,gbm,22,difference-in-means,3.214458069980106,0.0728736191912638,3.071625776365229,3.3572903635949833,1.0,1.0095360211518019,0.46575,0.06199915155698438,0.9861536891018109,0.0
nonlinear_gbm_learner,gbm,22,outcome-regression,1.5929091457288787,0.020818524046164917,1.5521048385983953,1.633713452859362,1.0,1.0095360211518019,0.46575,0.06199915155698438,0.9861536891018109,0.0
nonlinear_gbm_learner,gbm,22,ipw,1.6361615750555876,0.11609664077271978,1.4086121591410568,1.8637109909701184,1.0,1.0095360211518019,0.46575,0.06199915155698438,0.9861536891018109,0.0
nonlinear_gbm_learner,gbm,22,aipw,1.3458701840573901,0.058888173820643916,1.230449363368928,1.4612910047458523,1.0,1.0095360211518019,0.46575,0.06199915155698438,0.9861536891018109,0.0
nonlinear_gbm_learner,gbm,23,difference-in-means,3.258935748811173,0.0724373308813092,3.116958580283807,3.4009129173385393,1.0,0.9985869737922344,0.457,0.04156189799853794,0.99,0.00025
nonlinear_gbm_learner,gbm,23,outcome-regression,1.564897354126734,0.02052848244942808,1.524661528525855,1.605133179727613,1.0,0.9985869737922344,0.457,0.04156189799853794,0.99,0.00025
nonlinear_gbm_learner,gbm,23,ipw,1.6933507104185903,0.10471112447194512,1.4881169064535777,1.8985845143836029,1.0,0.9985869737922344,0.457,0.04156189799853794,0.99,0.00025
nonlinear_gbm_learner,gbm,23,aipw,1.3636962685421283,0.05273265265043612,1.2603402693472736,1.467052267736983,1.0,0.9985869737922344,0.457,0.04156189799853794,0.99,0.00025
nonlinear_gbm_learner,gbm,24,difference-in-means,3.2826170705903506,0.0717496024470198,3.1419878497941918,3.4232462913865094,1.0,1.007892108106809,0.464,0.04788021531741427,0.9887717360866756,0.0
nonlinear_gbm_learner,gbm,24,outcome-regression,1.6107559055328997,0.020375828075579396,1.570819282504764,1.6506925285610354,1.0,1.007892108106809,0.464,0.04788021531741427,0.9887717360866756,0.0
nonlinear_gbm_learner,gbm,24,ipw,1.6287811586627559,0.10946642276782124,1.4142269700378263,1.8433353472876854,1.0,1.007892108106809,0.464,0.04788021531741427,0.9887717360866756,0.0
nonlinear_gbm_learner,gbm,24,aipw,1.2964317914551784,0.057431947351180596,1.1838651746468645,1.4089984082634923,1.0,1.007892108106809,0.464,0.04788021531741427,0.9887717360866756,0.0
nonlinear_gbm_learner,gbm,25,difference-in-means,3.133092242160534,0.06876850148246139,2.9983059792549094,3.2678785050661583,1.0,0.9898219083260726,0.4725,0.05240774789135351,0.99,0.00025
nonlinear_gbm_learner,gbm,25,outcome-regression,1.6196296317751162,0.01914976181148182,1.5820960986246118,1.6571631649256207,1.0,0.9898219083260726,0.4725,0.05240774789135351,0.99,0.00025
nonlinear_gbm_learner,gbm,25,ipw,1.8321330547858912,0.08586148075110686,1.6638445525137218,2.000421557058061,1.0,0.9898219083260726,0.4725,0.05240774789135351,0.99,0.00025
nonlinear_gbm_learner,gbm,25,aipw,1.4765043757730023,0.052752258879448725,1.3731099483692828,1.5798988031767218,1.0,0.9898219083260726,0.4725,0.05240774789135351,0.99,0.00025
nonlinear_gbm_learner,gbm,26,difference-in-means,3.2807971678116106,0.07315987617161944,3.1374038105152366,3.4241905251079845,1.0,1.0068855985763165,0.46275,0.02870787490035913,0.9880107992567178,0.0
nonlinear_gbm_learner,gbm,26,outcome-regression,1.6244954953230508,0.021705858382858746,1.5819520128926476,1.667038977753454,1.0,1.0068855985763165,0.46275,0.02870787490035913,0.9880107992567178,0.0
nonlinear_gbm_learner,gbm,26,ipw,1.7564987728447052,0.09143373748252273,1.5772886473789607,1.9357088983104498,1.0,1.0068855985763165,0.46275,0.02870787490035913,0.9880107992567178,0.0
nonlinear_gbm_learner,gbm,26,aipw,1.4162081461326819,0.049408425789947544,1.3193676315843847,1.513048660680979,1.0,1.0068855985763165,0.46275,0.02870787490035913,0.9880107992567178,0.0
nonlinear_gbm_learner,gbm,27,difference-in-means,3.263796465646928,0.07216400397381163,3.122355017858257,3.405237913435599,1.0,0.9999594774412089,0.47175,0.05479800956449972,0.99,0.0005
nonlinear_gbm_learner,gbm,27,outcome-regression,1.5997065663685957,0.021322704196798138,1.5579140661428712,1.64149906659432,1.0,0.9999594774412089,0.47175,0.05479800956449972,0.99,0.0005
nonlinear_gbm_learner,gbm,27,ipw,1.736804913155089,0.09128632393357812,1.5578837182452758,1.915726108064902,1.0,0.9999594774412089,0.47175,0.05479800956449972,0.99,0.0005
nonlinear_gbm_learner,gbm,27,aipw,1.385902383517664,0.05492805866238351,1.2782433885393925,1.4935613784959356,1.0,0.9999594774412089,0.47175,0.05479800956449972,0.99,0.0005
nonlinear_gbm_learner,gbm,28,difference-in-means,3.290434773576009,0.07114320611127072,3.1509940895979183,3.4298754575540995,1.0,1.0007293349667827,0.46725,0.031244634958559205,0.99,0.00075
nonlinear_gbm_learner,gbm,28,outcome-regression,1.6015269508153234,0.01871191407152792,1.5648515992351286,1.6382023023955181,1.0,1.0007293349667827,0.46725,0.031244634958559205,0.99,0.00075
nonlinear_gbm_learner,gbm,28,ipw,1.740123071804165,0.08749552756206042,1.5686318377825266,1.9116143058258033,1.0,1.0007293349667827,0.46725,0.031244634958559205,0.99,0.00075
nonlinear_gbm_learner,gbm,28,aipw,1.4098002474350846,0.04765640201327578,1.3163936994890642,1.503206795381105,1.0,1.0007293349667827,0.46725,0.031244634958559205,0.99,0.00075
nonlinear_gbm_learner,gbm,29,difference-in-means,3.258869337676793,0.07221476396460336,3.1173284003061705,3.4004102750474154,1.0,1.0170598292334951,0.46775,0.03729128993857813,0.99,0.0005
nonlinear_gbm_learner,gbm,29,outcome-regression,1.5554592361155037,0.019611846889164855,1.5170200162127405,1.593898456018267,1.0,1.0170598292334951,0.46775,0.03729128993857813,0.99,0.0005
nonlinear_gbm_learner,gbm,29,ipw,1.635264346612555,0.10050310889632758,1.438278253175753,1.8322504400493569,1.0,1.0170598292334951,0.46775,0.03729128993857813,0.99,0.0005
nonlinear_gbm_learner,gbm,29,aipw,1.2831835070395017,0.06087174150174229,1.1638748936960868,1.4024921203829166,1.0,1.0170598292334951,0.46775,0.03729128993857813,0.99,0.0005
nonlinear_gbm_learner,gbm,30,difference-in-means,3.2502855176520313,0.0726342050023553,3.107922475847415,3.3926485594566476,1.0,1.0125448413979836,0.47425,0.05761822421985663,0.99,0.00025
nonlinear_gbm_learner,gbm,30,outcome-regression,1.5373450460268991,0.020351495976013177,1.4974561139139133,1.577233978139885,1.0,1.0125448413979836,0.47425,0.05761822421985663,0.99,0.00025
nonlinear_gbm_learner,gbm,30,ipw,1.7073723052825045,0.0868349332918995,1.5371758360303815,1.8775687745346274,1.0,1.0125448413979836,0.47425,0.05761822421985663,0.99,0.00025
nonlinear_gbm_learner,gbm,30,aipw,1.3780784547855132,0.05334353126514573,1.2735251335058275,1.4826317760651988,1.0,1.0125448413979836,0.47425,0.05761822421985663,0.99,0.00025
nonlinear_gbm_learner,gbm,31,difference-in-means,3.2025531817998507,0.07206305895794433,3.0613095862422797,3.3437967773574218,1.0,0.9775132554892807,0.4575,0.06542772497893506,0.99,0.00075
nonlinear_gbm_learner,gbm,31,outcome-regression,1.4669787666374792,0.01851244272195078,1.4306943789024555,1.5032631543725028,1.0,0.9775132554892807,0.4575,0.06542772497893506,0.99,0.00075
nonlinear_gbm_learner,gbm,31,ipw,1.5946134798809493,0.10105556872662846,1.3965445651767574,1.7926823945851411,1.0,0.9775132554892807,0.4575,0.06542772497893506,0.99,0.00075
nonlinear_gbm_learner,gbm,31,aipw,1.2208278913151396,0.05469122071189813,1.1136330987198193,1.3280226839104599,1.0,0.9775132554892807,0.4575,0.06542772497893506,0.99,0.00075
nonlinear_gbm_learner,gbm,32,difference-in-means,3.2328291019573383,0.07258071371638504,3.090570903073224,3.375087300841453,1.0,1.0182260160415904,0.47,0.061011102082741346,0.99,0.00025
nonlinear_gbm_learner,gbm,32,outcome-regression,1.5980248582337435,0.02015957255132009,1.5585120960331562,1.6375376204343308,1.0,1.0182260160415904,0.47,0.061011102082741346,0.99,0.00025
nonlinear_gbm_learner,gbm,32,ipw,1.7043636223220204,0.09466266541536097,1.518824798107913,1.8899024465361278,1.0,1.0182260160415904,0.47,0.061011102082741346,0.99,0.00025
nonlinear_gbm_learner,gbm,32,aipw,1.389951499186011,0.049764884716086116,1.2924123251424822,1.4874906732295397,1.0,1.0182260160415904,0.47,0.061011102082741346,0.99,0.00025
nonlinear_gbm_learner,gbm,33,difference-in-means,3.096542200665365,0.06893601772790471,2.9614276059186717,3.2316567954120585,1.0,0.9978384332714922,0.4695,0.06356463332018138,0.99,0.0005
nonlinear_gbm_learner,gbm,33,outcome-regression,1.5505399598620941,0.01865585657080817,1.5139744809833102,1.587105438740878,1.0,0.9978384332714922,0.4695,0.06356463332018138,0.99,0.0005
nonlinear_gbm_learner,gbm,33,ipw,1.7187949038679036,0.08062714207770505,1.5607657053956017,1.8768241023402055,1.0,0.9978384332714922,0.4695,0.06356463332018138,0.99,0.0005
nonlinear_gbm_learner,gbm,33,aipw,1.3988859644551095,0.04459988299557396,1.3114701937837845,1.4863017351264345,1.0,0.9978384332714922,0.4695,0.06356463332018138,0.99,0.0005
nonlinear_gbm_learner,gbm,34,difference-in-means,3.20812901783539,0.07140040563271981,3.068184222795259,3.348073812875521,1.0,0.9922994144404058,0.46525,0.0496353861329273,0.9898177305261561,0.0
nonlinear_gbm_learner,gbm,34,outcome-regression,1.5697260797400059,0.018981278681906542,1.532522773523469,1.6069293859565428,1.0,0.9922994144404058,0.46525,0.0496353861329273,0.9898177305261561,0.0
nonlinear_gbm_learner,gbm,34,ipw,1.629772431382004,0.08498480702105235,1.4632022096207413,1.7963426531432665,1.0,0.9922994144404058,0.46525,0.0496353861329273,0.9898177305261561,0.0
nonlinear_gbm_learner,gbm,34,aipw,1.3387339584400697,0.04769480054295314,1.2452521493758815,1.432215767504258,1.0,0.9922994144404058,0.46525,0.0496353861329273,0.9898177305261561,0.0
nonlinear_gbm_learner,gbm,35,difference-in-means,3.3632100046325264,0.07296710631144021,3.2201944762621038,3.506225533002949,1.0,1.0090529398929518,0.467,0.06341160367915545,0.99,0.00025
nonlinear_gbm_learner,gbm,35,outcome-regression,1.5830709264815046,0.020789069802787382,1.5423243496680414,1.6238175032949678,1.0,1.0090529398929518,0.467,0.06341160367915545,0.99,0.00025
nonlinear_gbm_learner,gbm,35,ipw,1.7203254927374148,0.09495243905261262,1.534218712194294,1.9064322732805354,1.0,1.0090529398929518,0.467,0.06341160367915545,0.99,0.00025
nonlinear_gbm_learner,gbm,35,aipw,1.3735010777742174,0.05434012053653181,1.266994441522615,1.4800077140258197,1.0,1.0090529398929518,0.467,0.06341160367915545,0.99,0.00025
nonlinear_gbm_learner,gbm,36,difference-in-means,3.222454302418466,0.07106762698169196,3.08316175353435,3.3617468513025823,1.0,1.0017698321740356,0.4745,0.04487773680335805,0.9879888362713143,0.0
nonlinear_gbm_learner,gbm,36,outcome-regression,1.5703723218898427,0.02056368258928122,1.5300675040148515,1.6106771397648338,1.0,1.0017698321740356,0.4745,0.04487773680335805,0.9879888362713143,0.0
nonlinear_gbm_learner,gbm,36,ipw,1.6365187069088596,0.0962681192502067,1.4478331931784545,1.8252042206392647,1.0,1.0017698321740356,0.4745,0.04487773680335805,0.9879888362713143,0.0
nonlinear_gbm_learner,gbm,36,aipw,1.3710296955709023,0.052228649005985214,1.2686615435191713,1.4733978476226333,1.0,1.0017698321740356,0.4745,0.04487773680335805,0.9879888362713143,0.0
nonlinear_gbm_learner,gbm,37,difference-in-means,3.265192122020297,0.07358118762384538,3.12097299427756,3.409411249763034,1.0,1.0013074624217184,0.46825,0.04740533751730656,0.99,0.00075
nonlinear_gbm_learner,gbm,37,outcome-regression,1.5539942091711128,0.020224996540123663,1.5143532159524704,1.593635202389755,1.0,1.0013074624217184,0.46825,0.04740533751730656,0.99,0.00075
nonlinear_gbm_learner,gbm,37,ipw,1.6657062555857285,0.08824810105781959,1.4927399775124022,1.8386725336590548,1.0,1.0013074624217184,0.46825,0.04740533751730656,0.99,0.00075
nonlinear_gbm_learner,gbm,37,aipw,1.335302195844716,0.04898640857898052,1.2392888350299143,1.4313155566595177,1.0,1.0013074624217184,0.46825,0.04740533751730656,0.99,0.00075
nonlinear_gbm_learner,gbm,38,difference-in-means,3.3555449502436865,0.07329559646489495,3.2118855811724925,3.4992043193148805,1.0,1.0126107823296784,0.47425,0.04516200097528349,0.99,0.001
nonlinear_gbm_learner,gbm,38,outcome-regression,1.6129798846565706,0.020915436749841896,1.5719856286268805,1.6539741406862607,1.0,1.0126107823296784,0.47425,0.04516200097528349,0.99,0.001
nonlinear_gbm_learner,gbm,38,ipw,1.7983931364415597,0.08925123481924273,1.623460716195844,1.9733255566872754,1.0,1.0126107823296784,0.47425,0.04516200097528349,0.99,0.001
nonlinear_gbm_learner,gbm,38,aipw,1.3756271615514393,0.05174710437914266,1.2742028369683196,1.477051486134559,1.0,1.0126107823296784,0.47425,0.04516200097528349,0.99,0.001
nonlinear_gbm_learner,gbm,39,difference-in-means,3.358536615420915,0.07249916522344999,3.2164382515829533,3.500634979258877,1.0,1.0177369339671902,0.46225,0.04759485902437251,0.9898892185406652,0.0
nonlinear_gbm_learner,gbm,39,outcome-regression,1.5615376288013159,0.019983536279252676,1.5223698976939806,1.6007053599086511,1.0,1.0177369339671902,0.46225,0.04759485902437251,0.9898892185406652,0.0
nonlinear_gbm_learner,gbm,39,ipw,1.6889634403480145,0.08885144233643176,1.5148146133686082,1.8631122673274207,1.0,1.0177369339671902,0.46225,0.04759485902437251,0.9898892185406652,0.0
nonlinear_gbm_learner,gbm,39,aipw,1.3331520292352392,0.04869152588979729,1.2377166384912366,1.4285874199792419,1.0,1.0177369339671902,0.46225,0.04759485902437251,0.9898892185406652,0.0
