seed,strategy,realised_value,regret_vs_oracle,regret_pct,spend_search,spend_email,spend_social,spend_display,spend_retargeting
0,oracle,235.84767856035614,0.0,0.0,8,6,5,0.0,1.0
0,causal,235.84767856035614,0.0,0.0,8,6,5,0.0,1.0
0,causal_lcb,235.84767856035614,0.0,0.0,8,6,5,0.0,1.0
0,historical,151.94785290101098,83.89982565934517,35.57373393347785,2,3,2,4.0,9.0
0,rule_based,190.26135402146681,45.58632453888933,19.328714540314316,4,4,2,3.0,7.0
1,oracle,235.84767856035614,0.0,0.0,8,6,5,0.0,1.0
1,causal,235.29371732255282,0.5539612378033212,0.23488093721539688,7,7,5,0.0,1.0
1,causal_lcb,235.29371732255282,0.5539612378033212,0.23488093721539688,7,7,5,0.0,1.0
1,historical,151.94785290101098,83.89982565934517,35.57373393347785,2,3,2,4.0,9.0
1,rule_based,190.26135402146681,45.58632453888933,19.328714540314316,4,4,2,3.0,7.0
2,oracle,235.84767856035614,0.0,0.0,8,6,5,0.0,1.0
2,causal,235.8415397674334,0.006138792922740777,0.002602863407523339,7,6,6,0.0,1.0
2,causal_lcb,235.8415397674334,0.006138792922740777,0.002602863407523339,7,6,6,0.0,1.0
2,historical,151.94785290101098,83.89982565934517,35.57373393347785,2,3,2,4.0,9.0
2,rule_based,190.26135402146681,45.58632453888933,19.328714540314316,4,4,2,3.0,7.0
3,oracle,235.84767856035614,0.0,0.0,8,6,5,0.0,1.0
3,causal,233.78669276764055,2.0609857927155986,0.8738630820095897,9,6,4,0.0,1.0
3,causal_lcb,233.78669276764055,2.0609857927155986,0.8738630820095897,9,6,4,0.0,1.0
3,historical,151.94785290101098,83.89982565934517,35.57373393347785,2,3,2,4.0,9.0
3,rule_based,190.26135402146681,45.58632453888933,19.328714540314316,4,4,2,3.0,7.0
4,oracle,235.84767856035614,0.0,0.0,8,6,5,0.0,1.0
4,causal,235.29371732255282,0.5539612378033212,0.23488093721539688,7,7,5,0.0,1.0
4,causal_lcb,235.29371732255282,0.5539612378033212,0.23488093721539688,7,7,5,0.0,1.0
4,historical,151.94785290101098,83.89982565934517,35.57373393347785,2,3,2,4.0,9.0
4,rule_based,190.26135402146681,45.58632453888933,19.328714540314316,4,4,2,3.0,7.0
5,oracle,235.84767856035614,0.0,0.0,8,6,5,0.0,1.0
5,causal,235.03158039529006,0.8160981650660801,0.34602764379435313,8,5,6,0.0,1.0
5,causal_lcb,235.03158039529006,0.8160981650660801,0.34602764379435313,8,5,6,0.0,1.0
5,historical,151.94785290101098,83.89982565934517,35.57373393347785,2,3,2,4.0,9.0
5,rule_based,190.26135402146681,45.58632453888933,19.328714540314316,4,4,2,3.0,7.0
6,oracle,235.84767856035614,0.0,0.0,8,6,5,0.0,1.0
6,causal,234.53782962843798,1.309848931918168,0.5553791921606566,7,5,6,0.0,2.0
6,causal_lcb,234.53782962843798,1.309848931918168,0.5553791921606566,7,5,6,0.0,2.0
6,historical,151.94785290101098,83.89982565934517,35.57373393347785,2,3,2,4.0,9.0
6,rule_based,190.26135402146681,45.58632453888933,19.328714540314316,4,4,2,3.0,7.0
7,oracle,235.84767856035614,0.0,0.0,8,6,5,0.0,1.0
7,causal,235.8415397674334,0.006138792922740777,0.002602863407523339,7,6,6,0.0,1.0
7,causal_lcb,235.8415397674334,0.006138792922740777,0.002602863407523339,7,6,6,0.0,1.0
7,historical,151.94785290101098,83.89982565934517,35.57373393347785,2,3,2,4.0,9.0
7,rule_based,190.26135402146681,45.58632453888933,19.328714540314316,4,4,2,3.0,7.0
8,oracle,235.84767856035614,0.0,0.0,8,6,5,0.0,1.0
8,causal,234.28006613045727,1.5676124298988725,0.6646715538892627,8,6,4,0.0,2.0
8,causal_lcb,234.28006613045727,1.5676124298988725,0.6646715538892627,8,6,4,0.0,2.0
8,historical,151.94785290101098,83.89982565934517,35.57373393347785,2,3,2,4.0,9.0
8,rule_based,190.26135402146681,45.58632453888933,19.328714540314316,4,4,2,3.0,7.0
9,oracle,235.84767856035614,0.0,0.0,8,6,5,0.0,1.0
9,causal,234.1843364015408,1.6633421588153396,0.7052611961112313,7,5,7,0.0,1.0
9,causal_lcb,234.1843364015408,1.6633421588153396,0.7052611961112313,7,5,7,0.0,1.0
9,historical,151.94785290101098,83.89982565934517,35.57373393347785,2,3,2,4.0,9.0
9,rule_based,190.26135402146681,45.58632453888933,19.328714540314316,4,4,2,3.0,7.0
10,oracle,235.84767856035614,0.0,0.0,8,6,5,0.0,1.0
10,causal,235.8415397674334,0.006138792922740777,0.002602863407523339,7,6,6,0.0,1.0
10,causal_lcb,235.8415397674334,0.006138792922740777,0.002602863407523339,7,6,6,0.0,1.0
10,historical,151.94785290101098,83.89982565934517,35.57373393347785,2,3,2,4.0,9.0
10,rule_based,190.26135402146681,45.58632453888933,19.328714540314316,4,4,2,3.0,7.0
11,oracle,235.84767856035614,0.0,0.0,8,6,5,0.0,1.0
11,causal,235.29371732255282,0.5539612378033212,0.23488093721539688,7,7,5,0.0,1.0
11,causal_lcb,235.29371732255282,0.5539612378033212,0.23488093721539688,7,7,5,0.0,1.0
11,historical,151.94785290101098,83.89982565934517,35.57373393347785,2,3,2,4.0,9.0
11,rule_based,190.26135402146681,45.58632453888933,19.328714540314316,4,4,2,3.0,7.0
12,oracle,235.84767856035614,0.0,0.0,8,6,5,0.0,1.0
12,causal,235.8415397674334,0.006138792922740777,0.002602863407523339,7,6,6,0.0,1.0
12,causal_lcb,235.8415397674334,0.006138792922740777,0.002602863407523339,7,6,6,0.0,1.0
12,historical,151.94785290101098,83.89982565934517,35.57373393347785,2,3,2,4.0,9.0
12,rule_based,190.26135402146681,45.58632453888933,19.328714540314316,4,4,2,3.0,7.0
13,oracle,235.84767856035614,0.0,0.0,8,6,5,0.0,1.0
13,causal,231.19560907370487,4.652069486651271,1.972488987404111,10,5,5,0.0,0.0
13,causal_lcb,231.19560907370487,4.652069486651271,1.972488987404111,10,5,5,0.0,0.0
13,historical,151.94785290101098,83.89982565934517,35.57373393347785,2,3,2,4.0,9.0
13,rule_based,190.26135402146681,45.58632453888933,19.328714540314316,4,4,2,3.0,7.0
14,oracle,235.84767856035614,0.0,0.0,8,6,5,0.0,1.0
14,causal,235.84767856035614,0.0,0.0,8,6,5,0.0,1.0
14,causal_lcb,235.84767856035614,0.0,0.0,8,6,5,0.0,1.0
14,historical,151.94785290101098,83.89982565934517,35.57373393347785,2,3,2,4.0,9.0
14,rule_based,190.26135402146681,45.58632453888933,19.328714540314316,4,4,2,3.0,7.0
15,oracle,235.84767856035614,0.0,0.0,8,6,5,0.0,1.0
15,causal,235.8415397674334,0.006138792922740777,0.002602863407523339,7,6,6,0.0,1.0
15,causal_lcb,235.8415397674334,0.006138792922740777,0.002602863407523339,7,6,6,0.0,1.0
15,historical,151.94785290101098,83.89982565934517,35.57373393347785,2,3,2,4.0,9.0
15,rule_based,190.26135402146681,45.58632453888933,19.328714540314316,4,4,2,3.0,7.0
16,oracle,235.84767856035614,0.0,0.0,8,6,5,0.0,1.0
16,causal,233.85771345984708,1.9899651005090675,0.8437501325669451,7,6,7,0.0,0.0
16,causal_lcb,233.85771345984708,1.9899651005090675,0.8437501325669451,7,6,7,0.0,0.0
16,historical,151.94785290101098,83.89982565934517,35.57373393347785,2,3,2,4.0,9.0
16,rule_based,190.26135402146681,45.58632453888933,19.328714540314316,4,4,2,3.0,7.0
17,oracle,235.84767856035614,0.0,0.0,8,6,5,0.0,1.0
17,causal,234.21985565950604,1.6278229008501057,0.6902009427383561,8,7,4,0.0,1.0
17,causal_lcb,234.21985565950604,1.6278229008501057,0.6902009427383561,8,7,4,0.0,1.0
17,historical,151.94785290101098,83.89982565934517,35.57373393347785,2,3,2,4.0,9.0
17,rule_based,190.26135402146681,45.58632453888933,19.328714540314316,4,4,2,3.0,7.0
18,oracle,235.84767856035614,0.0,0.0,8,6,5,0.0,1.0
18,causal,235.8415397674334,0.006138792922740777,0.002602863407523339,7,6,6,0.0,1.0
18,causal_lcb,235.8415397674334,0.006138792922740777,0.002602863407523339,7,6,6,0.0,1.0
18,historical,151.94785290101098,83.89982565934517,35.57373393347785,2,3,2,4.0,9.0
18,rule_based,190.26135402146681,45.58632453888933,19.328714540314316,4,4,2,3.0,7.0
19,oracle,235.84767856035614,0.0,0.0,8,6,5,0.0,1.0
19,causal,235.8415397674334,0.006138792922740777,0.002602863407523339,7,6,6,0.0,1.0
19,causal_lcb,235.8415397674334,0.006138792922740777,0.002602863407523339,7,6,6,0.0,1.0
19,historical,151.94785290101098,83.89982565934517,35.57373393347785,2,3,2,4.0,9.0
19,rule_based,190.26135402146681,45.58632453888933,19.328714540314316,4,4,2,3.0,7.0
20,oracle,235.84767856035614,0.0,0.0,8,6,5,0.0,1.0
20,causal,235.8415397674334,0.006138792922740777,0.002602863407523339,7,6,6,0.0,1.0
20,causal_lcb,235.8415397674334,0.006138792922740777,0.002602863407523339,7,6,6,0.0,1.0
20,historical,151.94785290101098,83.89982565934517,35.57373393347785,2,3,2,4.0,9.0
20,rule_based,190.26135402146681,45.58632453888933,19.328714540314316,4,4,2,3.0,7.0
21,oracle,235.84767856035614,0.0,0.0,8,6,5,0.0,1.0
21,causal,234.53782962843798,1.309848931918168,0.5553791921606566,7,5,6,0.0,2.0
21,causal_lcb,234.53782962843798,1.309848931918168,0.5553791921606566,7,5,6,0.0,2.0
21,historical,151.94785290101098,83.89982565934517,35.57373393347785,2,3,2,4.0,9.0
21,rule_based,190.26135402146681,45.58632453888933,19.328714540314316,4,4,2,3.0,7.0
22,oracle,235.84767856035614,0.0,0.0,8,6,5,0.0,1.0
22,causal,234.1843364015408,1.6633421588153396,0.7052611961112313,7,5,7,0.0,1.0
22,causal_lcb,234.1843364015408,1.6633421588153396,0.7052611961112313,7,5,7,0.0,1.0
22,historical,151.94785290101098,83.89982565934517,35.57373393347785,2,3,2,4.0,9.0
22,rule_based,190.26135402146681,45.58632453888933,19.328714540314316,4,4,2,3.0,7.0
23,oracle,235.84767856035614,0.0,0.0,8,6,5,0.0,1.0
23,causal,235.29371732255282,0.5539612378033212,0.23488093721539688,7,7,5,0.0,1.0
23,causal_lcb,235.29371732255282,0.5539612378033212,0.23488093721539688,7,7,5,0.0,1.0
23,historical,151.94785290101098,83.89982565934517,35.57373393347785,2,3,2,4.0,9.0
23,rule_based,190.26135402146681,45.58632453888933,19.328714540314316,4,4,2,3.0,7.0
24,oracle,235.84767856035614,0.0,0.0,8,6,5,0.0,1.0
24,causal,235.84767856035614,0.0,0.0,8,6,5,0.0,1.0
24,causal_lcb,235.84767856035614,0.0,0.0,8,6,5,0.0,1.0
24,historical,151.94785290101098,83.89982565934517,35.57373393347785,2,3,2,4.0,9.0
24,rule_based,190.26135402146681,45.58632453888933,19.328714540314316,4,4,2,3.0,7.0
25,oracle,235.84767856035614,0.0,0.0,8,6,5,0.0,1.0
25,causal,235.35392779350406,0.49375076685208796,0.20935154836630349,7,6,5,0.0,2.0
25,causal_lcb,235.35392779350406,0.49375076685208796,0.20935154836630349,7,6,5,0.0,2.0
25,historical,151.94785290101098,83.89982565934517,35.57373393347785,2,3,2,4.0,9.0
25,rule_based,190.26135402146681,45.58632453888933,19.328714540314316,4,4,2,3.0,7.0
26,oracle,235.84767856035614,0.0,0.0,8,6,5,0.0,1.0
26,causal,235.8415397674334,0.006138792922740777,0.002602863407523339,7,6,6,0.0,1.0
26,causal_lcb,235.8415397674334,0.006138792922740777,0.002602863407523339,7,6,6,0.0,1.0
26,historical,151.94785290101098,83.89982565934517,35.57373393347785,2,3,2,4.0,9.0
26,rule_based,190.26135402146681,45.58632453888933,19.328714540314316,4,4,2,3.0,7.0
27,oracle,235.84767856035614,0.0,0.0,8,6,5,0.0,1.0
27,causal,234.15099621579301,1.6966823445631292,0.7193975174654639,7,7,6,0.0,0.0
27,causal_lcb,234.15099621579301,1.6966823445631292,0.7193975174654639,7,7,6,0.0,0.0
27,historical,151.94785290101098,83.89982565934517,35.57373393347785,2,3,2,4.0,9.0
27,rule_based,190.26135402146681,45.58632453888933,19.328714540314316,4,4,2,3.0,7.0
28,oracle,235.84767856035614,0.0,0.0,8,6,5,0.0,1.0
28,causal,235.8415397674334,0.006138792922740777,0.002602863407523339,7,6,6,0.0,1.0
28,causal_lcb,235.8415397674334,0.006138792922740777,0.002602863407523339,7,6,6,0.0,1.0
28,historical,151.94785290101098,83.89982565934517,35.57373393347785,2,3,2,4.0,9.0
28,rule_based,190.26135402146681,45.58632453888933,19.328714540314316,4,4,2,3.0,7.0
29,oracle,235.84767856035614,0.0,0.0,8,6,5,0.0,1.0
29,causal,235.8415397674334,0.006138792922740777,0.002602863407523339,7,6,6,0.0,1.0
29,causal_lcb,235.8415397674334,0.006138792922740777,0.002602863407523339,7,6,6,0.0,1.0
29,historical,151.94785290101098,83.89982565934517,35.57373393347785,2,3,2,4.0,9.0
29,rule_based,190.26135402146681,45.58632453888933,19.328714540314316,4,4,2,3.0,7.0
30,oracle,235.84767856035614,0.0,0.0,8,6,5,0.0,1.0
30,causal,235.84767856035614,0.0,0.0,8,6,5,0.0,1.0
30,causal_lcb,235.84767856035614,0.0,0.0,8,6,5,0.0,1.0
30,historical,151.94785290101098,83.89982565934517,35.57373393347785,2,3,2,4.0,9.0
30,rule_based,190.26135402146681,45.58632453888933,19.328714540314316,4,4,2,3.0,7.0
31,oracle,235.84767856035614,0.0,0.0,8,6,5,0.0,1.0
31,causal,235.29371732255282,0.5539612378033212,0.23488093721539688,7,7,5,0.0,1.0
31,causal_lcb,235.29371732255282,0.5539612378033212,0.23488093721539688,7,7,5,0.0,1.0
31,historical,151.94785290101098,83.89982565934517,35.57373393347785,2,3,2,4.0,9.0
31,rule_based,190.26135402146681,45.58632453888933,19.328714540314316,4,4,2,3.0,7.0
32,oracle,235.84767856035614,0.0,0.0,8,6,5,0.0,1.0
32,causal,234.70495745359634,1.142721106759808,0.484516580250067,8,6,6,0.0,0.0
32,causal_lcb,234.70495745359634,1.142721106759808,0.484516580250067,8,6,6,0.0,0.0
32,historical,151.94785290101098,83.89982565934517,35.57373393347785,2,3,2,4.0,9.0
32,rule_based,190.26135402146681,45.58632453888933,19.328714540314316,4,4,2,3.0,7.0
33,oracle,235.84767856035614,0.0,0.0,8,6,5,0.0,1.0
33,causal,234.28006613045727,1.5676124298988725,0.6646715538892627,8,6,4,0.0,2.0
33,causal_lcb,234.28006613045727,1.5676124298988725,0.6646715538892627,8,6,4,0.0,2.0
33,historical,151.94785290101098,83.89982565934517,35.57373393347785,2,3,2,4.0,9.0
33,rule_based,190.26135402146681,45.58632453888933,19.328714540314316,4,4,2,3.0,7.0
34,oracle,235.84767856035614,0.0,0.0,8,6,5,0.0,1.0
34,causal,235.84767856035614,0.0,0.0,8,6,5,0.0,1.0
34,causal_lcb,235.84767856035614,0.0,0.0,8,6,5,0.0,1.0
34,historical,151.94785290101098,83.89982565934517,35.57373393347785,2,3,2,4.0,9.0
34,rule_based,190.26135402146681,45.58632453888933,19.328714540314316,4,4,2,3.0,7.0
35,oracle,235.84767856035614,0.0,0.0,8,6,5,0.0,1.0
35,causal,235.8415397674334,0.006138792922740777,0.002602863407523339,7,6,6,0.0,1.0
35,causal_lcb,235.8415397674334,0.006138792922740777,0.002602863407523339,7,6,6,0.0,1.0
35,historical,151.94785290101098,83.89982565934517,35.57373393347785,2,3,2,4.0,9.0
35,rule_based,190.26135402146681,45.58632453888933,19.328714540314316,4,4,2,3.0,7.0
36,oracle,235.84767856035614,0.0,0.0,8,6,5,0.0,1.0
36,causal,235.8415397674334,0.006138792922740777,0.002602863407523339,7,6,6,0.0,1.0
36,causal_lcb,235.8415397674334,0.006138792922740777,0.002602863407523339,7,6,6,0.0,1.0
36,historical,151.94785290101098,83.89982565934517,35.57373393347785,2,3,2,4.0,9.0
36,rule_based,190.26135402146681,45.58632453888933,19.328714540314316,4,4,2,3.0,7.0
37,oracle,235.84767856035614,0.0,0.0,8,6,5,0.0,1.0
37,causal,235.03158039529006,0.8160981650660801,0.34602764379435313,8,5,6,0.0,1.0
37,causal_lcb,235.03158039529006,0.8160981650660801,0.34602764379435313,8,5,6,0.0,1.0
37,historical,151.94785290101098,83.89982565934517,35.57373393347785,2,3,2,4.0,9.0
37,rule_based,190.26135402146681,45.58632453888933,19.328714540314316,4,4,2,3.0,7.0
38,oracle,235.84767856035614,0.0,0.0,8,6,5,0.0,1.0
38,causal,235.84767856035614,0.0,0.0,8,6,5,0.0,1.0
38,causal_lcb,235.84767856035614,0.0,0.0,8,6,5,0.0,1.0
38,historical,151.94785290101098,83.89982565934517,35.57373393347785,2,3,2,4.0,9.0
38,rule_based,190.26135402146681,45.58632453888933,19.328714540314316,4,4,2,3.0,7.0
39,oracle,235.84767856035614,0.0,0.0,8,6,5,0.0,1.0
39,causal,235.29371732255282,0.5539612378033212,0.23488093721539688,7,7,5,0.0,1.0
39,causal_lcb,235.29371732255282,0.5539612378033212,0.23488093721539688,7,7,5,0.0,1.0
39,historical,151.94785290101098,83.89982565934517,35.57373393347785,2,3,2,4.0,9.0
39,rule_based,190.26135402146681,45.58632453888933,19.328714540314316,4,4,2,3.0,7.0
40,oracle,235.84767856035614,0.0,0.0,8,6,5,0.0,1.0
40,causal,235.84767856035614,0.0,0.0,8,6,5,0.0,1.0
40,causal_lcb,235.84767856035614,0.0,0.0,8,6,5,0.0,1.0
40,historical,151.94785290101098,83.89982565934517,35.57373393347785,2,3,2,4.0,9.0
40,rule_based,190.26135402146681,45.58632453888933,19.328714540314316,4,4,2,3.0,7.0
41,oracle,235.84767856035614,0.0,0.0,8,6,5,0.0,1.0
41,causal,235.84767856035614,0.0,0.0,8,6,5,0.0,1.0
41,causal_lcb,235.84767856035614,0.0,0.0,8,6,5,0.0,1.0
41,historical,151.94785290101098,83.89982565934517,35.57373393347785,2,3,2,4.0,9.0
41,rule_based,190.26135402146681,45.58632453888933,19.328714540314316,4,4,2,3.0,7.0
42,oracle,235.84767856035614,0.0,0.0,8,6,5,0.0,1.0
42,causal,233.78669276764055,2.0609857927155986,0.8738630820095897,9,6,4,0.0,1.0
42,causal_lcb,233.78669276764055,2.0609857927155986,0.8738630820095897,9,6,4,0.0,1.0
42,historical,151.94785290101098,83.89982565934517,35.57373393347785,2,3,2,4.0,9.0
42,rule_based,190.26135402146681,45.58632453888933,19.328714540314316,4,4,2,3.0,7.0
43,oracle,235.84767856035614,0.0,0.0,8,6,5,0.0,1.0
43,causal,234.21985565950604,1.6278229008501057,0.6902009427383561,8,7,4,0.0,1.0
43,causal_lcb,234.21985565950604,1.6278229008501057,0.6902009427383561,8,7,4,0.0,1.0
43,historical,151.94785290101098,83.89982565934517,35.57373393347785,2,3,2,4.0,9.0
43,rule_based,190.26135402146681,45.58632453888933,19.328714540314316,4,4,2,3.0,7.0
44,oracle,235.84767856035614,0.0,0.0,8,6,5,0.0,1.0
44,causal,235.03158039529006,0.8160981650660801,0.34602764379435313,8,5,6,0.0,1.0
44,causal_lcb,235.03158039529006,0.8160981650660801,0.34602764379435313,8,5,6,0.0,1.0
44,historical,151.94785290101098,83.89982565934517,35.57373393347785,2,3,2,4.0,9.0
44,rule_based,190.26135402146681,45.58632453888933,19.328714540314316,4,4,2,3.0,7.0
45,oracle,235.84767856035614,0.0,0.0,8,6,5,0.0,1.0
45,causal,235.84767856035614,0.0,0.0,8,6,5,0.0,1.0
45,causal_lcb,235.84767856035614,0.0,0.0,8,6,5,0.0,1.0
45,historical,151.94785290101098,83.89982565934517,35.57373393347785,2,3,2,4.0,9.0
45,rule_based,190.26135402146681,45.58632453888933,19.328714540314316,4,4,2,3.0,7.0
46,oracle,235.84767856035614,0.0,0.0,8,6,5,0.0,1.0
46,causal,235.35392779350406,0.49375076685208796,0.20935154836630349,7,6,5,0.0,2.0
46,causal_lcb,235.35392779350406,0.49375076685208796,0.20935154836630349,7,6,5,0.0,2.0
46,historical,151.94785290101098,83.89982565934517,35.57373393347785,2,3,2,4.0,9.0
46,rule_based,190.26135402146681,45.58632453888933,19.328714540314316,4,4,2,3.0,7.0
47,oracle,235.84767856035614,0.0,0.0,8,6,5,0.0,1.0
47,causal,235.84767856035614,0.0,0.0,8,6,5,0.0,1.0
47,causal_lcb,235.84767856035614,0.0,0.0,8,6,5,0.0,1.0
47,historical,151.94785290101098,83.89982565934517,35.57373393347785,2,3,2,4.0,9.0
47,rule_based,190.26135402146681,45.58632453888933,19.328714540314316,4,4,2,3.0,7.0
48,oracle,235.84767856035614,0.0,0.0,8,6,5,0.0,1.0
48,causal,235.8415397674334,0.006138792922740777,0.002602863407523339,7,6,6,0.0,1.0
48,causal_lcb,235.8415397674334,0.006138792922740777,0.002602863407523339,7,6,6,0.0,1.0
48,historical,151.94785290101098,83.89982565934517,35.57373393347785,2,3,2,4.0,9.0
48,rule_based,190.26135402146681,45.58632453888933,19.328714540314316,4,4,2,3.0,7.0
49,oracle,235.84767856035614,0.0,0.0,8,6,5,0.0,1.0
49,causal,234.15099621579301,1.6966823445631292,0.7193975174654639,7,7,6,0.0,0.0
49,causal_lcb,234.15099621579301,1.6966823445631292,0.7193975174654639,7,7,6,0.0,0.0
49,historical,151.94785290101098,83.89982565934517,35.57373393347785,2,3,2,4.0,9.0
49,rule_based,190.26135402146681,45.58632453888933,19.328714540314316,4,4,2,3.0,7.0
50,oracle,235.84767856035614,0.0,0.0,8,6,5,0.0,1.0
50,causal,235.8415397674334,0.006138792922740777,0.002602863407523339,7,6,6,0.0,1.0
50,causal_lcb,235.8415397674334,0.006138792922740777,0.002602863407523339,7,6,6,0.0,1.0
50,historical,151.94785290101098,83.89982565934517,35.57373393347785,2,3,2,4.0,9.0
50,rule_based,190.26135402146681,45.58632453888933,19.328714540314316,4,4,2,3.0,7.0
51,oracle,235.84767856035614,0.0,0.0,8,6,5,0.0,1.0
51,causal,235.84767856035614,0.0,0.0,8,6,5,0.0,1.0
51,causal_lcb,235.84767856035614,0.0,0.0,8,6,5,0.0,1.0
51,historical,151.94785290101098,83.89982565934517,35.57373393347785,2,3,2,4.0,9.0
51,rule_based,190.26135402146681,45.58632453888933,19.328714540314316,4,4,2,3.0,7.0
52,oracle,235.84767856035614,0.0,0.0,8,6,5,0.0,1.0
52,causal,235.8415397674334,0.006138792922740777,0.002602863407523339,7,6,6,0.0,1.0
52,causal_lcb,235.8415397674334,0.006138792922740777,0.002602863407523339,7,6,6,0.0,1.0
52,historical,151.94785290101098,83.89982565934517,35.57373393347785,2,3,2,4.0,9.0
52,rule_based,190.26135402146681,45.58632453888933,19.328714540314316,4,4,2,3.0,7.0
53,oracle,235.84767856035614,0.0,0.0,8,6,5,0.0,1.0
53,causal,234.21985565950604,1.6278229008501057,0.6902009427383561,8,7,4,0.0,1.0
53,causal_lcb,234.21985565950604,1.6278229008501057,0.6902009427383561,8,7,4,0.0,1.0
53,historical,151.94785290101098,83.89982565934517,35.57373393347785,2,3,2,4.0,9.0
53,rule_based,190.26135402146681,45.58632453888933,19.328714540314316,4,4,2,3.0,7.0
54,oracle,235.84767856035614,0.0,0.0,8,6,5,0.0,1.0
54,causal,235.35392779350406,0.49375076685208796,0.20935154836630349,7,6,5,0.0,2.0
54,causal_lcb,235.35392779350406,0.49375076685208796,0.20935154836630349,7,6,5,0.0,2.0
54,historical,151.94785290101098,83.89982565934517,35.57373393347785,2,3,2,4.0,9.0
54,rule_based,190.26135402146681,45.58632453888933,19.328714540314316,4,4,2,3.0,7.0
55,oracle,235.84767856035614,0.0,0.0,8,6,5,0.0,1.0
55,causal,231.25832972449513,4.589348835861017,1.9458952760845385,10,5,4,0.0,1.0
55,causal_lcb,231.25832972449513,4.589348835861017,1.9458952760845385,10,5,4,0.0,1.0
55,historical,151.94785290101098,83.89982565934517,35.57373393347785,2,3,2,4.0,9.0
55,rule_based,190.26135402146681,45.58632453888933,19.328714540314316,4,4,2,3.0,7.0
56,oracle,235.84767856035614,0.0,0.0,8,6,5,0.0,1.0
56,causal,235.8415397674334,0.006138792922740777,0.002602863407523339,7,6,6,0.0,1.0
56,causal_lcb,235.8415397674334,0.006138792922740777,0.002602863407523339,7,6,6,0.0,1.0
56,historical,151.94785290101098,83.89982565934517,35.57373393347785,2,3,2,4.0,9.0
56,rule_based,190.26135402146681,45.58632453888933,19.328714540314316,4,4,2,3.0,7.0
57,oracle,235.84767856035614,0.0,0.0,8,6,5,0.0,1.0
57,causal,235.8415397674334,0.006138792922740777,0.002602863407523339,7,6,6,0.0,1.0
57,causal_lcb,235.8415397674334,0.006138792922740777,0.002602863407523339,7,6,6,0.0,1.0
57,historical,151.94785290101098,83.89982565934517,35.57373393347785,2,3,2,4.0,9.0
57,rule_based,190.26135402146681,45.58632453888933,19.328714540314316,4,4,2,3.0,7.0
58,oracle,235.84767856035614,0.0,0.0,8,6,5,0.0,1.0
58,causal,235.84767856035614,0.0,0.0,8,6,5,0.0,1.0
58,causal_lcb,235.84767856035614,0.0,0.0,8,6,5,0.0,1.0
58,historical,151.94785290101098,83.89982565934517,35.57373393347785,2,3,2,4.0,9.0
58,rule_based,190.26135402146681,45.58632453888933,19.328714540314316,4,4,2,3.0,7.0
59,oracle,235.84767856035614,0.0,0.0,8,6,5,0.0,1.0
59,causal,233.46748835509652,2.3801902052596233,1.0092065437271223,6,7,5,0.0,2.0
59,causal_lcb,233.46748835509652,2.3801902052596233,1.0092065437271223,6,7,5,0.0,2.0
59,historical,151.94785290101098,83.89982565934517,35.57373393347785,2,3,2,4.0,9.0
59,rule_based,190.26135402146681,45.58632453888933,19.328714540314316,4,4,2,3.0,7.0
60,oracle,235.84767856035614,0.0,0.0,8,6,5,0.0,1.0
60,causal,235.29371732255282,0.5539612378033212,0.23488093721539688,7,7,5,0.0,1.0
60,causal_lcb,235.29371732255282,0.5539612378033212,0.23488093721539688,7,7,5,0.0,1.0
60,historical,151.94785290101098,83.89982565934517,35.57373393347785,2,3,2,4.0,9.0
60,rule_based,190.26135402146681,45.58632453888933,19.328714540314316,4,4,2,3.0,7.0
61,oracle,235.84767856035614,0.0,0.0,8,6,5,0.0,1.0
61,causal,234.21985565950604,1.6278229008501057,0.6902009427383561,8,7,4,0.0,1.0
61,causal_lcb,234.21985565950604,1.6278229008501057,0.6902009427383561,8,7,4,0.0,1.0
61,historical,151.94785290101098,83.89982565934517,35.57373393347785,2,3,2,4.0,9.0
61,rule_based,190.26135402146681,45.58632453888933,19.328714540314316,4,4,2,3.0,7.0
62,oracle,235.84767856035614,0.0,0.0,8,6,5,0.0,1.0
62,causal,235.84767856035614,0.0,0.0,8,6,5,0.0,1.0
62,causal_lcb,235.84767856035614,0.0,0.0,8,6,5,0.0,1.0
62,historical,151.94785290101098,83.89982565934517,35.57373393347785,2,3,2,4.0,9.0
62,rule_based,190.26135402146681,45.58632453888933,19.328714540314316,4,4,2,3.0,7.0
63,oracle,235.84767856035614,0.0,0.0,8,6,5,0.0,1.0
63,causal,234.53782962843798,1.309848931918168,0.5553791921606566,7,5,6,0.0,2.0
63,causal_lcb,234.53782962843798,1.309848931918168,0.5553791921606566,7,5,6,0.0,2.0
63,historical,151.94785290101098,83.89982565934517,35.57373393347785,2,3,2,4.0,9.0
63,rule_based,190.26135402146681,45.58632453888933,19.328714540314316,4,4,2,3.0,7.0
64,oracle,235.84767856035614,0.0,0.0,8,6,5,0.0,1.0
64,causal,235.03158039529006,0.8160981650660801,0.34602764379435313,8,5,6,0.0,1.0
64,causal_lcb,235.03158039529006,0.8160981650660801,0.34602764379435313,8,5,6,0.0,1.0
64,historical,151.94785290101098,83.89982565934517,35.57373393347785,2,3,2,4.0,9.0
64,rule_based,190.26135402146681,45.58632453888933,19.328714540314316,4,4,2,3.0,7.0
65,oracle,235.84767856035614,0.0,0.0,8,6,5,0.0,1.0
65,causal,235.29371732255282,0.5539612378033212,0.23488093721539688,7,7,5,0.0,1.0
65,causal_lcb,235.29371732255282,0.5539612378033212,0.23488093721539688,7,7,5,0.0,1.0
65,historical,151.94785290101098,83.89982565934517,35.57373393347785,2,3,2,4.0,9.0
65,rule_based,190.26135402146681,45.58632453888933,19.328714540314316,4,4,2,3.0,7.0
66,oracle,235.84767856035614,0.0,0.0,8,6,5,0.0,1.0
66,causal,235.84767856035614,0.0,0.0,8,6,5,0.0,1.0
66,causal_lcb,235.84767856035614,0.0,0.0,8,6,5,0.0,1.0
66,historical,151.94785290101098,83.89982565934517,35.57373393347785,2,3,2,4.0,9.0
66,rule_based,190.26135402146681,45.58632453888933,19.328714540314316,4,4,2,3.0,7.0
67,oracle,235.84767856035614,0.0,0.0,8,6,5,0.0,1.0
67,causal,235.8415397674334,0.006138792922740777,0.002602863407523339,7,6,6,0.0,1.0
67,causal_lcb,235.8415397674334,0.006138792922740777,0.002602863407523339,7,6,6,0.0,1.0
67,historical,151.94785290101098,83.89982565934517,35.57373393347785,2,3,2,4.0,9.0
67,rule_based,190.26135402146681,45.58632453888933,19.328714540314316,4,4,2,3.0,7.0
68,oracle,235.84767856035614,0.0,0.0,8,6,5,0.0,1.0
68,causal,235.8415397674334,0.006138792922740777,0.002602863407523339,7,6,6,0.0,1.0
68,causal_lcb,235.8415397674334,0.006138792922740777,0.002602863407523339,7,6,6,0.0,1.0
68,historical,151.94785290101098,83.89982565934517,35.57373393347785,2,3,2,4.0,9.0
68,rule_based,190.26135402146681,45.58632453888933,19.328714540314316,4,4,2,3.0,7.0
69,oracle,235.84767856035614,0.0,0.0,8,6,5,0.0,1.0
69,causal,232.7047558125514,3.1429227478047324,1.3326070313642804,7,8,4,0.0,1.0
69,causal_lcb,232.7047558125514,3.1429227478047324,1.3326070313642804,7,8,4,0.0,1.0
69,historical,151.94785290101098,83.89982565934517,35.57373393347785,2,3,2,4.0,9.0
69,rule_based,190.26135402146681,45.58632453888933,19.328714540314316,4,4,2,3.0,7.0
70,oracle,235.84767856035614,0.0,0.0,8,6,5,0.0,1.0
70,causal,235.8415397674334,0.006138792922740777,0.002602863407523339,7,6,6,0.0,1.0
70,causal_lcb,235.8415397674334,0.006138792922740777,0.002602863407523339,7,6,6,0.0,1.0
70,historical,151.94785290101098,83.89982565934517,35.57373393347785,2,3,2,4.0,9.0
70,rule_based,190.26135402146681,45.58632453888933,19.328714540314316,4,4,2,3.0,7.0
71,oracle,235.84767856035614,0.0,0.0,8,6,5,0.0,1.0
71,causal,235.8415397674334,0.006138792922740777,0.002602863407523339,7,6,6,0.0,1.0
71,causal_lcb,235.8415397674334,0.006138792922740777,0.002602863407523339,7,6,6,0.0,1.0
71,historical,151.94785290101098,83.89982565934517,35.57373393347785,2,3,2,4.0,9.0
71,rule_based,190.26135402146681,45.58632453888933,19.328714540314316,4,4,2,3.0,7.0
72,oracle,235.84767856035614,0.0,0.0,8,6,5,0.0,1.0
72,causal,235.29371732255282,0.5539612378033212,0.23488093721539688,7,7,5,0.0,1.0
72,causal_lcb,235.29371732255282,0.5539612378033212,0.23488093721539688,7,7,5,0.0,1.0
72,historical,151.94785290101098,83.89982565934517,35.57373393347785,2,3,2,4.0,9.0
72,rule_based,190.26135402146681,45.58632453888933,19.328714540314316,4,4,2,3.0,7.0
73,oracle,235.84767856035614,0.0,0.0,8,6,5,0.0,1.0
73,causal,235.8415397674334,0.006138792922740777,0.002602863407523339,7,6,6,0.0,1.0
73,causal_lcb,235.8415397674334,0.006138792922740777,0.002602863407523339,7,6,6,0.0,1.0
73,historical,151.94785290101098,83.89982565934517,35.57373393347785,2,3,2,4.0,9.0
73,rule_based,190.26135402146681,45.58632453888933,19.328714540314316,4,4,2,3.0,7.0
74,oracle,235.84767856035614,0.0,0.0,8,6,5,0.0,1.0
74,causal,235.84767856035614,0.0,0.0,8,6,5,0.0,1.0
74,causal_lcb,235.84767856035614,0.0,0.0,8,6,5,0.0,1.0
74,historical,151.94785290101098,83.89982565934517,35.57373393347785,2,3,2,4.0,9.0
74,rule_based,190.26135402146681,45.58632453888933,19.328714540314316,4,4,2,3.0,7.0
75,oracle,235.84767856035614,0.0,0.0,8,6,5,0.0,1.0
75,causal,234.0153107999771,1.832367760379043,0.7769284699192487,6,6,6,0.0,2.0
75,causal_lcb,234.0153107999771,1.832367760379043,0.7769284699192487,6,6,6,0.0,2.0
75,historical,151.94785290101098,83.89982565934517,35.57373393347785,2,3,2,4.0,9.0
75,rule_based,190.26135402146681,45.58632453888933,19.328714540314316,4,4,2,3.0,7.0
76,oracle,235.84767856035614,0.0,0.0,8,6,5,0.0,1.0
76,causal,233.66181757307993,2.1858609872762145,0.9268104738698233,6,6,7,0.0,1.0
76,causal_lcb,233.66181757307993,2.1858609872762145,0.9268104738698233,6,6,7,0.0,1.0
76,historical,151.94785290101098,83.89982565934517,35.57373393347785,2,3,2,4.0,9.0
76,rule_based,190.26135402146681,45.58632453888933,19.328714540314316,4,4,2,3.0,7.0
77,oracle,235.84767856035614,0.0,0.0,8,6,5,0.0,1.0
77,causal,232.64203516176116,3.2056433985949866,1.3592007426838528,7,8,5,0.0,0.0
77,causal_lcb,232.64203516176116,3.2056433985949866,1.3592007426838528,7,8,5,0.0,0.0
77,historical,151.94785290101098,83.89982565934517,35.57373393347785,2,3,2,4.0,9.0
77,rule_based,190.26135402146681,45.58632453888933,19.328714540314316,4,4,2,3.0,7.0
78,oracle,235.84767856035614,0.0,0.0,8,6,5,0.0,1.0
78,causal,235.35392779350406,0.49375076685208796,0.20935154836630349,7,6,5,0.0,2.0
78,causal_lcb,235.35392779350406,0.49375076685208796,0.20935154836630349,7,6,5,0.0,2.0
78,historical,151.94785290101098,83.89982565934517,35.57373393347785,2,3,2,4.0,9.0
78,rule_based,190.26135402146681,45.58632453888933,19.328714540314316,4,4,2,3.0,7.0
79,oracle,235.84767856035614,0.0,0.0,8,6,5,0.0,1.0
79,causal,235.84767856035614,0.0,0.0,8,6,5,0.0,1.0
79,causal_lcb,235.84767856035614,0.0,0.0,8,6,5,0.0,1.0
79,historical,151.94785290101098,83.89982565934517,35.57373393347785,2,3,2,4.0,9.0
79,rule_based,190.26135402146681,45.58632453888933,19.328714540314316,4,4,2,3.0,7.0
80,oracle,235.84767856035614,0.0,0.0,8,6,5,0.0,1.0
80,causal,234.28006613045727,1.5676124298988725,0.6646715538892627,8,6,4,0.0,2.0
80,causal_lcb,234.28006613045727,1.5676124298988725,0.6646715538892627,8,6,4,0.0,2.0
80,historical,151.94785290101098,83.89982565934517,35.57373393347785,2,3,2,4.0,9.0
80,rule_based,190.26135402146681,45.58632453888933,19.328714540314316,4,4,2,3.0,7.0
81,oracle,235.84767856035614,0.0,0.0,8,6,5,0.0,1.0
81,causal,235.8415397674334,0.006138792922740777,0.002602863407523339,7,6,6,0.0,1.0
81,causal_lcb,235.8415397674334,0.006138792922740777,0.002602863407523339,7,6,6,0.0,1.0
81,historical,151.94785290101098,83.89982565934517,35.57373393347785,2,3,2,4.0,9.0
81,rule_based,190.26135402146681,45.58632453888933,19.328714540314316,4,4,2,3.0,7.0
82,oracle,235.84767856035614,0.0,0.0,8,6,5,0.0,1.0
82,causal,235.29371732255282,0.5539612378033212,0.23488093721539688,7,7,5,0.0,1.0
82,causal_lcb,235.29371732255282,0.5539612378033212,0.23488093721539688,7,7,5,0.0,1.0
82,historical,151.94785290101098,83.89982565934517,35.57373393347785,2,3,2,4.0,9.0
82,rule_based,190.26135402146681,45.58632453888933,19.328714540314316,4,4,2,3.0,7.0
83,oracle,235.84767856035614,0.0,0.0,8,6,5,0.0,1.0
83,causal,235.84767856035614,0.0,0.0,8,6,5,0.0,1.0
83,causal_lcb,235.84767856035614,0.0,0.0,8,6,5,0.0,1.0
83,historical,151.94785290101098,83.89982565934517,35.57373393347785,2,3,2,4.0,9.0
83,rule_based,190.26135402146681,45.58632453888933,19.328714540314316,4,4,2,3.0,7.0
84,oracle,235.84767856035614,0.0,0.0,8,6,5,0.0,1.0
84,causal,235.03158039529006,0.8160981650660801,0.34602764379435313,8,5,6,0.0,1.0
84,causal_lcb,235.03158039529006,0.8160981650660801,0.34602764379435313,8,5,6,0.0,1.0
84,historical,151.94785290101098,83.89982565934517,35.57373393347785,2,3,2,4.0,9.0
84,rule_based,190.26135402146681,45.58632453888933,19.328714540314316,4,4,2,3.0,7.0
85,oracle,235.84767856035614,0.0,0.0,8,6,5,0.0,1.0
85,causal,233.72397211685023,2.1237064435059096,0.9004567933291863,9,6,5,0.0,0.0
85,causal_lcb,233.72397211685023,2.1237064435059096,0.9004567933291863,9,6,5,0.0,0.0
85,historical,151.94785290101098,83.89982565934517,35.57373393347785,2,3,2,4.0,9.0
85,rule_based,190.26135402146681,45.58632453888933,19.328714540314316,4,4,2,3.0,7.0
86,oracle,235.84767856035614,0.0,0.0,8,6,5,0.0,1.0
86,causal,235.8415397674334,0.006138792922740777,0.002602863407523339,7,6,6,0.0,1.0
86,causal_lcb,235.8415397674334,0.006138792922740777,0.002602863407523339,7,6,6,0.0,1.0
86,historical,151.94785290101098,83.89982565934517,35.57373393347785,2,3,2,4.0,9.0
86,rule_based,190.26135402146681,45.58632453888933,19.328714540314316,4,4,2,3.0,7.0
87,oracle,235.84767856035614,0.0,0.0,8,6,5,0.0,1.0
87,causal,235.84767856035614,0.0,0.0,8,6,5,0.0,1.0
87,causal_lcb,235.84767856035614,0.0,0.0,8,6,5,0.0,1.0
87,historical,151.94785290101098,83.89982565934517,35.57373393347785,2,3,2,4.0,9.0
87,rule_based,190.26135402146681,45.58632453888933,19.328714540314316,4,4,2,3.0,7.0
88,oracle,235.84767856035614,0.0,0.0,8,6,5,0.0,1.0
88,causal,234.54396842136072,1.3037101389954273,0.5527763287531333,8,5,5,0.0,2.0
88,causal_lcb,234.54396842136072,1.3037101389954273,0.5527763287531333,8,5,5,0.0,2.0
88,historical,151.94785290101098,83.89982565934517,35.57373393347785,2,3,2,4.0,9.0
88,rule_based,190.26135402146681,45.58632453888933,19.328714540314316,4,4,2,3.0,7.0
89,oracle,235.84767856035614,0.0,0.0,8,6,5,0.0,1.0
89,causal,235.8415397674334,0.006138792922740777,0.002602863407523339,7,6,6,0.0,1.0
89,causal_lcb,235.8415397674334,0.006138792922740777,0.002602863407523339,7,6,6,0.0,1.0
89,historical,151.94785290101098,83.89982565934517,35.57373393347785,2,3,2,4.0,9.0
89,rule_based,190.26135402146681,45.58632453888933,19.328714540314316,4,4,2,3.0,7.0
90,oracle,235.84767856035614,0.0,0.0,8,6,5,0.0,1.0
90,causal,235.84767856035614,0.0,0.0,8,6,5,0.0,1.0
90,causal_lcb,235.84767856035614,0.0,0.0,8,6,5,0.0,1.0
90,historical,151.94785290101098,83.89982565934517,35.57373393347785,2,3,2,4.0,9.0
90,rule_based,190.26135402146681,45.58632453888933,19.328714540314316,4,4,2,3.0,7.0
91,oracle,235.84767856035614,0.0,0.0,8,6,5,0.0,1.0
91,causal,235.8415397674334,0.006138792922740777,0.002602863407523339,7,6,6,0.0,1.0
91,causal_lcb,235.8415397674334,0.006138792922740777,0.002602863407523339,7,6,6,0.0,1.0
91,historical,151.94785290101098,83.89982565934517,35.57373393347785,2,3,2,4.0,9.0
91,rule_based,190.26135402146681,45.58632453888933,19.328714540314316,4,4,2,3.0,7.0
92,oracle,235.84767856035614,0.0,0.0,8,6,5,0.0,1.0
92,causal,235.8415397674334,0.006138792922740777,0.002602863407523339,7,6,6,0.0,1.0
92,causal_lcb,235.8415397674334,0.006138792922740777,0.002602863407523339,7,6,6,0.0,1.0
92,historical,151.94785290101098,83.89982565934517,35.57373393347785,2,3,2,4.0,9.0
92,rule_based,190.26135402146681,45.58632453888933,19.328714540314316,4,4,2,3.0,7.0
93,oracle,235.84767856035614,0.0,0.0,8,6,5,0.0,1.0
93,causal,235.84767856035614,0.0,0.0,8,6,5,0.0,1.0
93,causal_lcb,235.84767856035614,0.0,0.0,8,6,5,0.0,1.0
93,historical,151.94785290101098,83.89982565934517,35.57373393347785,2,3,2,4.0,9.0
93,rule_based,190.26135402146681,45.58632453888933,19.328714540314316,4,4,2,3.0,7.0
94,oracle,235.84767856035614,0.0,0.0,8,6,5,0.0,1.0
94,causal,234.70495745359634,1.142721106759808,0.484516580250067,8,6,6,0.0,0.0
94,causal_lcb,234.70495745359634,1.142721106759808,0.484516580250067,8,6,6,0.0,0.0
94,historical,151.94785290101098,83.89982565934517,35.57373393347785,2,3,2,4.0,9.0
94,rule_based,190.26135402146681,45.58632453888933,19.328714540314316,4,4,2,3.0,7.0
95,oracle,235.84767856035614,0.0,0.0,8,6,5,0.0,1.0
95,causal,235.29371732255282,0.5539612378033212,0.23488093721539688,7,7,5,0.0,1.0
95,causal_lcb,235.29371732255282,0.5539612378033212,0.23488093721539688,7,7,5,0.0,1.0
95,historical,151.94785290101098,83.89982565934517,35.57373393347785,2,3,2,4.0,9.0
95,rule_based,190.26135402146681,45.58632453888933,19.328714540314316,4,4,2,3.0,7.0
96,oracle,235.84767856035614,0.0,0.0,8,6,5,0.0,1.0
96,causal,235.29371732255282,0.5539612378033212,0.23488093721539688,7,7,5,0.0,1.0
96,causal_lcb,235.29371732255282,0.5539612378033212,0.23488093721539688,7,7,5,0.0,1.0
96,historical,151.94785290101098,83.89982565934517,35.57373393347785,2,3,2,4.0,9.0
96,rule_based,190.26135402146681,45.58632453888933,19.328714540314316,4,4,2,3.0,7.0
97,oracle,235.84767856035614,0.0,0.0,8,6,5,0.0,1.0
97,causal,235.29371732255282,0.5539612378033212,0.23488093721539688,7,7,5,0.0,1.0
97,causal_lcb,235.29371732255282,0.5539612378033212,0.23488093721539688,7,7,5,0.0,1.0
97,historical,151.94785290101098,83.89982565934517,35.57373393347785,2,3,2,4.0,9.0
97,rule_based,190.26135402146681,45.58632453888933,19.328714540314316,4,4,2,3.0,7.0
98,oracle,235.84767856035614,0.0,0.0,8,6,5,0.0,1.0
98,causal,235.84767856035614,0.0,0.0,8,6,5,0.0,1.0
98,causal_lcb,235.84767856035614,0.0,0.0,8,6,5,0.0,1.0
98,historical,151.94785290101098,83.89982565934517,35.57373393347785,2,3,2,4.0,9.0
98,rule_based,190.26135402146681,45.58632453888933,19.328714540314316,4,4,2,3.0,7.0
99,oracle,235.84767856035614,0.0,0.0,8,6,5,0.0,1.0
99,causal,235.84767856035614,0.0,0.0,8,6,5,0.0,1.0
99,causal_lcb,235.84767856035614,0.0,0.0,8,6,5,0.0,1.0
99,historical,151.94785290101098,83.89982565934517,35.57373393347785,2,3,2,4.0,9.0
99,rule_based,190.26135402146681,45.58632453888933,19.328714540314316,4,4,2,3.0,7.0
100,oracle,235.84767856035614,0.0,0.0,8,6,5,0.0,1.0
100,causal,235.35392779350406,0.49375076685208796,0.20935154836630349,7,6,5,0.0,2.0
100,causal_lcb,235.35392779350406,0.49375076685208796,0.20935154836630349,7,6,5,0.0,2.0
100,historical,151.94785290101098,83.89982565934517,35.57373393347785,2,3,2,4.0,9.0
100,rule_based,190.26135402146681,45.58632453888933,19.328714540314316,4,4,2,3.0,7.0
101,oracle,235.84767856035614,0.0,0.0,8,6,5,0.0,1.0
101,causal,235.84767856035614,0.0,0.0,8,6,5,0.0,1.0
101,causal_lcb,235.84767856035614,0.0,0.0,8,6,5,0.0,1.0
101,historical,151.94785290101098,83.89982565934517,35.57373393347785,2,3,2,4.0,9.0
101,rule_based,190.26135402146681,45.58632453888933,19.328714540314316,4,4,2,3.0,7.0
102,oracle,235.84767856035614,0.0,0.0,8,6,5,0.0,1.0
102,causal,235.29371732255282,0.5539612378033212,0.23488093721539688,7,7,5,0.0,1.0
102,causal_lcb,235.29371732255282,0.5539612378033212,0.23488093721539688,7,7,5,0.0,1.0
102,historical,151.94785290101098,83.89982565934517,35.57373393347785,2,3,2,4.0,9.0
102,rule_based,190.26135402146681,45.58632453888933,19.328714540314316,4,4,2,3.0,7.0
103,oracle,235.84767856035614,0.0,0.0,8,6,5,0.0,1.0
103,causal,234.70495745359634,1.142721106759808,0.484516580250067,8,6,6,0.0,0.0
103,causal_lcb,234.70495745359634,1.142721106759808,0.484516580250067,8,6,6,0.0,0.0
103,historical,151.94785290101098,83.89982565934517,35.57373393347785,2,3,2,4.0,9.0
103,rule_based,190.26135402146681,45.58632453888933,19.328714540314316,4,4,2,3.0,7.0
104,oracle,235.84767856035614,0.0,0.0,8,6,5,0.0,1.0
104,causal,235.8415397674334,0.006138792922740777,0.002602863407523339,7,6,6,0.0,1.0
104,causal_lcb,235.8415397674334,0.006138792922740777,0.002602863407523339,7,6,6,0.0,1.0
104,historical,151.94785290101098,83.89982565934517,35.57373393347785,2,3,2,4.0,9.0
104,rule_based,190.26135402146681,45.58632453888933,19.328714540314316,4,4,2,3.0,7.0
105,oracle,235.84767856035614,0.0,0.0,8,6,5,0.0,1.0
105,causal,233.46748835509652,2.3801902052596233,1.0092065437271223,6,7,5,0.0,2.0
105,causal_lcb,233.46748835509652,2.3801902052596233,1.0092065437271223,6,7,5,0.0,2.0
105,historical,151.94785290101098,83.89982565934517,35.57373393347785,2,3,2,4.0,9.0
105,rule_based,190.26135402146681,45.58632453888933,19.328714540314316,4,4,2,3.0,7.0
106,oracle,235.84767856035614,0.0,0.0,8,6,5,0.0,1.0
106,causal,235.8415397674334,0.006138792922740777,0.002602863407523339,7,6,6,0.0,1.0
106,causal_lcb,235.8415397674334,0.006138792922740777,0.002602863407523339,7,6,6,0.0,1.0
106,historical,151.94785290101098,83.89982565934517,35.57373393347785,2,3,2,4.0,9.0
106,rule_based,190.26135402146681,45.58632453888933,19.328714540314316,4,4,2,3.0,7.0
107,oracle,235.84767856035614,0.0,0.0,8,6,5,0.0,1.0
107,causal,234.050595058544,1.7970835018121534,0.7619678568734604,9,5,5,0.0,1.0
107,causal_lcb,234.050595058544,1.7970835018121534,0.7619678568734604,9,5,5,0.0,1.0
107,historical,151.94785290101098,83.89982565934517,35.57373393347785,2,3,2,4.0,9.0
107,rule_based,190.26135402146681,45.58632453888933,19.328714540314316,4,4,2,3.0,7.0
108,oracle,235.84767856035614,0.0,0.0,8,6,5,0.0,1.0
108,causal,234.21985565950604,1.6278229008501057,0.6902009427383561,8,7,4,0.0,1.0
108,causal_lcb,234.21985565950604,1.6278229008501057,0.6902009427383561,8,7,4,0.0,1.0
108,historical,151.94785290101098,83.89982565934517,35.57373393347785,2,3,2,4.0,9.0
108,rule_based,190.26135402146681,45.58632453888933,19.328714540314316,4,4,2,3.0,7.0
109,oracle,235.84767856035614,0.0,0.0,8,6,5,0.0,1.0
109,causal,235.8415397674334,0.006138792922740777,0.002602863407523339,7,6,6,0.0,1.0
109,causal_lcb,235.8415397674334,0.006138792922740777,0.002602863407523339,7,6,6,0.0,1.0
109,historical,151.94785290101098,83.89982565934517,35.57373393347785,2,3,2,4.0,9.0
109,rule_based,190.26135402146681,45.58632453888933,19.328714540314316,4,4,2,3.0,7.0
110,oracle,235.84767856035614,0.0,0.0,8,6,5,0.0,1.0
110,causal,235.29371732255282,0.5539612378033212,0.23488093721539688,7,7,5,0.0,1.0
110,causal_lcb,235.29371732255282,0.5539612378033212,0.23488093721539688,7,7,5,0.0,1.0
110,historical,151.94785290101098,83.89982565934517,35.57373393347785,2,3,2,4.0,9.0
110,rule_based,190.26135402146681,45.58632453888933,19.328714540314316,4,4,2,3.0,7.0
111,oracle,235.84767856035614,0.0,0.0,8,6,5,0.0,1.0
111,causal,235.84767856035614,0.0,0.0,8,6,5,0.0,1.0
111,causal_lcb,235.84767856035614,0.0,0.0,8,6,5,0.0,1.0
111,historical,151.94785290101098,83.89982565934517,35.57373393347785,2,3,2,4.0,9.0
111,rule_based,190.26135402146681,45.58632453888933,19.328714540314316,4,4,2,3.0,7.0
112,oracle,235.84767856035614,0.0,0.0,8,6,5,0.0,1.0
112,causal,235.35392779350406,0.49375076685208796,0.20935154836630349,7,6,5,0.0,2.0
112,causal_lcb,235.35392779350406,0.49375076685208796,0.20935154836630349,7,6,5,0.0,2.0
112,historical,151.94785290101098,83.89982565934517,35.57373393347785,2,3,2,4.0,9.0
112,rule_based,190.26135402146681,45.58632453888933,19.328714540314316,4,4,2,3.0,7.0
113,oracle,235.84767856035614,0.0,0.0,8,6,5,0.0,1.0
113,causal,235.29371732255282,0.5539612378033212,0.23488093721539688,7,7,5,0.0,1.0
113,causal_lcb,235.29371732255282,0.5539612378033212,0.23488093721539688,7,7,5,0.0,1.0
113,historical,151.94785290101098,83.89982565934517,35.57373393347785,2,3,2,4.0,9.0
113,rule_based,190.26135402146681,45.58632453888933,19.328714540314316,4,4,2,3.0,7.0
114,oracle,235.84767856035614,0.0,0.0,8,6,5,0.0,1.0
114,causal,235.8415397674334,0.006138792922740777,0.002602863407523339,7,6,6,0.0,1.0
114,causal_lcb,235.8415397674334,0.006138792922740777,0.002602863407523339,7,6,6,0.0,1.0
114,historical,151.94785290101098,83.89982565934517,35.57373393347785,2,3,2,4.0,9.0
114,rule_based,190.26135402146681,45.58632453888933,19.328714540314316,4,4,2,3.0,7.0
115,oracle,235.84767856035614,0.0,0.0,8,6,5,0.0,1.0
115,causal,232.90787395178418,2.9398046085719614,1.2464844371235273,9,5,6,0.0,0.0
115,causal_lcb,232.90787395178418,2.9398046085719614,1.2464844371235273,9,5,6,0.0,0.0
115,historical,151.94785290101098,83.89982565934517,35.57373393347785,2,3,2,4.0,9.0
115,rule_based,190.26135402146681,45.58632453888933,19.328714540314316,4,4,2,3.0,7.0
116,oracle,235.84767856035614,0.0,0.0,8,6,5,0.0,1.0
116,causal,235.29371732255282,0.5539612378033212,0.23488093721539688,7,7,5,0.0,1.0
116,causal_lcb,235.29371732255282,0.5539612378033212,0.23488093721539688,7,7,5,0.0,1.0
116,historical,151.94785290101098,83.89982565934517,35.57373393347785,2,3,2,4.0,9.0
116,rule_based,190.26135402146681,45.58632453888933,19.328714540314316,4,4,2,3.0,7.0
117,oracle,235.84767856035614,0.0,0.0,8,6,5,0.0,1.0
117,causal,235.03158039529006,0.8160981650660801,0.34602764379435313,8,5,6,0.0,1.0
117,causal_lcb,235.03158039529006,0.8160981650660801,0.34602764379435313,8,5,6,0.0,1.0
117,historical,151.94785290101098,83.89982565934517,35.57373393347785,2,3,2,4.0,9.0
117,rule_based,190.26135402146681,45.58632453888933,19.328714540314316,4,4,2,3.0,7.0
118,oracle,235.84767856035614,0.0,0.0,8,6,5,0.0,1.0
118,causal,235.29371732255282,0.5539612378033212,0.23488093721539688,7,7,5,0.0,1.0
118,causal_lcb,235.29371732255282,0.5539612378033212,0.23488093721539688,7,7,5,0.0,1.0
118,historical,151.94785290101098,83.89982565934517,35.57373393347785,2,3,2,4.0,9.0
118,rule_based,190.26135402146681,45.58632453888933,19.328714540314316,4,4,2,3.0,7.0
119,oracle,235.84767856035614,0.0,0.0,8,6,5,0.0,1.0
119,causal,235.8415397674334,0.006138792922740777,0.002602863407523339,7,6,6,0.0,1.0
119,causal_lcb,235.8415397674334,0.006138792922740777,0.002602863407523339,7,6,6,0.0,1.0
119,historical,151.94785290101098,83.89982565934517,35.57373393347785,2,3,2,4.0,9.0
119,rule_based,190.26135402146681,45.58632453888933,19.328714540314316,4,4,2,3.0,7.0
120,oracle,235.84767856035614,0.0,0.0,8,6,5,0.0,1.0
120,causal,235.8415397674334,0.006138792922740777,0.002602863407523339,7,6,6,0.0,1.0
120,causal_lcb,235.8415397674334,0.006138792922740777,0.002602863407523339,7,6,6,0.0,1.0
120,historical,151.94785290101098,83.89982565934517,35.57373393347785,2,3,2,4.0,9.0
120,rule_based,190.26135402146681,45.58632453888933,19.328714540314316,4,4,2,3.0,7.0
121,oracle,235.84767856035614,0.0,0.0,8,6,5,0.0,1.0
121,causal,235.8415397674334,0.006138792922740777,0.002602863407523339,7,6,6,0.0,1.0
121,causal_lcb,235.8415397674334,0.006138792922740777,0.002602863407523339,7,6,6,0.0,1.0
121,historical,151.94785290101098,83.89982565934517,35.57373393347785,2,3,2,4.0,9.0
121,rule_based,190.26135402146681,45.58632453888933,19.328714540314316,4,4,2,3.0,7.0
122,oracle,235.84767856035614,0.0,0.0,8,6,5,0.0,1.0
122,causal,235.8415397674334,0.006138792922740777,0.002602863407523339,7,6,6,0.0,1.0
122,causal_lcb,235.8415397674334,0.006138792922740777,0.002602863407523339,7,6,6,0.0,1.0
122,historical,151.94785290101098,83.89982565934517,35.57373393347785,2,3,2,4.0,9.0
122,rule_based,190.26135402146681,45.58632453888933,19.328714540314316,4,4,2,3.0,7.0
123,oracle,235.84767856035614,0.0,0.0,8,6,5,0.0,1.0
123,causal,235.8415397674334,0.006138792922740777,0.002602863407523339,7,6,6,0.0,1.0
123,causal_lcb,235.8415397674334,0.006138792922740777,0.002602863407523339,7,6,6,0.0,1.0
123,historical,151.94785290101098,83.89982565934517,35.57373393347785,2,3,2,4.0,9.0
123,rule_based,190.26135402146681,45.58632453888933,19.328714540314316,4,4,2,3.0,7.0
124,oracle,235.84767856035614,0.0,0.0,8,6,5,0.0,1.0
124,causal,235.8415397674334,0.006138792922740777,0.002602863407523339,7,6,6,0.0,1.0
124,causal_lcb,235.8415397674334,0.006138792922740777,0.002602863407523339,7,6,6,0.0,1.0
124,historical,151.94785290101098,83.89982565934517,35.57373393347785,2,3,2,4.0,9.0
124,rule_based,190.26135402146681,45.58632453888933,19.328714540314316,4,4,2,3.0,7.0
125,oracle,235.84767856035614,0.0,0.0,8,6,5,0.0,1.0
125,causal,235.84767856035614,0.0,0.0,8,6,5,0.0,1.0
125,causal_lcb,235.84767856035614,0.0,0.0,8,6,5,0.0,1.0
125,historical,151.94785290101098,83.89982565934517,35.57373393347785,2,3,2,4.0,9.0
125,rule_based,190.26135402146681,45.58632453888933,19.328714540314316,4,4,2,3.0,7.0
126,oracle,235.84767856035614,0.0,0.0,8,6,5,0.0,1.0
126,causal,235.84767856035614,0.0,0.0,8,6,5,0.0,1.0
126,causal_lcb,235.84767856035614,0.0,0.0,8,6,5,0.0,1.0
126,historical,151.94785290101098,83.89982565934517,35.57373393347785,2,3,2,4.0,9.0
126,rule_based,190.26135402146681,45.58632453888933,19.328714540314316,4,4,2,3.0,7.0
127,oracle,235.84767856035614,0.0,0.0,8,6,5,0.0,1.0
127,causal,234.21985565950604,1.6278229008501057,0.6902009427383561,8,7,4,0.0,1.0
127,causal_lcb,234.21985565950604,1.6278229008501057,0.6902009427383561,8,7,4,0.0,1.0
127,historical,151.94785290101098,83.89982565934517,35.57373393347785,2,3,2,4.0,9.0
127,rule_based,190.26135402146681,45.58632453888933,19.328714540314316,4,4,2,3.0,7.0
128,oracle,235.84767856035614,0.0,0.0,8,6,5,0.0,1.0
128,causal,235.03158039529006,0.8160981650660801,0.34602764379435313,8,5,6,0.0,1.0
128,causal_lcb,235.03158039529006,0.8160981650660801,0.34602764379435313,8,5,6,0.0,1.0
128,historical,151.94785290101098,83.89982565934517,35.57373393347785,2,3,2,4.0,9.0
128,rule_based,190.26135402146681,45.58632453888933,19.328714540314316,4,4,2,3.0,7.0
129,oracle,235.84767856035614,0.0,0.0,8,6,5,0.0,1.0
129,causal,235.84767856035614,0.0,0.0,8,6,5,0.0,1.0
129,causal_lcb,235.84767856035614,0.0,0.0,8,6,5,0.0,1.0
129,historical,151.94785290101098,83.89982565934517,35.57373393347785,2,3,2,4.0,9.0
129,rule_based,190.26135402146681,45.58632453888933,19.328714540314316,4,4,2,3.0,7.0
130,oracle,235.84767856035614,0.0,0.0,8,6,5,0.0,1.0
130,causal,235.8415397674334,0.006138792922740777,0.002602863407523339,7,6,6,0.0,1.0
130,causal_lcb,235.8415397674334,0.006138792922740777,0.002602863407523339,7,6,6,0.0,1.0
130,historical,151.94785290101098,83.89982565934517,35.57373393347785,2,3,2,4.0,9.0
130,rule_based,190.26135402146681,45.58632453888933,19.328714540314316,4,4,2,3.0,7.0
131,oracle,235.84767856035614,0.0,0.0,8,6,5,0.0,1.0
131,causal,235.8415397674334,0.006138792922740777,0.002602863407523339,7,6,6,0.0,1.0
131,causal_lcb,235.8415397674334,0.006138792922740777,0.002602863407523339,7,6,6,0.0,1.0
131,historical,151.94785290101098,83.89982565934517,35.57373393347785,2,3,2,4.0,9.0
131,rule_based,190.26135402146681,45.58632453888933,19.328714540314316,4,4,2,3.0,7.0
132,oracle,235.84767856035614,0.0,0.0,8,6,5,0.0,1.0
132,causal,234.1843364015408,1.6633421588153396,0.7052611961112313,7,5,7,0.0,1.0
132,causal_lcb,234.1843364015408,1.6633421588153396,0.7052611961112313,7,5,7,0.0,1.0
132,historical,151.94785290101098,83.89982565934517,35.57373393347785,2,3,2,4.0,9.0
132,rule_based,190.26135402146681,45.58632453888933,19.328714540314316,4,4,2,3.0,7.0
133,oracle,235.84767856035614,0.0,0.0,8,6,5,0.0,1.0
133,causal,234.0153107999771,1.832367760379043,0.7769284699192487,6,6,6,0.0,2.0
133,causal_lcb,234.0153107999771,1.832367760379043,0.7769284699192487,6,6,6,0.0,2.0
133,historical,151.94785290101098,83.89982565934517,35.57373393347785,2,3,2,4.0,9.0
133,rule_based,190.26135402146681,45.58632453888933,19.328714540314316,4,4,2,3.0,7.0
134,oracle,235.84767856035614,0.0,0.0,8,6,5,0.0,1.0
134,causal,235.84767856035614,0.0,0.0,8,6,5,0.0,1.0
134,causal_lcb,235.84767856035614,0.0,0.0,8,6,5,0.0,1.0
134,historical,151.94785290101098,83.89982565934517,35.57373393347785,2,3,2,4.0,9.0
134,rule_based,190.26135402146681,45.58632453888933,19.328714540314316,4,4,2,3.0,7.0
135,oracle,235.84767856035614,0.0,0.0,8,6,5,0.0,1.0
135,causal,235.8415397674334,0.006138792922740777,0.002602863407523339,7,6,6,0.0,1.0
135,causal_lcb,235.8415397674334,0.006138792922740777,0.002602863407523339,7,6,6,0.0,1.0
135,historical,151.94785290101098,83.89982565934517,35.57373393347785,2,3,2,4.0,9.0
135,rule_based,190.26135402146681,45.58632453888933,19.328714540314316,4,4,2,3.0,7.0
136,oracle,235.84767856035614,0.0,0.0,8,6,5,0.0,1.0
136,causal,235.84767856035614,0.0,0.0,8,6,5,0.0,1.0
136,causal_lcb,235.84767856035614,0.0,0.0,8,6,5,0.0,1.0
136,historical,151.94785290101098,83.89982565934517,35.57373393347785,2,3,2,4.0,9.0
136,rule_based,190.26135402146681,45.58632453888933,19.328714540314316,4,4,2,3.0,7.0
137,oracle,235.84767856035614,0.0,0.0,8,6,5,0.0,1.0
137,causal,235.84767856035614,0.0,0.0,8,6,5,0.0,1.0
137,causal_lcb,235.84767856035614,0.0,0.0,8,6,5,0.0,1.0
137,historical,151.94785290101098,83.89982565934517,35.57373393347785,2,3,2,4.0,9.0
137,rule_based,190.26135402146681,45.58632453888933,19.328714540314316,4,4,2,3.0,7.0
138,oracle,235.84767856035614,0.0,0.0,8,6,5,0.0,1.0
138,causal,235.84767856035614,0.0,0.0,8,6,5,0.0,1.0
138,causal_lcb,235.84767856035614,0.0,0.0,8,6,5,0.0,1.0
138,historical,151.94785290101098,83.89982565934517,35.57373393347785,2,3,2,4.0,9.0
138,rule_based,190.26135402146681,45.58632453888933,19.328714540314316,4,4,2,3.0,7.0
139,oracle,235.84767856035614,0.0,0.0,8,6,5,0.0,1.0
139,causal,234.70495745359634,1.142721106759808,0.484516580250067,8,6,6,0.0,0.0
139,causal_lcb,234.70495745359634,1.142721106759808,0.484516580250067,8,6,6,0.0,0.0
139,historical,151.94785290101098,83.89982565934517,35.57373393347785,2,3,2,4.0,9.0
139,rule_based,190.26135402146681,45.58632453888933,19.328714540314316,4,4,2,3.0,7.0
140,oracle,235.84767856035614,0.0,0.0,8,6,5,0.0,1.0
140,causal,235.8415397674334,0.006138792922740777,0.002602863407523339,7,6,6,0.0,1.0
140,causal_lcb,235.8415397674334,0.006138792922740777,0.002602863407523339,7,6,6,0.0,1.0
140,historical,151.94785290101098,83.89982565934517,35.57373393347785,2,3,2,4.0,9.0
140,rule_based,190.26135402146681,45.58632453888933,19.328714540314316,4,4,2,3.0,7.0
141,oracle,235.84767856035614,0.0,0.0,8,6,5,0.0,1.0
141,causal,233.95510032902587,1.8925782313302761,0.8024578587683421,6,7,6,0.0,1.0
141,causal_lcb,233.95510032902587,1.8925782313302761,0.8024578587683421,6,7,6,0.0,1.0
141,historical,151.94785290101098,83.89982565934517,35.57373393347785,2,3,2,4.0,9.0
141,rule_based,190.26135402146681,45.58632453888933,19.328714540314316,4,4,2,3.0,7.0
142,oracle,235.84767856035614,0.0,0.0,8,6,5,0.0,1.0
142,causal,234.050595058544,1.7970835018121534,0.7619678568734604,9,5,5,0.0,1.0
142,causal_lcb,234.050595058544,1.7970835018121534,0.7619678568734604,9,5,5,0.0,1.0
142,historical,151.94785290101098,83.89982565934517,35.57373393347785,2,3,2,4.0,9.0
142,rule_based,190.26135402146681,45.58632453888933,19.328714540314316,4,4,2,3.0,7.0
143,oracle,235.84767856035614,0.0,0.0,8,6,5,0.0,1.0
143,causal,235.29371732255282,0.5539612378033212,0.23488093721539688,7,7,5,0.0,1.0
143,causal_lcb,235.29371732255282,0.5539612378033212,0.23488093721539688,7,7,5,0.0,1.0
143,historical,151.94785290101098,83.89982565934517,35.57373393347785,2,3,2,4.0,9.0
143,rule_based,190.26135402146681,45.58632453888933,19.328714540314316,4,4,2,3.0,7.0
144,oracle,235.84767856035614,0.0,0.0,8,6,5,0.0,1.0
144,causal,235.35392779350406,0.49375076685208796,0.20935154836630349,7,6,5,0.0,2.0
144,causal_lcb,235.35392779350406,0.49375076685208796,0.20935154836630349,7,6,5,0.0,2.0
144,historical,151.94785290101098,83.89982565934517,35.57373393347785,2,3,2,4.0,9.0
144,rule_based,190.26135402146681,45.58632453888933,19.328714540314316,4,4,2,3.0,7.0
145,oracle,235.84767856035614,0.0,0.0,8,6,5,0.0,1.0
145,causal,235.8415397674334,0.006138792922740777,0.002602863407523339,7,6,6,0.0,1.0
145,causal_lcb,235.8415397674334,0.006138792922740777,0.002602863407523339,7,6,6,0.0,1.0
145,historical,151.94785290101098,83.89982565934517,35.57373393347785,2,3,2,4.0,9.0
145,rule_based,190.26135402146681,45.58632453888933,19.328714540314316,4,4,2,3.0,7.0
146,oracle,235.84767856035614,0.0,0.0,8,6,5,0.0,1.0
146,causal,235.8415397674334,0.006138792922740777,0.002602863407523339,7,6,6,0.0,1.0
146,causal_lcb,235.8415397674334,0.006138792922740777,0.002602863407523339,7,6,6,0.0,1.0
146,historical,151.94785290101098,83.89982565934517,35.57373393347785,2,3,2,4.0,9.0
146,rule_based,190.26135402146681,45.58632453888933,19.328714540314316,4,4,2,3.0,7.0
147,oracle,235.84767856035614,0.0,0.0,8,6,5,0.0,1.0
147,causal,234.15099621579301,1.6966823445631292,0.7193975174654639,7,7,6,0.0,0.0
147,causal_lcb,234.15099621579301,1.6966823445631292,0.7193975174654639,7,7,6,0.0,0.0
147,historical,151.94785290101098,83.89982565934517,35.57373393347785,2,3,2,4.0,9.0
147,rule_based,190.26135402146681,45.58632453888933,19.328714540314316,4,4,2,3.0,7.0
148,oracle,235.84767856035614,0.0,0.0,8,6,5,0.0,1.0
148,causal,234.70495745359634,1.142721106759808,0.484516580250067,8,6,6,0.0,0.0
148,causal_lcb,234.70495745359634,1.142721106759808,0.484516580250067,8,6,6,0.0,0.0
148,historical,151.94785290101098,83.89982565934517,35.57373393347785,2,3,2,4.0,9.0
148,rule_based,190.26135402146681,45.58632453888933,19.328714540314316,4,4,2,3.0,7.0
149,oracle,235.84767856035614,0.0,0.0,8,6,5,0.0,1.0
149,causal,234.54396842136072,1.3037101389954273,0.5527763287531333,8,5,5,0.0,2.0
149,causal_lcb,234.54396842136072,1.3037101389954273,0.5527763287531333,8,5,5,0.0,2.0
149,historical,151.94785290101098,83.89982565934517,35.57373393347785,2,3,2,4.0,9.0
149,rule_based,190.26135402146681,45.58632453888933,19.328714540314316,4,4,2,3.0,7.0
150,oracle,235.84767856035614,0.0,0.0,8,6,5,0.0,1.0
150,causal,235.35392779350406,0.49375076685208796,0.20935154836630349,7,6,5,0.0,2.0
150,causal_lcb,235.35392779350406,0.49375076685208796,0.20935154836630349,7,6,5,0.0,2.0
150,historical,151.94785290101098,83.89982565934517,35.57373393347785,2,3,2,4.0,9.0
150,rule_based,190.26135402146681,45.58632453888933,19.328714540314316,4,4,2,3.0,7.0
151,oracle,235.84767856035614,0.0,0.0,8,6,5,0.0,1.0
151,causal,235.84767856035614,0.0,0.0,8,6,5,0.0,1.0
151,causal_lcb,235.84767856035614,0.0,0.0,8,6,5,0.0,1.0
151,historical,151.94785290101098,83.89982565934517,35.57373393347785,2,3,2,4.0,9.0
151,rule_based,190.26135402146681,45.58632453888933,19.328714540314316,4,4,2,3.0,7.0
152,oracle,235.84767856035614,0.0,0.0,8,6,5,0.0,1.0
152,causal,235.35392779350406,0.49375076685208796,0.20935154836630349,7,6,5,0.0,2.0
152,causal_lcb,235.35392779350406,0.49375076685208796,0.20935154836630349,7,6,5,0.0,2.0
152,historical,151.94785290101098,83.89982565934517,35.57373393347785,2,3,2,4.0,9.0
152,rule_based,190.26135402146681,45.58632453888933,19.328714540314316,4,4,2,3.0,7.0
153,oracle,235.84767856035614,0.0,0.0,8,6,5,0.0,1.0
153,causal,235.84767856035614,0.0,0.0,8,6,5,0.0,1.0
153,causal_lcb,235.84767856035614,0.0,0.0,8,6,5,0.0,1.0
153,historical,151.94785290101098,83.89982565934517,35.57373393347785,2,3,2,4.0,9.0
153,rule_based,190.26135402146681,45.58632453888933,19.328714540314316,4,4,2,3.0,7.0
154,oracle,235.84767856035614,0.0,0.0,8,6,5,0.0,1.0
154,causal,235.84767856035614,0.0,0.0,8,6,5,0.0,1.0
154,causal_lcb,235.84767856035614,0.0,0.0,8,6,5,0.0,1.0
154,historical,151.94785290101098,83.89982565934517,35.57373393347785,2,3,2,4.0,9.0
154,rule_based,190.26135402146681,45.58632453888933,19.328714540314316,4,4,2,3.0,7.0
155,oracle,235.84767856035614,0.0,0.0,8,6,5,0.0,1.0
155,causal,235.03158039529006,0.8160981650660801,0.34602764379435313,8,5,6,0.0,1.0
155,causal_lcb,235.03158039529006,0.8160981650660801,0.34602764379435313,8,5,6,0.0,1.0
155,historical,151.94785290101098,83.89982565934517,35.57373393347785,2,3,2,4.0,9.0
155,rule_based,190.26135402146681,45.58632453888933,19.328714540314316,4,4,2,3.0,7.0
156,oracle,235.84767856035614,0.0,0.0,8,6,5,0.0,1.0
156,causal,235.8415397674334,0.006138792922740777,0.002602863407523339,7,6,6,0.0,1.0
156,causal_lcb,235.8415397674334,0.006138792922740777,0.002602863407523339,7,6,6,0.0,1.0
156,historical,151.94785290101098,83.89982565934517,35.57373393347785,2,3,2,4.0,9.0
156,rule_based,190.26135402146681,45.58632453888933,19.328714540314316,4,4,2,3.0,7.0
157,oracle,235.84767856035614,0.0,0.0,8,6,5,0.0,1.0
157,causal,234.54396842136072,1.3037101389954273,0.5527763287531333,8,5,5,0.0,2.0
157,causal_lcb,234.54396842136072,1.3037101389954273,0.5527763287531333,8,5,5,0.0,2.0
157,historical,151.94785290101098,83.89982565934517,35.57373393347785,2,3,2,4.0,9.0
157,rule_based,190.26135402146681,45.58632453888933,19.328714540314316,4,4,2,3.0,7.0
158,oracle,235.84767856035614,0.0,0.0,8,6,5,0.0,1.0
158,causal,235.03158039529006,0.8160981650660801,0.34602764379435313,8,5,6,0.0,1.0
158,causal_lcb,235.03158039529006,0.8160981650660801,0.34602764379435313,8,5,6,0.0,1.0
158,historical,151.94785290101098,83.89982565934517,35.57373393347785,2,3,2,4.0,9.0
158,rule_based,190.26135402146681,45.58632453888933,19.328714540314316,4,4,2,3.0,7.0
159,oracle,235.84767856035614,0.0,0.0,8,6,5,0.0,1.0
159,causal,235.8415397674334,0.006138792922740777,0.002602863407523339,7,6,6,0.0,1.0
159,causal_lcb,235.8415397674334,0.006138792922740777,0.002602863407523339,7,6,6,0.0,1.0
159,historical,151.94785290101098,83.89982565934517,35.57373393347785,2,3,2,4.0,9.0
159,rule_based,190.26135402146681,45.58632453888933,19.328714540314316,4,4,2,3.0,7.0
160,oracle,235.84767856035614,0.0,0.0,8,6,5,0.0,1.0
160,causal,235.8415397674334,0.006138792922740777,0.002602863407523339,7,6,6,0.0,1.0
160,causal_lcb,235.8415397674334,0.006138792922740777,0.002602863407523339,7,6,6,0.0,1.0
160,historical,151.94785290101098,83.89982565934517,35.57373393347785,2,3,2,4.0,9.0
160,rule_based,190.26135402146681,45.58632453888933,19.328714540314316,4,4,2,3.0,7.0
161,oracle,235.84767856035614,0.0,0.0,8,6,5,0.0,1.0
161,causal,235.29371732255282,0.5539612378033212,0.23488093721539688,7,7,5,0.0,1.0
161,causal_lcb,235.29371732255282,0.5539612378033212,0.23488093721539688,7,7,5,0.0,1.0
161,historical,151.94785290101098,83.89982565934517,35.57373393347785,2,3,2,4.0,9.0
161,rule_based,190.26135402146681,45.58632453888933,19.328714540314316,4,4,2,3.0,7.0
162,oracle,235.84767856035614,0.0,0.0,8,6,5,0.0,1.0
162,causal,235.84767856035614,0.0,0.0,8,6,5,0.0,1.0
162,causal_lcb,235.84767856035614,0.0,0.0,8,6,5,0.0,1.0
162,historical,151.94785290101098,83.89982565934517,35.57373393347785,2,3,2,4.0,9.0
162,rule_based,190.26135402146681,45.58632453888933,19.328714540314316,4,4,2,3.0,7.0
163,oracle,235.84767856035614,0.0,0.0,8,6,5,0.0,1.0
163,causal,235.35392779350406,0.49375076685208796,0.20935154836630349,7,6,5,0.0,2.0
163,causal_lcb,235.35392779350406,0.49375076685208796,0.20935154836630349,7,6,5,0.0,2.0
163,historical,151.94785290101098,83.89982565934517,35.57373393347785,2,3,2,4.0,9.0
163,rule_based,190.26135402146681,45.58632453888933,19.328714540314316,4,4,2,3.0,7.0
164,oracle,235.84767856035614,0.0,0.0,8,6,5,0.0,1.0
164,causal,235.03158039529006,0.8160981650660801,0.34602764379435313,8,5,6,0.0,1.0
164,causal_lcb,235.03158039529006,0.8160981650660801,0.34602764379435313,8,5,6,0.0,1.0
164,historical,151.94785290101098,83.89982565934517,35.57373393347785,2,3,2,4.0,9.0
164,rule_based,190.26135402146681,45.58632453888933,19.328714540314316,4,4,2,3.0,7.0
165,oracle,235.84767856035614,0.0,0.0,8,6,5,0.0,1.0
165,causal,234.70495745359634,1.142721106759808,0.484516580250067,8,6,6,0.0,0.0
165,causal_lcb,234.70495745359634,1.142721106759808,0.484516580250067,8,6,6,0.0,0.0
165,historical,151.94785290101098,83.89982565934517,35.57373393347785,2,3,2,4.0,9.0
165,rule_based,190.26135402146681,45.58632453888933,19.328714540314316,4,4,2,3.0,7.0
166,oracle,235.84767856035614,0.0,0.0,8,6,5,0.0,1.0
166,causal,233.95510032902587,1.8925782313302761,0.8024578587683421,6,7,6,0.0,1.0
166,causal_lcb,233.95510032902587,1.8925782313302761,0.8024578587683421,6,7,6,0.0,1.0
166,historical,151.94785290101098,83.89982565934517,35.57373393347785,2,3,2,4.0,9.0
166,rule_based,190.26135402146681,45.58632453888933,19.328714540314316,4,4,2,3.0,7.0
167,oracle,235.84767856035614,0.0,0.0,8,6,5,0.0,1.0
167,causal,235.84767856035614,0.0,0.0,8,6,5,0.0,1.0
167,causal_lcb,235.84767856035614,0.0,0.0,8,6,5,0.0,1.0
167,historical,151.94785290101098,83.89982565934517,35.57373393347785,2,3,2,4.0,9.0
167,rule_based,190.26135402146681,45.58632453888933,19.328714540314316,4,4,2,3.0,7.0
168,oracle,235.84767856035614,0.0,0.0,8,6,5,0.0,1.0
168,causal,235.8415397674334,0.006138792922740777,0.002602863407523339,7,6,6,0.0,1.0
168,causal_lcb,235.8415397674334,0.006138792922740777,0.002602863407523339,7,6,6,0.0,1.0
168,historical,151.94785290101098,83.89982565934517,35.57373393347785,2,3,2,4.0,9.0
168,rule_based,190.26135402146681,45.58632453888933,19.328714540314316,4,4,2,3.0,7.0
169,oracle,235.84767856035614,0.0,0.0,8,6,5,0.0,1.0
169,causal,235.84767856035614,0.0,0.0,8,6,5,0.0,1.0
169,causal_lcb,235.84767856035614,0.0,0.0,8,6,5,0.0,1.0
169,historical,151.94785290101098,83.89982565934517,35.57373393347785,2,3,2,4.0,9.0
169,rule_based,190.26135402146681,45.58632453888933,19.328714540314316,4,4,2,3.0,7.0
170,oracle,235.84767856035614,0.0,0.0,8,6,5,0.0,1.0
170,causal,234.1843364015408,1.6633421588153396,0.7052611961112313,7,5,7,0.0,1.0
170,causal_lcb,234.1843364015408,1.6633421588153396,0.7052611961112313,7,5,7,0.0,1.0
170,historical,151.94785290101098,83.89982565934517,35.57373393347785,2,3,2,4.0,9.0
170,rule_based,190.26135402146681,45.58632453888933,19.328714540314316,4,4,2,3.0,7.0
171,oracle,235.84767856035614,0.0,0.0,8,6,5,0.0,1.0
171,causal,234.70495745359634,1.142721106759808,0.484516580250067,8,6,6,0.0,0.0
171,causal_lcb,234.70495745359634,1.142721106759808,0.484516580250067,8,6,6,0.0,0.0
171,historical,151.94785290101098,83.89982565934517,35.57373393347785,2,3,2,4.0,9.0
171,rule_based,190.26135402146681,45.58632453888933,19.328714540314316,4,4,2,3.0,7.0
172,oracle,235.84767856035614,0.0,0.0,8,6,5,0.0,1.0
172,causal,235.8415397674334,0.006138792922740777,0.002602863407523339,7,6,6,0.0,1.0
172,causal_lcb,235.8415397674334,0.006138792922740777,0.002602863407523339,7,6,6,0.0,1.0
172,historical,151.94785290101098,83.89982565934517,35.57373393347785,2,3,2,4.0,9.0
172,rule_based,190.26135402146681,45.58632453888933,19.328714540314316,4,4,2,3.0,7.0
173,oracle,235.84767856035614,0.0,0.0,8,6,5,0.0,1.0
173,causal,234.15713500871573,1.6905435516404168,0.7167946540579526,8,7,5,0.0,0.0
173,causal_lcb,234.15713500871573,1.6905435516404168,0.7167946540579526,8,7,5,0.0,0.0
173,historical,151.94785290101098,83.89982565934517,35.57373393347785,2,3,2,4.0,9.0
173,rule_based,190.26135402146681,45.58632453888933,19.328714540314316,4,4,2,3.0,7.0
174,oracle,235.84767856035614,0.0,0.0,8,6,5,0.0,1.0
174,causal,235.84767856035614,0.0,0.0,8,6,5,0.0,1.0
174,causal_lcb,235.84767856035614,0.0,0.0,8,6,5,0.0,1.0
174,historical,151.94785290101098,83.89982565934517,35.57373393347785,2,3,2,4.0,9.0
174,rule_based,190.26135402146681,45.58632453888933,19.328714540314316,4,4,2,3.0,7.0
175,oracle,235.84767856035614,0.0,0.0,8,6,5,0.0,1.0
175,causal,235.8415397674334,0.006138792922740777,0.002602863407523339,7,6,6,0.0,1.0
175,causal_lcb,235.8415397674334,0.006138792922740777,0.002602863407523339,7,6,6,0.0,1.0
175,historical,151.94785290101098,83.89982565934517,35.57373393347785,2,3,2,4.0,9.0
175,rule_based,190.26135402146681,45.58632453888933,19.328714540314316,4,4,2,3.0,7.0
176,oracle,235.84767856035614,0.0,0.0,8,6,5,0.0,1.0
176,causal,235.03158039529006,0.8160981650660801,0.34602764379435313,8,5,6,0.0,1.0
176,causal_lcb,235.03158039529006,0.8160981650660801,0.34602764379435313,8,5,6,0.0,1.0
176,historical,151.94785290101098,83.89982565934517,35.57373393347785,2,3,2,4.0,9.0
176,rule_based,190.26135402146681,45.58632453888933,19.328714540314316,4,4,2,3.0,7.0
177,oracle,235.84767856035614,0.0,0.0,8,6,5,0.0,1.0
177,causal,234.050595058544,1.7970835018121534,0.7619678568734604,9,5,5,0.0,1.0
177,causal_lcb,234.050595058544,1.7970835018121534,0.7619678568734604,9,5,5,0.0,1.0
177,historical,151.94785290101098,83.89982565934517,35.57373393347785,2,3,2,4.0,9.0
177,rule_based,190.26135402146681,45.58632453888933,19.328714540314316,4,4,2,3.0,7.0
178,oracle,235.84767856035614,0.0,0.0,8,6,5,0.0,1.0
178,causal,234.70495745359634,1.142721106759808,0.484516580250067,8,6,6,0.0,0.0
178,causal_lcb,234.70495745359634,1.142721106759808,0.484516580250067,8,6,6,0.0,0.0
178,historical,151.94785290101098,83.89982565934517,35.57373393347785,2,3,2,4.0,9.0
178,rule_based,190.26135402146681,45.58632453888933,19.328714540314316,4,4,2,3.0,7.0
179,oracle,235.84767856035614,0.0,0.0,8,6,5,0.0,1.0
179,causal,235.84767856035614,0.0,0.0,8,6,5,0.0,1.0
179,causal_lcb,235.84767856035614,0.0,0.0,8,6,5,0.0,1.0
179,historical,151.94785290101098,83.89982565934517,35.57373393347785,2,3,2,4.0,9.0
179,rule_based,190.26135402146681,45.58632453888933,19.328714540314316,4,4,2,3.0,7.0
180,oracle,235.84767856035614,0.0,0.0,8,6,5,0.0,1.0
180,causal,234.050595058544,1.7970835018121534,0.7619678568734604,9,5,5,0.0,1.0
180,causal_lcb,234.050595058544,1.7970835018121534,0.7619678568734604,9,5,5,0.0,1.0
180,historical,151.94785290101098,83.89982565934517,35.57373393347785,2,3,2,4.0,9.0
180,rule_based,190.26135402146681,45.58632453888933,19.328714540314316,4,4,2,3.0,7.0
181,oracle,235.84767856035614,0.0,0.0,8,6,5,0.0,1.0
181,causal,235.84767856035614,0.0,0.0,8,6,5,0.0,1.0
181,causal_lcb,235.84767856035614,0.0,0.0,8,6,5,0.0,1.0
181,historical,151.94785290101098,83.89982565934517,35.57373393347785,2,3,2,4.0,9.0
181,rule_based,190.26135402146681,45.58632453888933,19.328714540314316,4,4,2,3.0,7.0
182,oracle,235.84767856035614,0.0,0.0,8,6,5,0.0,1.0
182,causal,235.29371732255282,0.5539612378033212,0.23488093721539688,7,7,5,0.0,1.0
182,causal_lcb,235.29371732255282,0.5539612378033212,0.23488093721539688,7,7,5,0.0,1.0
182,historical,151.94785290101098,83.89982565934517,35.57373393347785,2,3,2,4.0,9.0
182,rule_based,190.26135402146681,45.58632453888933,19.328714540314316,4,4,2,3.0,7.0
183,oracle,235.84767856035614,0.0,0.0,8,6,5,0.0,1.0
183,causal,235.84767856035614,0.0,0.0,8,6,5,0.0,1.0
183,causal_lcb,235.84767856035614,0.0,0.0,8,6,5,0.0,1.0
183,historical,151.94785290101098,83.89982565934517,35.57373393347785,2,3,2,4.0,9.0
183,rule_based,190.26135402146681,45.58632453888933,19.328714540314316,4,4,2,3.0,7.0
184,oracle,235.84767856035614,0.0,0.0,8,6,5,0.0,1.0
184,causal,235.35392779350406,0.49375076685208796,0.20935154836630349,7,6,5,0.0,2.0
184,causal_lcb,235.35392779350406,0.49375076685208796,0.20935154836630349,7,6,5,0.0,2.0
184,historical,151.94785290101098,83.89982565934517,35.57373393347785,2,3,2,4.0,9.0
184,rule_based,190.26135402146681,45.58632453888933,19.328714540314316,4,4,2,3.0,7.0
185,oracle,235.84767856035614,0.0,0.0,8,6,5,0.0,1.0
185,causal,235.84767856035614,0.0,0.0,8,6,5,0.0,1.0
185,causal_lcb,235.84767856035614,0.0,0.0,8,6,5,0.0,1.0
185,historical,151.94785290101098,83.89982565934517,35.57373393347785,2,3,2,4.0,9.0
185,rule_based,190.26135402146681,45.58632453888933,19.328714540314316,4,4,2,3.0,7.0
186,oracle,235.84767856035614,0.0,0.0,8,6,5,0.0,1.0
186,causal,234.70495745359634,1.142721106759808,0.484516580250067,8,6,6,0.0,0.0
186,causal_lcb,234.70495745359634,1.142721106759808,0.484516580250067,8,6,6,0.0,0.0
186,historical,151.94785290101098,83.89982565934517,35.57373393347785,2,3,2,4.0,9.0
186,rule_based,190.26135402146681,45.58632453888933,19.328714540314316,4,4,2,3.0,7.0
187,oracle,235.84767856035614,0.0,0.0,8,6,5,0.0,1.0
187,causal,235.29371732255282,0.5539612378033212,0.23488093721539688,7,7,5,0.0,1.0
187,causal_lcb,235.29371732255282,0.5539612378033212,0.23488093721539688,7,7,5,0.0,1.0
187,historical,151.94785290101098,83.89982565934517,35.57373393347785,2,3,2,4.0,9.0
187,rule_based,190.26135402146681,45.58632453888933,19.328714540314316,4,4,2,3.0,7.0
188,oracle,235.84767856035614,0.0,0.0,8,6,5,0.0,1.0
188,causal,232.90787395178418,2.9398046085719614,1.2464844371235273,9,5,6,0.0,0.0
188,causal_lcb,232.90787395178418,2.9398046085719614,1.2464844371235273,9,5,6,0.0,0.0
188,historical,151.94785290101098,83.89982565934517,35.57373393347785,2,3,2,4.0,9.0
188,rule_based,190.26135402146681,45.58632453888933,19.328714540314316,4,4,2,3.0,7.0
189,oracle,235.84767856035614,0.0,0.0,8,6,5,0.0,1.0
189,causal,235.29371732255282,0.5539612378033212,0.23488093721539688,7,7,5,0.0,1.0
189,causal_lcb,235.29371732255282,0.5539612378033212,0.23488093721539688,7,7,5,0.0,1.0
189,historical,151.94785290101098,83.89982565934517,35.57373393347785,2,3,2,4.0,9.0
189,rule_based,190.26135402146681,45.58632453888933,19.328714540314316,4,4,2,3.0,7.0
190,oracle,235.84767856035614,0.0,0.0,8,6,5,0.0,1.0
190,causal,235.29371732255282,0.5539612378033212,0.23488093721539688,7,7,5,0.0,1.0
190,causal_lcb,235.29371732255282,0.5539612378033212,0.23488093721539688,7,7,5,0.0,1.0
190,historical,151.94785290101098,83.89982565934517,35.57373393347785,2,3,2,4.0,9.0
190,rule_based,190.26135402146681,45.58632453888933,19.328714540314316,4,4,2,3.0,7.0
191,oracle,235.84767856035614,0.0,0.0,8,6,5,0.0,1.0
191,causal,235.84767856035614,0.0,0.0,8,6,5,0.0,1.0
191,causal_lcb,235.84767856035614,0.0,0.0,8,6,5,0.0,1.0
191,historical,151.94785290101098,83.89982565934517,35.57373393347785,2,3,2,4.0,9.0
191,rule_based,190.26135402146681,45.58632453888933,19.328714540314316,4,4,2,3.0,7.0
192,oracle,235.84767856035614,0.0,0.0,8,6,5,0.0,1.0
192,causal,233.95510032902587,1.8925782313302761,0.8024578587683421,6,7,6,0.0,1.0
192,causal_lcb,233.95510032902587,1.8925782313302761,0.8024578587683421,6,7,6,0.0,1.0
192,historical,151.94785290101098,83.89982565934517,35.57373393347785,2,3,2,4.0,9.0
192,rule_based,190.26135402146681,45.58632453888933,19.328714540314316,4,4,2,3.0,7.0
193,oracle,235.84767856035614,0.0,0.0,8,6,5,0.0,1.0
193,causal,235.35392779350406,0.49375076685208796,0.20935154836630349,7,6,5,0.0,2.0
193,causal_lcb,235.35392779350406,0.49375076685208796,0.20935154836630349,7,6,5,0.0,2.0
193,historical,151.94785290101098,83.89982565934517,35.57373393347785,2,3,2,4.0,9.0
193,rule_based,190.26135402146681,45.58632453888933,19.328714540314316,4,4,2,3.0,7.0
194,oracle,235.84767856035614,0.0,0.0,8,6,5,0.0,1.0
194,causal,235.8415397674334,0.006138792922740777,0.002602863407523339,7,6,6,0.0,1.0
194,causal_lcb,235.8415397674334,0.006138792922740777,0.002602863407523339,7,6,6,0.0,1.0
194,historical,151.94785290101098,83.89982565934517,35.57373393347785,2,3,2,4.0,9.0
194,rule_based,190.26135402146681,45.58632453888933,19.328714540314316,4,4,2,3.0,7.0
195,oracle,235.84767856035614,0.0,0.0,8,6,5,0.0,1.0
195,causal,235.8415397674334,0.006138792922740777,0.002602863407523339,7,6,6,0.0,1.0
195,causal_lcb,235.8415397674334,0.006138792922740777,0.002602863407523339,7,6,6,0.0,1.0
195,historical,151.94785290101098,83.89982565934517,35.57373393347785,2,3,2,4.0,9.0
195,rule_based,190.26135402146681,45.58632453888933,19.328714540314316,4,4,2,3.0,7.0
196,oracle,235.84767856035614,0.0,0.0,8,6,5,0.0,1.0
196,causal,235.29371732255282,0.5539612378033212,0.23488093721539688,7,7,5,0.0,1.0
196,causal_lcb,235.29371732255282,0.5539612378033212,0.23488093721539688,7,7,5,0.0,1.0
196,historical,151.94785290101098,83.89982565934517,35.57373393347785,2,3,2,4.0,9.0
196,rule_based,190.26135402146681,45.58632453888933,19.328714540314316,4,4,2,3.0,7.0
197,oracle,235.84767856035614,0.0,0.0,8,6,5,0.0,1.0
197,causal,235.29371732255282,0.5539612378033212,0.23488093721539688,7,7,5,0.0,1.0
197,causal_lcb,235.29371732255282,0.5539612378033212,0.23488093721539688,7,7,5,0.0,1.0
197,historical,151.94785290101098,83.89982565934517,35.57373393347785,2,3,2,4.0,9.0
197,rule_based,190.26135402146681,45.58632453888933,19.328714540314316,4,4,2,3.0,7.0
198,oracle,235.84767856035614,0.0,0.0,8,6,5,0.0,1.0
198,causal,235.29371732255282,0.5539612378033212,0.23488093721539688,7,7,5,0.0,1.0
198,causal_lcb,235.29371732255282,0.5539612378033212,0.23488093721539688,7,7,5,0.0,1.0
198,historical,151.94785290101098,83.89982565934517,35.57373393347785,2,3,2,4.0,9.0
198,rule_based,190.26135402146681,45.58632453888933,19.328714540314316,4,4,2,3.0,7.0
199,oracle,235.84767856035614,0.0,0.0,8,6,5,0.0,1.0
199,causal,235.84767856035614,0.0,0.0,8,6,5,0.0,1.0
199,causal_lcb,235.84767856035614,0.0,0.0,8,6,5,0.0,1.0
199,historical,151.94785290101098,83.89982565934517,35.57373393347785,2,3,2,4.0,9.0
199,rule_based,190.26135402146681,45.58632453888933,19.328714540314316,4,4,2,3.0,7.0
200,oracle,235.84767856035614,0.0,0.0,8,6,5,0.0,1.0
200,causal,234.70495745359634,1.142721106759808,0.484516580250067,8,6,6,0.0,0.0
200,causal_lcb,234.70495745359634,1.142721106759808,0.484516580250067,8,6,6,0.0,0.0
200,historical,151.94785290101098,83.89982565934517,35.57373393347785,2,3,2,4.0,9.0
200,rule_based,190.26135402146681,45.58632453888933,19.328714540314316,4,4,2,3.0,7.0
201,oracle,235.84767856035614,0.0,0.0,8,6,5,0.0,1.0
201,causal,235.03158039529006,0.8160981650660801,0.34602764379435313,8,5,6,0.0,1.0
201,causal_lcb,235.03158039529006,0.8160981650660801,0.34602764379435313,8,5,6,0.0,1.0
201,historical,151.94785290101098,83.89982565934517,35.57373393347785,2,3,2,4.0,9.0
201,rule_based,190.26135402146681,45.58632453888933,19.328714540314316,4,4,2,3.0,7.0
202,oracle,235.84767856035614,0.0,0.0,8,6,5,0.0,1.0
202,causal,233.78669276764055,2.0609857927155986,0.8738630820095897,9,6,4,0.0,1.0
202,causal_lcb,233.78669276764055,2.0609857927155986,0.8738630820095897,9,6,4,0.0,1.0
202,historical,151.94785290101098,83.89982565934517,35.57373393347785,2,3,2,4.0,9.0
202,rule_based,190.26135402146681,45.58632453888933,19.328714540314316,4,4,2,3.0,7.0
203,oracle,235.84767856035614,0.0,0.0,8,6,5,0.0,1.0
203,causal,235.84767856035614,0.0,0.0,8,6,5,0.0,1.0
203,causal_lcb,235.84767856035614,0.0,0.0,8,6,5,0.0,1.0
203,historical,151.94785290101098,83.89982565934517,35.57373393347785,2,3,2,4.0,9.0
203,rule_based,190.26135402146681,45.58632453888933,19.328714540314316,4,4,2,3.0,7.0
204,oracle,235.84767856035614,0.0,0.0,8,6,5,0.0,1.0
204,causal,234.70495745359634,1.142721106759808,0.484516580250067,8,6,6,0.0,0.0
204,causal_lcb,234.70495745359634,1.142721106759808,0.484516580250067,8,6,6,0.0,0.0
204,historical,151.94785290101098,83.89982565934517,35.57373393347785,2,3,2,4.0,9.0
204,rule_based,190.26135402146681,45.58632453888933,19.328714540314316,4,4,2,3.0,7.0
205,oracle,235.84767856035614,0.0,0.0,8,6,5,0.0,1.0
205,causal,233.95510032902587,1.8925782313302761,0.8024578587683421,6,7,6,0.0,1.0
205,causal_lcb,233.95510032902587,1.8925782313302761,0.8024578587683421,6,7,6,0.0,1.0
205,historical,151.94785290101098,83.89982565934517,35.57373393347785,2,3,2,4.0,9.0
205,rule_based,190.26135402146681,45.58632453888933,19.328714540314316,4,4,2,3.0,7.0
206,oracle,235.84767856035614,0.0,0.0,8,6,5,0.0,1.0
206,causal,235.84767856035614,0.0,0.0,8,6,5,0.0,1.0
206,causal_lcb,235.84767856035614,0.0,0.0,8,6,5,0.0,1.0
206,historical,151.94785290101098,83.89982565934517,35.57373393347785,2,3,2,4.0,9.0
206,rule_based,190.26135402146681,45.58632453888933,19.328714540314316,4,4,2,3.0,7.0
207,oracle,235.84767856035614,0.0,0.0,8,6,5,0.0,1.0
207,causal,233.78669276764055,2.0609857927155986,0.8738630820095897,9,6,4,0.0,1.0
207,causal_lcb,233.78669276764055,2.0609857927155986,0.8738630820095897,9,6,4,0.0,1.0
207,historical,151.94785290101098,83.89982565934517,35.57373393347785,2,3,2,4.0,9.0
207,rule_based,190.26135402146681,45.58632453888933,19.328714540314316,4,4,2,3.0,7.0
208,oracle,235.84767856035614,0.0,0.0,8,6,5,0.0,1.0
208,causal,234.050595058544,1.7970835018121534,0.7619678568734604,9,5,5,0.0,1.0
208,causal_lcb,234.050595058544,1.7970835018121534,0.7619678568734604,9,5,5,0.0,1.0
208,historical,151.94785290101098,83.89982565934517,35.57373393347785,2,3,2,4.0,9.0
208,rule_based,190.26135402146681,45.58632453888933,19.328714540314316,4,4,2,3.0,7.0
209,oracle,235.84767856035614,0.0,0.0,8,6,5,0.0,1.0
209,causal,235.03158039529006,0.8160981650660801,0.34602764379435313,8,5,6,0.0,1.0
209,causal_lcb,235.03158039529006,0.8160981650660801,0.34602764379435313,8,5,6,0.0,1.0
209,historical,151.94785290101098,83.89982565934517,35.57373393347785,2,3,2,4.0,9.0
209,rule_based,190.26135402146681,45.58632453888933,19.328714540314316,4,4,2,3.0,7.0
210,oracle,235.84767856035614,0.0,0.0,8,6,5,0.0,1.0
210,causal,235.84767856035614,0.0,0.0,8,6,5,0.0,1.0
210,causal_lcb,235.84767856035614,0.0,0.0,8,6,5,0.0,1.0
210,historical,151.94785290101098,83.89982565934517,35.57373393347785,2,3,2,4.0,9.0
210,rule_based,190.26135402146681,45.58632453888933,19.328714540314316,4,4,2,3.0,7.0
211,oracle,235.84767856035614,0.0,0.0,8,6,5,0.0,1.0
211,causal,233.85771345984708,1.9899651005090675,0.8437501325669451,7,6,7,0.0,0.0
211,causal_lcb,233.85771345984708,1.9899651005090675,0.8437501325669451,7,6,7,0.0,0.0
211,historical,151.94785290101098,83.89982565934517,35.57373393347785,2,3,2,4.0,9.0
211,rule_based,190.26135402146681,45.58632453888933,19.328714540314316,4,4,2,3.0,7.0
212,oracle,235.84767856035614,0.0,0.0,8,6,5,0.0,1.0
212,causal,235.84767856035614,0.0,0.0,8,6,5,0.0,1.0
212,causal_lcb,235.84767856035614,0.0,0.0,8,6,5,0.0,1.0
212,historical,151.94785290101098,83.89982565934517,35.57373393347785,2,3,2,4.0,9.0
212,rule_based,190.26135402146681,45.58632453888933,19.328714540314316,4,4,2,3.0,7.0
213,oracle,235.84767856035614,0.0,0.0,8,6,5,0.0,1.0
213,causal,235.84767856035614,0.0,0.0,8,6,5,0.0,1.0
213,causal_lcb,235.84767856035614,0.0,0.0,8,6,5,0.0,1.0
213,historical,151.94785290101098,83.89982565934517,35.57373393347785,2,3,2,4.0,9.0
213,rule_based,190.26135402146681,45.58632453888933,19.328714540314316,4,4,2,3.0,7.0
214,oracle,235.84767856035614,0.0,0.0,8,6,5,0.0,1.0
214,causal,235.84767856035614,0.0,0.0,8,6,5,0.0,1.0
214,causal_lcb,235.84767856035614,0.0,0.0,8,6,5,0.0,1.0
214,historical,151.94785290101098,83.89982565934517,35.57373393347785,2,3,2,4.0,9.0
214,rule_based,190.26135402146681,45.58632453888933,19.328714540314316,4,4,2,3.0,7.0
215,oracle,235.84767856035614,0.0,0.0,8,6,5,0.0,1.0
215,causal,235.84767856035614,0.0,0.0,8,6,5,0.0,1.0
215,causal_lcb,235.84767856035614,0.0,0.0,8,6,5,0.0,1.0
215,historical,151.94785290101098,83.89982565934517,35.57373393347785,2,3,2,4.0,9.0
215,rule_based,190.26135402146681,45.58632453888933,19.328714540314316,4,4,2,3.0,7.0
216,oracle,235.84767856035614,0.0,0.0,8,6,5,0.0,1.0
216,causal,235.8415397674334,0.006138792922740777,0.002602863407523339,7,6,6,0.0,1.0
216,causal_lcb,235.8415397674334,0.006138792922740777,0.002602863407523339,7,6,6,0.0,1.0
216,historical,151.94785290101098,83.89982565934517,35.57373393347785,2,3,2,4.0,9.0
216,rule_based,190.26135402146681,45.58632453888933,19.328714540314316,4,4,2,3.0,7.0
217,oracle,235.84767856035614,0.0,0.0,8,6,5,0.0,1.0
217,causal,235.8415397674334,0.006138792922740777,0.002602863407523339,7,6,6,0.0,1.0
217,causal_lcb,235.8415397674334,0.006138792922740777,0.002602863407523339,7,6,6,0.0,1.0
217,historical,151.94785290101098,83.89982565934517,35.57373393347785,2,3,2,4.0,9.0
217,rule_based,190.26135402146681,45.58632453888933,19.328714540314316,4,4,2,3.0,7.0
218,oracle,235.84767856035614,0.0,0.0,8,6,5,0.0,1.0
218,causal,233.72397211685023,2.1237064435059096,0.9004567933291863,9,6,5,0.0,0.0
218,causal_lcb,233.72397211685023,2.1237064435059096,0.9004567933291863,9,6,5,0.0,0.0
218,historical,151.94785290101098,83.89982565934517,35.57373393347785,2,3,2,4.0,9.0
218,rule_based,190.26135402146681,45.58632453888933,19.328714540314316,4,4,2,3.0,7.0
219,oracle,235.84767856035614,0.0,0.0,8,6,5,0.0,1.0
219,causal,234.54396842136072,1.3037101389954273,0.5527763287531333,8,5,5,0.0,2.0
219,causal_lcb,234.54396842136072,1.3037101389954273,0.5527763287531333,8,5,5,0.0,2.0
219,historical,151.94785290101098,83.89982565934517,35.57373393347785,2,3,2,4.0,9.0
219,rule_based,190.26135402146681,45.58632453888933,19.328714540314316,4,4,2,3.0,7.0
220,oracle,235.84767856035614,0.0,0.0,8,6,5,0.0,1.0
220,causal,234.70495745359634,1.142721106759808,0.484516580250067,8,6,6,0.0,0.0
220,causal_lcb,234.70495745359634,1.142721106759808,0.484516580250067,8,6,6,0.0,0.0
220,historical,151.94785290101098,83.89982565934517,35.57373393347785,2,3,2,4.0,9.0
220,rule_based,190.26135402146681,45.58632453888933,19.328714540314316,4,4,2,3.0,7.0
221,oracle,235.84767856035614,0.0,0.0,8,6,5,0.0,1.0
221,causal,234.70495745359634,1.142721106759808,0.484516580250067,8,6,6,0.0,0.0
221,causal_lcb,234.70495745359634,1.142721106759808,0.484516580250067,8,6,6,0.0,0.0
221,historical,151.94785290101098,83.89982565934517,35.57373393347785,2,3,2,4.0,9.0
221,rule_based,190.26135402146681,45.58632453888933,19.328714540314316,4,4,2,3.0,7.0
222,oracle,235.84767856035614,0.0,0.0,8,6,5,0.0,1.0
222,causal,234.15099621579301,1.6966823445631292,0.7193975174654639,7,7,6,0.0,0.0
222,causal_lcb,234.15099621579301,1.6966823445631292,0.7193975174654639,7,7,6,0.0,0.0
222,historical,151.94785290101098,83.89982565934517,35.57373393347785,2,3,2,4.0,9.0
222,rule_based,190.26135402146681,45.58632453888933,19.328714540314316,4,4,2,3.0,7.0
223,oracle,235.84767856035614,0.0,0.0,8,6,5,0.0,1.0
223,causal,235.84767856035614,0.0,0.0,8,6,5,0.0,1.0
223,causal_lcb,235.84767856035614,0.0,0.0,8,6,5,0.0,1.0
223,historical,151.94785290101098,83.89982565934517,35.57373393347785,2,3,2,4.0,9.0
223,rule_based,190.26135402146681,45.58632453888933,19.328714540314316,4,4,2,3.0,7.0
224,oracle,235.84767856035614,0.0,0.0,8,6,5,0.0,1.0
224,causal,235.35392779350406,0.49375076685208796,0.20935154836630349,7,6,5,0.0,2.0
224,causal_lcb,235.35392779350406,0.49375076685208796,0.20935154836630349,7,6,5,0.0,2.0
224,historical,151.94785290101098,83.89982565934517,35.57373393347785,2,3,2,4.0,9.0
224,rule_based,190.26135402146681,45.58632453888933,19.328714540314316,4,4,2,3.0,7.0
225,oracle,235.84767856035614,0.0,0.0,8,6,5,0.0,1.0
225,causal,234.050595058544,1.7970835018121534,0.7619678568734604,9,5,5,0.0,1.0
225,causal_lcb,234.050595058544,1.7970835018121534,0.7619678568734604,9,5,5,0.0,1.0
225,historical,151.94785290101098,83.89982565934517,35.57373393347785,2,3,2,4.0,9.0
225,rule_based,190.26135402146681,45.58632453888933,19.328714540314316,4,4,2,3.0,7.0
226,oracle,235.84767856035614,0.0,0.0,8,6,5,0.0,1.0
226,causal,235.35392779350406,0.49375076685208796,0.20935154836630349,7,6,5,0.0,2.0
226,causal_lcb,235.35392779350406,0.49375076685208796,0.20935154836630349,7,6,5,0.0,2.0
226,historical,151.94785290101098,83.89982565934517,35.57373393347785,2,3,2,4.0,9.0
226,rule_based,190.26135402146681,45.58632453888933,19.328714540314316,4,4,2,3.0,7.0
227,oracle,235.84767856035614,0.0,0.0,8,6,5,0.0,1.0
227,causal,235.84767856035614,0.0,0.0,8,6,5,0.0,1.0
227,causal_lcb,235.84767856035614,0.0,0.0,8,6,5,0.0,1.0
227,historical,151.94785290101098,83.89982565934517,35.57373393347785,2,3,2,4.0,9.0
227,rule_based,190.26135402146681,45.58632453888933,19.328714540314316,4,4,2,3.0,7.0
228,oracle,235.84767856035614,0.0,0.0,8,6,5,0.0,1.0
228,causal,235.8415397674334,0.006138792922740777,0.002602863407523339,7,6,6,0.0,1.0
228,causal_lcb,235.8415397674334,0.006138792922740777,0.002602863407523339,7,6,6,0.0,1.0
228,historical,151.94785290101098,83.89982565934517,35.57373393347785,2,3,2,4.0,9.0
228,rule_based,190.26135402146681,45.58632453888933,19.328714540314316,4,4,2,3.0,7.0
229,oracle,235.84767856035614,0.0,0.0,8,6,5,0.0,1.0
229,causal,235.8415397674334,0.006138792922740777,0.002602863407523339,7,6,6,0.0,1.0
229,causal_lcb,235.8415397674334,0.006138792922740777,0.002602863407523339,7,6,6,0.0,1.0
229,historical,151.94785290101098,83.89982565934517,35.57373393347785,2,3,2,4.0,9.0
229,rule_based,190.26135402146681,45.58632453888933,19.328714540314316,4,4,2,3.0,7.0
230,oracle,235.84767856035614,0.0,0.0,8,6,5,0.0,1.0
230,causal,235.03158039529006,0.8160981650660801,0.34602764379435313,8,5,6,0.0,1.0
230,causal_lcb,235.03158039529006,0.8160981650660801,0.34602764379435313,8,5,6,0.0,1.0
230,historical,151.94785290101098,83.89982565934517,35.57373393347785,2,3,2,4.0,9.0
230,rule_based,190.26135402146681,45.58632453888933,19.328714540314316,4,4,2,3.0,7.0
231,oracle,235.84767856035614,0.0,0.0,8,6,5,0.0,1.0
231,causal,233.66181757307993,2.1858609872762145,0.9268104738698233,6,6,7,0.0,1.0
231,causal_lcb,233.66181757307993,2.1858609872762145,0.9268104738698233,6,6,7,0.0,1.0
231,historical,151.94785290101098,83.89982565934517,35.57373393347785,2,3,2,4.0,9.0
231,rule_based,190.26135402146681,45.58632453888933,19.328714540314316,4,4,2,3.0,7.0
232,oracle,235.84767856035614,0.0,0.0,8,6,5,0.0,1.0
232,causal,235.84767856035614,0.0,0.0,8,6,5,0.0,1.0
232,causal_lcb,235.84767856035614,0.0,0.0,8,6,5,0.0,1.0
232,historical,151.94785290101098,83.89982565934517,35.57373393347785,2,3,2,4.0,9.0
232,rule_based,190.26135402146681,45.58632453888933,19.328714540314316,4,4,2,3.0,7.0
233,oracle,235.84767856035614,0.0,0.0,8,6,5,0.0,1.0
233,causal,234.70495745359634,1.142721106759808,0.484516580250067,8,6,6,0.0,0.0
233,causal_lcb,234.70495745359634,1.142721106759808,0.484516580250067,8,6,6,0.0,0.0
233,historical,151.94785290101098,83.89982565934517,35.57373393347785,2,3,2,4.0,9.0
233,rule_based,190.26135402146681,45.58632453888933,19.328714540314316,4,4,2,3.0,7.0
234,oracle,235.84767856035614,0.0,0.0,8,6,5,0.0,1.0
234,causal,235.35392779350406,0.49375076685208796,0.20935154836630349,7,6,5,0.0,2.0
234,causal_lcb,235.35392779350406,0.49375076685208796,0.20935154836630349,7,6,5,0.0,2.0
234,historical,151.94785290101098,83.89982565934517,35.57373393347785,2,3,2,4.0,9.0
234,rule_based,190.26135402146681,45.58632453888933,19.328714540314316,4,4,2,3.0,7.0
235,oracle,235.84767856035614,0.0,0.0,8,6,5,0.0,1.0
235,causal,234.21985565950604,1.6278229008501057,0.6902009427383561,8,7,4,0.0,1.0
235,causal_lcb,234.21985565950604,1.6278229008501057,0.6902009427383561,8,7,4,0.0,1.0
235,historical,151.94785290101098,83.89982565934517,35.57373393347785,2,3,2,4.0,9.0
235,rule_based,190.26135402146681,45.58632453888933,19.328714540314316,4,4,2,3.0,7.0
236,oracle,235.84767856035614,0.0,0.0,8,6,5,0.0,1.0
236,causal,235.8415397674334,0.006138792922740777,0.002602863407523339,7,6,6,0.0,1.0
236,causal_lcb,235.8415397674334,0.006138792922740777,0.002602863407523339,7,6,6,0.0,1.0
236,historical,151.94785290101098,83.89982565934517,35.57373393347785,2,3,2,4.0,9.0
236,rule_based,190.26135402146681,45.58632453888933,19.328714540314316,4,4,2,3.0,7.0
237,oracle,235.84767856035614,0.0,0.0,8,6,5,0.0,1.0
237,causal,233.95510032902587,1.8925782313302761,0.8024578587683421,6,7,6,0.0,1.0
237,causal_lcb,233.95510032902587,1.8925782313302761,0.8024578587683421,6,7,6,0.0,1.0
237,historical,151.94785290101098,83.89982565934517,35.57373393347785,2,3,2,4.0,9.0
237,rule_based,190.26135402146681,45.58632453888933,19.328714540314316,4,4,2,3.0,7.0
238,oracle,235.84767856035614,0.0,0.0,8,6,5,0.0,1.0
238,causal,233.78669276764055,2.0609857927155986,0.8738630820095897,9,6,4,0.0,1.0
238,causal_lcb,233.78669276764055,2.0609857927155986,0.8738630820095897,9,6,4,0.0,1.0
238,historical,151.94785290101098,83.89982565934517,35.57373393347785,2,3,2,4.0,9.0
238,rule_based,190.26135402146681,45.58632453888933,19.328714540314316,4,4,2,3.0,7.0
239,oracle,235.84767856035614,0.0,0.0,8,6,5,0.0,1.0
239,causal,235.84767856035614,0.0,0.0,8,6,5,0.0,1.0
239,causal_lcb,235.84767856035614,0.0,0.0,8,6,5,0.0,1.0
239,historical,151.94785290101098,83.89982565934517,35.57373393347785,2,3,2,4.0,9.0
239,rule_based,190.26135402146681,45.58632453888933,19.328714540314316,4,4,2,3.0,7.0
240,oracle,235.84767856035614,0.0,0.0,8,6,5,0.0,1.0
240,causal,235.29371732255282,0.5539612378033212,0.23488093721539688,7,7,5,0.0,1.0
240,causal_lcb,235.29371732255282,0.5539612378033212,0.23488093721539688,7,7,5,0.0,1.0
240,historical,151.94785290101098,83.89982565934517,35.57373393347785,2,3,2,4.0,9.0
240,rule_based,190.26135402146681,45.58632453888933,19.328714540314316,4,4,2,3.0,7.0
241,oracle,235.84767856035614,0.0,0.0,8,6,5,0.0,1.0
241,causal,233.95510032902587,1.8925782313302761,0.8024578587683421,6,7,6,0.0,1.0
241,causal_lcb,233.95510032902587,1.8925782313302761,0.8024578587683421,6,7,6,0.0,1.0
241,historical,151.94785290101098,83.89982565934517,35.57373393347785,2,3,2,4.0,9.0
241,rule_based,190.26135402146681,45.58632453888933,19.328714540314316,4,4,2,3.0,7.0
242,oracle,235.84767856035614,0.0,0.0,8,6,5,0.0,1.0
242,causal,234.21985565950604,1.6278229008501057,0.6902009427383561,8,7,4,0.0,1.0
242,causal_lcb,234.21985565950604,1.6278229008501057,0.6902009427383561,8,7,4,0.0,1.0
242,historical,151.94785290101098,83.89982565934517,35.57373393347785,2,3,2,4.0,9.0
242,rule_based,190.26135402146681,45.58632453888933,19.328714540314316,4,4,2,3.0,7.0
243,oracle,235.84767856035614,0.0,0.0,8,6,5,0.0,1.0
243,causal,235.29371732255282,0.5539612378033212,0.23488093721539688,7,7,5,0.0,1.0
243,causal_lcb,235.29371732255282,0.5539612378033212,0.23488093721539688,7,7,5,0.0,1.0
243,historical,151.94785290101098,83.89982565934517,35.57373393347785,2,3,2,4.0,9.0
243,rule_based,190.26135402146681,45.58632453888933,19.328714540314316,4,4,2,3.0,7.0
244,oracle,235.84767856035614,0.0,0.0,8,6,5,0.0,1.0
244,causal,234.53782962843798,1.309848931918168,0.5553791921606566,7,5,6,0.0,2.0
244,causal_lcb,234.53782962843798,1.309848931918168,0.5553791921606566,7,5,6,0.0,2.0
244,historical,151.94785290101098,83.89982565934517,35.57373393347785,2,3,2,4.0,9.0
244,rule_based,190.26135402146681,45.58632453888933,19.328714540314316,4,4,2,3.0,7.0
245,oracle,235.84767856035614,0.0,0.0,8,6,5,0.0,1.0
245,causal,235.8415397674334,0.006138792922740777,0.002602863407523339,7,6,6,0.0,1.0
245,causal_lcb,235.8415397674334,0.006138792922740777,0.002602863407523339,7,6,6,0.0,1.0
245,historical,151.94785290101098,83.89982565934517,35.57373393347785,2,3,2,4.0,9.0
245,rule_based,190.26135402146681,45.58632453888933,19.328714540314316,4,4,2,3.0,7.0
246,oracle,235.84767856035614,0.0,0.0,8,6,5,0.0,1.0
246,causal,235.03158039529006,0.8160981650660801,0.34602764379435313,8,5,6,0.0,1.0
246,causal_lcb,235.03158039529006,0.8160981650660801,0.34602764379435313,8,5,6,0.0,1.0
246,historical,151.94785290101098,83.89982565934517,35.57373393347785,2,3,2,4.0,9.0
246,rule_based,190.26135402146681,45.58632453888933,19.328714540314316,4,4,2,3.0,7.0
247,oracle,235.84767856035614,0.0,0.0,8,6,5,0.0,1.0
247,causal,235.29371732255282,0.5539612378033212,0.23488093721539688,7,7,5,0.0,1.0
247,causal_lcb,235.29371732255282,0.5539612378033212,0.23488093721539688,7,7,5,0.0,1.0
247,historical,151.94785290101098,83.89982565934517,35.57373393347785,2,3,2,4.0,9.0
247,rule_based,190.26135402146681,45.58632453888933,19.328714540314316,4,4,2,3.0,7.0
248,oracle,235.84767856035614,0.0,0.0,8,6,5,0.0,1.0
248,causal,235.35392779350406,0.49375076685208796,0.20935154836630349,7,6,5,0.0,2.0
248,causal_lcb,235.35392779350406,0.49375076685208796,0.20935154836630349,7,6,5,0.0,2.0
248,historical,151.94785290101098,83.89982565934517,35.57373393347785,2,3,2,4.0,9.0
248,rule_based,190.26135402146681,45.58632453888933,19.328714540314316,4,4,2,3.0,7.0
249,oracle,235.84767856035614,0.0,0.0,8,6,5,0.0,1.0
249,causal,234.0153107999771,1.832367760379043,0.7769284699192487,6,6,6,0.0,2.0
249,causal_lcb,234.0153107999771,1.832367760379043,0.7769284699192487,6,6,6,0.0,2.0
249,historical,151.94785290101098,83.89982565934517,35.57373393347785,2,3,2,4.0,9.0
249,rule_based,190.26135402146681,45.58632453888933,19.328714540314316,4,4,2,3.0,7.0
250,oracle,235.84767856035614,0.0,0.0,8,6,5,0.0,1.0
250,causal,235.29371732255282,0.5539612378033212,0.23488093721539688,7,7,5,0.0,1.0
250,causal_lcb,235.29371732255282,0.5539612378033212,0.23488093721539688,7,7,5,0.0,1.0
250,historical,151.94785290101098,83.89982565934517,35.57373393347785,2,3,2,4.0,9.0
250,rule_based,190.26135402146681,45.58632453888933,19.328714540314316,4,4,2,3.0,7.0
251,oracle,235.84767856035614,0.0,0.0,8,6,5,0.0,1.0
251,causal,234.15099621579301,1.6966823445631292,0.7193975174654639,7,7,6,0.0,0.0
251,causal_lcb,234.15099621579301,1.6966823445631292,0.7193975174654639,7,7,6,0.0,0.0
251,historical,151.94785290101098,83.89982565934517,35.57373393347785,2,3,2,4.0,9.0
251,rule_based,190.26135402146681,45.58632453888933,19.328714540314316,4,4,2,3.0,7.0
252,oracle,235.84767856035614,0.0,0.0,8,6,5,0.0,1.0
252,causal,235.84767856035614,0.0,0.0,8,6,5,0.0,1.0
252,causal_lcb,235.84767856035614,0.0,0.0,8,6,5,0.0,1.0
252,historical,151.94785290101098,83.89982565934517,35.57373393347785,2,3,2,4.0,9.0
252,rule_based,190.26135402146681,45.58632453888933,19.328714540314316,4,4,2,3.0,7.0
253,oracle,235.84767856035614,0.0,0.0,8,6,5,0.0,1.0
253,causal,235.03158039529006,0.8160981650660801,0.34602764379435313,8,5,6,0.0,1.0
253,causal_lcb,235.03158039529006,0.8160981650660801,0.34602764379435313,8,5,6,0.0,1.0
253,historical,151.94785290101098,83.89982565934517,35.57373393347785,2,3,2,4.0,9.0
253,rule_based,190.26135402146681,45.58632453888933,19.328714540314316,4,4,2,3.0,7.0
254,oracle,235.84767856035614,0.0,0.0,8,6,5,0.0,1.0
254,causal,235.03158039529006,0.8160981650660801,0.34602764379435313,8,5,6,0.0,1.0
254,causal_lcb,235.03158039529006,0.8160981650660801,0.34602764379435313,8,5,6,0.0,1.0
254,historical,151.94785290101098,83.89982565934517,35.57373393347785,2,3,2,4.0,9.0
254,rule_based,190.26135402146681,45.58632453888933,19.328714540314316,4,4,2,3.0,7.0
255,oracle,235.84767856035614,0.0,0.0,8,6,5,0.0,1.0
255,causal,235.84767856035614,0.0,0.0,8,6,5,0.0,1.0
255,causal_lcb,235.84767856035614,0.0,0.0,8,6,5,0.0,1.0
255,historical,151.94785290101098,83.89982565934517,35.57373393347785,2,3,2,4.0,9.0
255,rule_based,190.26135402146681,45.58632453888933,19.328714540314316,4,4,2,3.0,7.0
256,oracle,235.84767856035614,0.0,0.0,8,6,5,0.0,1.0
256,causal,234.21985565950604,1.6278229008501057,0.6902009427383561,8,7,4,0.0,1.0
256,causal_lcb,234.21985565950604,1.6278229008501057,0.6902009427383561,8,7,4,0.0,1.0
256,historical,151.94785290101098,83.89982565934517,35.57373393347785,2,3,2,4.0,9.0
256,rule_based,190.26135402146681,45.58632453888933,19.328714540314316,4,4,2,3.0,7.0
257,oracle,235.84767856035614,0.0,0.0,8,6,5,0.0,1.0
257,causal,235.03158039529006,0.8160981650660801,0.34602764379435313,8,5,6,0.0,1.0
257,causal_lcb,235.03158039529006,0.8160981650660801,0.34602764379435313,8,5,6,0.0,1.0
257,historical,151.94785290101098,83.89982565934517,35.57373393347785,2,3,2,4.0,9.0
257,rule_based,190.26135402146681,45.58632453888933,19.328714540314316,4,4,2,3.0,7.0
258,oracle,235.84767856035614,0.0,0.0,8,6,5,0.0,1.0
258,causal,235.84767856035614,0.0,0.0,8,6,5,0.0,1.0
258,causal_lcb,235.84767856035614,0.0,0.0,8,6,5,0.0,1.0
258,historical,151.94785290101098,83.89982565934517,35.57373393347785,2,3,2,4.0,9.0
258,rule_based,190.26135402146681,45.58632453888933,19.328714540314316,4,4,2,3.0,7.0
259,oracle,235.84767856035614,0.0,0.0,8,6,5,0.0,1.0
259,causal,235.84767856035614,0.0,0.0,8,6,5,0.0,1.0
259,causal_lcb,235.84767856035614,0.0,0.0,8,6,5,0.0,1.0
259,historical,151.94785290101098,83.89982565934517,35.57373393347785,2,3,2,4.0,9.0
259,rule_based,190.26135402146681,45.58632453888933,19.328714540314316,4,4,2,3.0,7.0
260,oracle,235.84767856035614,0.0,0.0,8,6,5,0.0,1.0
260,causal,234.53782962843798,1.309848931918168,0.5553791921606566,7,5,6,0.0,2.0
260,causal_lcb,234.53782962843798,1.309848931918168,0.5553791921606566,7,5,6,0.0,2.0
260,historical,151.94785290101098,83.89982565934517,35.57373393347785,2,3,2,4.0,9.0
260,rule_based,190.26135402146681,45.58632453888933,19.328714540314316,4,4,2,3.0,7.0
261,oracle,235.84767856035614,0.0,0.0,8,6,5,0.0,1.0
261,causal,233.95510032902587,1.8925782313302761,0.8024578587683421,6,7,6,0.0,1.0
261,causal_lcb,233.95510032902587,1.8925782313302761,0.8024578587683421,6,7,6,0.0,1.0
261,historical,151.94785290101098,83.89982565934517,35.57373393347785,2,3,2,4.0,9.0
261,rule_based,190.26135402146681,45.58632453888933,19.328714540314316,4,4,2,3.0,7.0
262,oracle,235.84767856035614,0.0,0.0,8,6,5,0.0,1.0
262,causal,235.35392779350406,0.49375076685208796,0.20935154836630349,7,6,5,0.0,2.0
262,causal_lcb,235.35392779350406,0.49375076685208796,0.20935154836630349,7,6,5,0.0,2.0
262,historical,151.94785290101098,83.89982565934517,35.57373393347785,2,3,2,4.0,9.0
262,rule_based,190.26135402146681,45.58632453888933,19.328714540314316,4,4,2,3.0,7.0
263,oracle,235.84767856035614,0.0,0.0,8,6,5,0.0,1.0
263,causal,234.0153107999771,1.832367760379043,0.7769284699192487,6,6,6,0.0,2.0
263,causal_lcb,234.0153107999771,1.832367760379043,0.7769284699192487,6,6,6,0.0,2.0
263,historical,151.94785290101098,83.89982565934517,35.57373393347785,2,3,2,4.0,9.0
263,rule_based,190.26135402146681,45.58632453888933,19.328714540314316,4,4,2,3.0,7.0
264,oracle,235.84767856035614,0.0,0.0,8,6,5,0.0,1.0
264,causal,235.29371732255282,0.5539612378033212,0.23488093721539688,7,7,5,0.0,1.0
264,causal_lcb,235.29371732255282,0.5539612378033212,0.23488093721539688,7,7,5,0.0,1.0
264,historical,151.94785290101098,83.89982565934517,35.57373393347785,2,3,2,4.0,9.0
264,rule_based,190.26135402146681,45.58632453888933,19.328714540314316,4,4,2,3.0,7.0
265,oracle,235.84767856035614,0.0,0.0,8,6,5,0.0,1.0
265,causal,235.8415397674334,0.006138792922740777,0.002602863407523339,7,6,6,0.0,1.0
265,causal_lcb,235.8415397674334,0.006138792922740777,0.002602863407523339,7,6,6,0.0,1.0
265,historical,151.94785290101098,83.89982565934517,35.57373393347785,2,3,2,4.0,9.0
265,rule_based,190.26135402146681,45.58632453888933,19.328714540314316,4,4,2,3.0,7.0
266,oracle,235.84767856035614,0.0,0.0,8,6,5,0.0,1.0
266,causal,235.84767856035614,0.0,0.0,8,6,5,0.0,1.0
266,causal_lcb,235.84767856035614,0.0,0.0,8,6,5,0.0,1.0
266,historical,151.94785290101098,83.89982565934517,35.57373393347785,2,3,2,4.0,9.0
266,rule_based,190.26135402146681,45.58632453888933,19.328714540314316,4,4,2,3.0,7.0
267,oracle,235.84767856035614,0.0,0.0,8,6,5,0.0,1.0
267,causal,235.84767856035614,0.0,0.0,8,6,5,0.0,1.0
267,causal_lcb,235.84767856035614,0.0,0.0,8,6,5,0.0,1.0
267,historical,151.94785290101098,83.89982565934517,35.57373393347785,2,3,2,4.0,9.0
267,rule_based,190.26135402146681,45.58632453888933,19.328714540314316,4,4,2,3.0,7.0
268,oracle,235.84767856035614,0.0,0.0,8,6,5,0.0,1.0
268,causal,235.84767856035614,0.0,0.0,8,6,5,0.0,1.0
268,causal_lcb,235.84767856035614,0.0,0.0,8,6,5,0.0,1.0
268,historical,151.94785290101098,83.89982565934517,35.57373393347785,2,3,2,4.0,9.0
268,rule_based,190.26135402146681,45.58632453888933,19.328714540314316,4,4,2,3.0,7.0
269,oracle,235.84767856035614,0.0,0.0,8,6,5,0.0,1.0
269,causal,235.84767856035614,0.0,0.0,8,6,5,0.0,1.0
269,causal_lcb,235.84767856035614,0.0,0.0,8,6,5,0.0,1.0
269,historical,151.94785290101098,83.89982565934517,35.57373393347785,2,3,2,4.0,9.0
269,rule_based,190.26135402146681,45.58632453888933,19.328714540314316,4,4,2,3.0,7.0
270,oracle,235.84767856035614,0.0,0.0,8,6,5,0.0,1.0
270,causal,234.0153107999771,1.832367760379043,0.7769284699192487,6,6,6,0.0,2.0
270,causal_lcb,234.0153107999771,1.832367760379043,0.7769284699192487,6,6,6,0.0,2.0
270,historical,151.94785290101098,83.89982565934517,35.57373393347785,2,3,2,4.0,9.0
270,rule_based,190.26135402146681,45.58632453888933,19.328714540314316,4,4,2,3.0,7.0
271,oracle,235.84767856035614,0.0,0.0,8,6,5,0.0,1.0
271,causal,232.64203516176116,3.2056433985949866,1.3592007426838528,7,8,5,0.0,0.0
271,causal_lcb,232.64203516176116,3.2056433985949866,1.3592007426838528,7,8,5,0.0,0.0
271,historical,151.94785290101098,83.89982565934517,35.57373393347785,2,3,2,4.0,9.0
271,rule_based,190.26135402146681,45.58632453888933,19.328714540314316,4,4,2,3.0,7.0
272,oracle,235.84767856035614,0.0,0.0,8,6,5,0.0,1.0
272,causal,235.8415397674334,0.006138792922740777,0.002602863407523339,7,6,6,0.0,1.0
272,causal_lcb,235.8415397674334,0.006138792922740777,0.002602863407523339,7,6,6,0.0,1.0
272,historical,151.94785290101098,83.89982565934517,35.57373393347785,2,3,2,4.0,9.0
272,rule_based,190.26135402146681,45.58632453888933,19.328714540314316,4,4,2,3.0,7.0
273,oracle,235.84767856035614,0.0,0.0,8,6,5,0.0,1.0
273,causal,234.28006613045727,1.5676124298988725,0.6646715538892627,8,6,4,0.0,2.0
273,causal_lcb,234.28006613045727,1.5676124298988725,0.6646715538892627,8,6,4,0.0,2.0
273,historical,151.94785290101098,83.89982565934517,35.57373393347785,2,3,2,4.0,9.0
273,rule_based,190.26135402146681,45.58632453888933,19.328714540314316,4,4,2,3.0,7.0
274,oracle,235.84767856035614,0.0,0.0,8,6,5,0.0,1.0
274,causal,235.8415397674334,0.006138792922740777,0.002602863407523339,7,6,6,0.0,1.0
274,causal_lcb,235.8415397674334,0.006138792922740777,0.002602863407523339,7,6,6,0.0,1.0
274,historical,151.94785290101098,83.89982565934517,35.57373393347785,2,3,2,4.0,9.0
274,rule_based,190.26135402146681,45.58632453888933,19.328714540314316,4,4,2,3.0,7.0
275,oracle,235.84767856035614,0.0,0.0,8,6,5,0.0,1.0
275,causal,234.0153107999771,1.832367760379043,0.7769284699192487,6,6,6,0.0,2.0
275,causal_lcb,234.0153107999771,1.832367760379043,0.7769284699192487,6,6,6,0.0,2.0
275,historical,151.94785290101098,83.89982565934517,35.57373393347785,2,3,2,4.0,9.0
275,rule_based,190.26135402146681,45.58632453888933,19.328714540314316,4,4,2,3.0,7.0
276,oracle,235.84767856035614,0.0,0.0,8,6,5,0.0,1.0
276,causal,235.03158039529006,0.8160981650660801,0.34602764379435313,8,5,6,0.0,1.0
276,causal_lcb,235.03158039529006,0.8160981650660801,0.34602764379435313,8,5,6,0.0,1.0
276,historical,151.94785290101098,83.89982565934517,35.57373393347785,2,3,2,4.0,9.0
276,rule_based,190.26135402146681,45.58632453888933,19.328714540314316,4,4,2,3.0,7.0
277,oracle,235.84767856035614,0.0,0.0,8,6,5,0.0,1.0
277,causal,234.54396842136072,1.3037101389954273,0.5527763287531333,8,5,5,0.0,2.0
277,causal_lcb,234.54396842136072,1.3037101389954273,0.5527763287531333,8,5,5,0.0,2.0
277,historical,151.94785290101098,83.89982565934517,35.57373393347785,2,3,2,4.0,9.0
277,rule_based,190.26135402146681,45.58632453888933,19.328714540314316,4,4,2,3.0,7.0
278,oracle,235.84767856035614,0.0,0.0,8,6,5,0.0,1.0
278,causal,235.84767856035614,0.0,0.0,8,6,5,0.0,1.0
278,causal_lcb,235.84767856035614,0.0,0.0,8,6,5,0.0,1.0
278,historical,151.94785290101098,83.89982565934517,35.57373393347785,2,3,2,4.0,9.0
278,rule_based,190.26135402146681,45.58632453888933,19.328714540314316,4,4,2,3.0,7.0
279,oracle,235.84767856035614,0.0,0.0,8,6,5,0.0,1.0
279,causal,234.050595058544,1.7970835018121534,0.7619678568734604,9,5,5,0.0,1.0
279,causal_lcb,234.050595058544,1.7970835018121534,0.7619678568734604,9,5,5,0.0,1.0
279,historical,151.94785290101098,83.89982565934517,35.57373393347785,2,3,2,4.0,9.0
279,rule_based,190.26135402146681,45.58632453888933,19.328714540314316,4,4,2,3.0,7.0
280,oracle,235.84767856035614,0.0,0.0,8,6,5,0.0,1.0
280,causal,235.8415397674334,0.006138792922740777,0.002602863407523339,7,6,6,0.0,1.0
280,causal_lcb,235.8415397674334,0.006138792922740777,0.002602863407523339,7,6,6,0.0,1.0
280,historical,151.94785290101098,83.89982565934517,35.57373393347785,2,3,2,4.0,9.0
280,rule_based,190.26135402146681,45.58632453888933,19.328714540314316,4,4,2,3.0,7.0
281,oracle,235.84767856035614,0.0,0.0,8,6,5,0.0,1.0
281,causal,235.03158039529006,0.8160981650660801,0.34602764379435313,8,5,6,0.0,1.0
281,causal_lcb,235.03158039529006,0.8160981650660801,0.34602764379435313,8,5,6,0.0,1.0
281,historical,151.94785290101098,83.89982565934517,35.57373393347785,2,3,2,4.0,9.0
281,rule_based,190.26135402146681,45.58632453888933,19.328714540314316,4,4,2,3.0,7.0
282,oracle,235.84767856035614,0.0,0.0,8,6,5,0.0,1.0
282,causal,234.050595058544,1.7970835018121534,0.7619678568734604,9,5,5,0.0,1.0
282,causal_lcb,234.050595058544,1.7970835018121534,0.7619678568734604,9,5,5,0.0,1.0
282,historical,151.94785290101098,83.89982565934517,35.57373393347785,2,3,2,4.0,9.0
282,rule_based,190.26135402146681,45.58632453888933,19.328714540314316,4,4,2,3.0,7.0
283,oracle,235.84767856035614,0.0,0.0,8,6,5,0.0,1.0
283,causal,235.84767856035614,0.0,0.0,8,6,5,0.0,1.0
283,causal_lcb,235.84767856035614,0.0,0.0,8,6,5,0.0,1.0
283,historical,151.94785290101098,83.89982565934517,35.57373393347785,2,3,2,4.0,9.0
283,rule_based,190.26135402146681,45.58632453888933,19.328714540314316,4,4,2,3.0,7.0
284,oracle,235.84767856035614,0.0,0.0,8,6,5,0.0,1.0
284,causal,235.03158039529006,0.8160981650660801,0.34602764379435313,8,5,6,0.0,1.0
284,causal_lcb,235.03158039529006,0.8160981650660801,0.34602764379435313,8,5,6,0.0,1.0
284,historical,151.94785290101098,83.89982565934517,35.57373393347785,2,3,2,4.0,9.0
284,rule_based,190.26135402146681,45.58632453888933,19.328714540314316,4,4,2,3.0,7.0
285,oracle,235.84767856035614,0.0,0.0,8,6,5,0.0,1.0
285,causal,235.35392779350406,0.49375076685208796,0.20935154836630349,7,6,5,0.0,2.0
285,causal_lcb,235.35392779350406,0.49375076685208796,0.20935154836630349,7,6,5,0.0,2.0
285,historical,151.94785290101098,83.89982565934517,35.57373393347785,2,3,2,4.0,9.0
285,rule_based,190.26135402146681,45.58632453888933,19.328714540314316,4,4,2,3.0,7.0
286,oracle,235.84767856035614,0.0,0.0,8,6,5,0.0,1.0
286,causal,235.84767856035614,0.0,0.0,8,6,5,0.0,1.0
286,causal_lcb,235.84767856035614,0.0,0.0,8,6,5,0.0,1.0
286,historical,151.94785290101098,83.89982565934517,35.57373393347785,2,3,2,4.0,9.0
286,rule_based,190.26135402146681,45.58632453888933,19.328714540314316,4,4,2,3.0,7.0
287,oracle,235.84767856035614,0.0,0.0,8,6,5,0.0,1.0
287,causal,235.8415397674334,0.006138792922740777,0.002602863407523339,7,6,6,0.0,1.0
287,causal_lcb,235.8415397674334,0.006138792922740777,0.002602863407523339,7,6,6,0.0,1.0
287,historical,151.94785290101098,83.89982565934517,35.57373393347785,2,3,2,4.0,9.0
287,rule_based,190.26135402146681,45.58632453888933,19.328714540314316,4,4,2,3.0,7.0
288,oracle,235.84767856035614,0.0,0.0,8,6,5,0.0,1.0
288,causal,235.8415397674334,0.006138792922740777,0.002602863407523339,7,6,6,0.0,1.0
288,causal_lcb,235.8415397674334,0.006138792922740777,0.002602863407523339,7,6,6,0.0,1.0
288,historical,151.94785290101098,83.89982565934517,35.57373393347785,2,3,2,4.0,9.0
288,rule_based,190.26135402146681,45.58632453888933,19.328714540314316,4,4,2,3.0,7.0
289,oracle,235.84767856035614,0.0,0.0,8,6,5,0.0,1.0
289,causal,235.8415397674334,0.006138792922740777,0.002602863407523339,7,6,6,0.0,1.0
289,causal_lcb,235.8415397674334,0.006138792922740777,0.002602863407523339,7,6,6,0.0,1.0
289,historical,151.94785290101098,83.89982565934517,35.57373393347785,2,3,2,4.0,9.0
289,rule_based,190.26135402146681,45.58632453888933,19.328714540314316,4,4,2,3.0,7.0
290,oracle,235.84767856035614,0.0,0.0,8,6,5,0.0,1.0
290,causal,235.8415397674334,0.006138792922740777,0.002602863407523339,7,6,6,0.0,1.0
290,causal_lcb,235.8415397674334,0.006138792922740777,0.002602863407523339,7,6,6,0.0,1.0
290,historical,151.94785290101098,83.89982565934517,35.57373393347785,2,3,2,4.0,9.0
290,rule_based,190.26135402146681,45.58632453888933,19.328714540314316,4,4,2,3.0,7.0
291,oracle,235.84767856035614,0.0,0.0,8,6,5,0.0,1.0
291,causal,234.21985565950604,1.6278229008501057,0.6902009427383561,8,7,4,0.0,1.0
291,causal_lcb,234.21985565950604,1.6278229008501057,0.6902009427383561,8,7,4,0.0,1.0
291,historical,151.94785290101098,83.89982565934517,35.57373393347785,2,3,2,4.0,9.0
291,rule_based,190.26135402146681,45.58632453888933,19.328714540314316,4,4,2,3.0,7.0
292,oracle,235.84767856035614,0.0,0.0,8,6,5,0.0,1.0
292,causal,235.84767856035614,0.0,0.0,8,6,5,0.0,1.0
292,causal_lcb,235.84767856035614,0.0,0.0,8,6,5,0.0,1.0
292,historical,151.94785290101098,83.89982565934517,35.57373393347785,2,3,2,4.0,9.0
292,rule_based,190.26135402146681,45.58632453888933,19.328714540314316,4,4,2,3.0,7.0
293,oracle,235.84767856035614,0.0,0.0,8,6,5,0.0,1.0
293,causal,235.03158039529006,0.8160981650660801,0.34602764379435313,8,5,6,0.0,1.0
293,causal_lcb,235.03158039529006,0.8160981650660801,0.34602764379435313,8,5,6,0.0,1.0
293,historical,151.94785290101098,83.89982565934517,35.57373393347785,2,3,2,4.0,9.0
293,rule_based,190.26135402146681,45.58632453888933,19.328714540314316,4,4,2,3.0,7.0
294,oracle,235.84767856035614,0.0,0.0,8,6,5,0.0,1.0
294,causal,235.03158039529006,0.8160981650660801,0.34602764379435313,8,5,6,0.0,1.0
294,causal_lcb,235.03158039529006,0.8160981650660801,0.34602764379435313,8,5,6,0.0,1.0
294,historical,151.94785290101098,83.89982565934517,35.57373393347785,2,3,2,4.0,9.0
294,rule_based,190.26135402146681,45.58632453888933,19.328714540314316,4,4,2,3.0,7.0
295,oracle,235.84767856035614,0.0,0.0,8,6,5,0.0,1.0
295,causal,235.8415397674334,0.006138792922740777,0.002602863407523339,7,6,6,0.0,1.0
295,causal_lcb,235.8415397674334,0.006138792922740777,0.002602863407523339,7,6,6,0.0,1.0
295,historical,151.94785290101098,83.89982565934517,35.57373393347785,2,3,2,4.0,9.0
295,rule_based,190.26135402146681,45.58632453888933,19.328714540314316,4,4,2,3.0,7.0
296,oracle,235.84767856035614,0.0,0.0,8,6,5,0.0,1.0
296,causal,235.84767856035614,0.0,0.0,8,6,5,0.0,1.0
296,causal_lcb,235.84767856035614,0.0,0.0,8,6,5,0.0,1.0
296,historical,151.94785290101098,83.89982565934517,35.57373393347785,2,3,2,4.0,9.0
296,rule_based,190.26135402146681,45.58632453888933,19.328714540314316,4,4,2,3.0,7.0
297,oracle,235.84767856035614,0.0,0.0,8,6,5,0.0,1.0
297,causal,235.84767856035614,0.0,0.0,8,6,5,0.0,1.0
297,causal_lcb,235.84767856035614,0.0,0.0,8,6,5,0.0,1.0
297,historical,151.94785290101098,83.89982565934517,35.57373393347785,2,3,2,4.0,9.0
297,rule_based,190.26135402146681,45.58632453888933,19.328714540314316,4,4,2,3.0,7.0
298,oracle,235.84767856035614,0.0,0.0,8,6,5,0.0,1.0
298,causal,233.95510032902587,1.8925782313302761,0.8024578587683421,6,7,6,0.0,1.0
298,causal_lcb,233.95510032902587,1.8925782313302761,0.8024578587683421,6,7,6,0.0,1.0
298,historical,151.94785290101098,83.89982565934517,35.57373393347785,2,3,2,4.0,9.0
298,rule_based,190.26135402146681,45.58632453888933,19.328714540314316,4,4,2,3.0,7.0
299,oracle,235.84767856035614,0.0,0.0,8,6,5,0.0,1.0
299,causal,234.15713500871573,1.6905435516404168,0.7167946540579526,8,7,5,0.0,0.0
299,causal_lcb,234.15713500871573,1.6905435516404168,0.7167946540579526,8,7,5,0.0,0.0
299,historical,151.94785290101098,83.89982565934517,35.57373393347785,2,3,2,4.0,9.0
299,rule_based,190.26135402146681,45.58632453888933,19.328714540314316,4,4,2,3.0,7.0
